Starting Postgres on 127.0.0.1:5471 ...
Ready:   PostgreSQL 18.3

(node:7516) [DEP0190] DeprecationWarning: Passing args to a child process with shell option true can lead to security vulnerabilities, as the arguments are not escaped, only concatenated.
(Use `node --trace-deprecation ...` to show where the warning was created)
PASS [memory] 0.store · the store is NAMED and the world agrees (memory) — onPostgres=false

[memory] §1 · the audience, decided on the STORED role, through the gate
PASS [memory] 1.341 · only ADMIN is in the desk's audience — with a live `ops` view grant written for SUPPORT first — {"ADMIN":true,"COMPLIANCE":false,"MODERATOR":false,"FINANCE":false,"GROWTH":false,"AUDITOR":false,"SUPPORT":false,"PLAYER":false,"AGENT":false}
PASS [memory] 1.341 · …and SUPPORT really did hold the `ops` view grant while that was measured
PASS [memory] 1.341 · the record route inherits the verdict — true for ADMIN, false for a granted SUPPORT — {"deep":true,"deepSupport":false}
PASS [memory] 1.341 · a missing account is not in the audience (fail closed)
PASS [memory] 1.341 · a null viewer is not in the audience
PASS [memory] 1.341.c1 · the gate's OWN prefix belt answers for the section and everything under it, and for nothing else — /admin/desk
PASS [memory] 1.341 · …and the belt is consulted BEFORE `isOwnerOnlyPath` and before `canView`, so losing the roles.ts entry cannot widen it
PASS [memory] 1.341 · both belts really are in place today — the roles.ts entry AND the gate's own prefix
PASS [memory] 1.341 · teardown · the `ops` grant is back to its default
PASS [memory] 1.300 · the reader refuses a PLAYER with `null` and performs ZERO store calls — the verdict comes before the reads — {"refused":null,"calls":0}
PASS [memory] 1.300 · …and for the Owner it performs its reads and returns a view model — {"got":true,"calls":3}

[memory] §2 · the strip, the band, the roster and every failure
PASS [memory] 1.306 · `REQUIRED_FOR_MASTER_ON` is the list the count is derived over, and it is longer than the six money globals — 8: gCapDailyStakeTzs,gCapDailyLossTzs,gCapOpenExposureTzs,gCapPerMarketTzs,gMaxBetsPerMinute,gMaxBetsPerDay,gCounterPerPlayerPerDay,gCounterPerPlayerTzsPerDay
PASS [memory] 1.306 · with every required limit unset the strip counts 8 — {"got":8,"want":8}
PASS [memory] 1.306 · with ONLY the two counterparty limits unset it counts 2, not nothing — {"got":2}
PASS [memory] 1.306 · with exactly two required limits unset it counts 2 — {"got":2}
PASS [memory] 1.306 · 432(m) · with two required limits unset and the switch OFF the strip says so in words — the LINKED form, and the plain form without its arrow — {"linked":"Set 2 global limits first →","plain":"Set 2 global limits first"}
PASS [memory] 1.306 · ONE unset required limit is singular — `limit`, not `limits` — and the sentence is built from the count, not typed twice — {"got":"Set 1 global limit first →"}
PASS [memory] 1.306 · with every required limit unset the sentence counts 8, read from REQUIRED_FOR_MASTER_ON and never typed — {"got":"Set 8 global limits first →"}
PASS [memory] 1.306 · 432(m) · with the switch ON the sentence is NOT painted, though the limit is still unset — the strip never gives two opposite instructions — {"on":true,"unsetRequired":1,"reason":null}
PASS [memory] 1.306 · CONTROL · …and the badge's number survives that, so the two are not the same decision — {"sentence":"On since 10 Oct 04:42:39 EAT · switched by usr_hb_officer · reason: test"}
PASS [memory] 1.474 · exactly THREE operator-typed values are exempted from 453, each NAMED with where it paints and the bound it paints under — [{"value":"label","where":"the Account column's first line","maxCodePoints":32},{"value":"switchedReason","where":"the ON sentence's reason tail","maxCodePoints":120},{"value":"marketTitle","where":"the Activity row's Game cell and the Targets grid's Poll cell
PASS [memory] 1.474 · the clamp cuts at CODE POINTS, keeps the text verbatim up to the bound, and its ellipsis is inside it — {"short":"abc…","astral":"😀😀😀…"}
PASS [memory] 1.474 · a 300-code-point switch reason is BOUNDED at the render site — verbatim up to the bound, never censored, never the whole 300 — {"painted":120,"bound":120,"stored":300}
PASS [memory] 1.474 · both exemptions are CLAMPED at their own render site, with the bound read from the named list rather than typed there — {"sites":7}
PASS [memory] 1.304 · all three money limits NULL renders three 'Not set' tiles whose text carries no TZS — [{"label":"Stake today","value":"Not set","delta":"nothing can be staked until this limit is set"},{"label":"Loss today","value":"Not set","delta":"nothing can be staked until this limit is set"},{"label":"Open exposure","value":"Not set","delta":"nothing can 
PASS [memory] 1.304 · …and each names the CONSEQUENCE, never a used amount beside no limit and never an arrow to nowhere — ["nothing can be staked until this limit is set","nothing can be staked until this limit is set","nothing can be staked until this limit is set"]
PASS [memory] 1.303 · four tiles, in order, labelled as the neutral lexicon requires — ["Stake today","Loss today","Open exposure","Accounts"]
PASS [memory] 1.404 · no delta carries a currency-prefixed amount, and no tile carries two amounts — [{"label":"Stake today","value":"TZS 0","delta":"0% of daily stake limit"},{"label":"Loss today","value":"TZS 0","delta":"0% of daily loss limit (projected)"},{"label":"Open exposure","value":"TZS 0","delta":"0% of open exposure limit"},{"label":"Accounts","va
PASS [memory] 1.303 · the band's text contains no net, no lifetime and no bare balance — [{"label":"Stake today","value":"TZS 0","delta":"0% of daily stake limit"},{"label":"Loss today","value":"TZS 0","delta":"0% of daily loss limit (projected)"},{"label":"Open exposure","value":"TZS 0","delta":"0% of open exposure limit"},{"label":"Accounts","va
PASS [memory] 1.346 · exactly ONE `listNonRemoved` and ZERO `countLive` per render — two reads of one question can disagree inside a render — {"list":1,"live":0,"day":1,"exposure":1,"wallet":0,"user":1}
PASS [memory] 1.347 · exactly ONE day read and ONE exposure read per render — {"list":1,"live":0,"day":1,"exposure":1,"wallet":0,"user":1}
PASS [memory] 1.356 · ZERO wallet reads — the roster paints no balance and no floor state, so it reads none — {"list":1,"live":0,"day":1,"exposure":1,"wallet":0,"user":1}
PASS [memory] 1.346 / 1.356 · CONTROL · the render itself fired a `db.user` read through the very object the wallet spy watches — so `wallet === 0` is a measurement on the module under test, not an unreached patch — {"list":1,"live":0,"day":1,"exposure":1,"wallet":0,"user":1}
PASS [memory] 1.346 · CONTROL · the `countLive` spy CAN fire through the same handle the render reads, so its zero above is a measurement — {"list":1,"live":1,"day":1,"exposure":1,"wallet":0,"user":1}
PASS [memory] 1.310 · the roster holds every non-REMOVED account and the REMOVED one is ABSENT — [["hb_14372_11","Active"],["hb_14372_13","Paused"],["hb_14372_15","Auto-paused"]]
PASS [memory] 1.310 · …oldest first — the rendered order is non-decreasing in the stored `designatedAt`, the only order both twins define — {"ids":["hb_14372_11","hb_14372_13","hb_14372_15"],"stamps":[1791596559745,1791596559747,1791596559749]}
PASS [memory] 1.310 · CONTROL · the fixture's three instants are not all equal, so the order above has something to decide — [1791596559745,1791596559747,1791596559749]
PASS [memory] 1.310 · the three statuses render the ONE display map's word and chip, never a word typed beside a chip — [["Active","success"],["Paused","warning"],["Auto-paused","claret"]]
PASS [memory] 1.310 · no row carries a net or a bare balance, and each holder is a handle, never a name or a phone — ["Player #372_10","Player #372_12","Player #372_14"]
PASS [memory] 1.310 / 432(h) · EVERY row carries an `href` exactly when the detail page exists — today not one of them does — {"detailPage":true,"hrefs":3}
PASS [memory] 1.310 · 416 · a rule set the reader cannot parse renders ONE sentence-cased unknown, the way every other failure string on this page reads — [["Couldn't read"],["None"],["None"]]
PASS [memory] 1.310 · 416 · CONTROL · the plant really did reach the parser — the other two rows still name their products, so the cell above is the parse failure and not an empty roster — [["Couldn't read"],["None"],["None"]]
PASS [memory] 1.310 · an account with NO stakes today reads used TZS 0 of its limit — a documented zero, not a failure — {"id":"hb_14372_11","label":"Bot 11","handle":"Player #372_10","statusWord":"Active","statusChip":"success","lossCell":{"text":"used TZS 0 of TZS 50,000","used":"used TZS 0","limit":"of TZS 50,000","money":true,"halves":[{"word":"used","figure":"TZS 0","suffix
PASS [memory] 1.409 · each usage half carries its connective WORD apart from its FIGURE, and the halves rebuild `text` exactly — {"text":"used TZS 0 of TZS 50,000","used":"used TZS 0","limit":"of TZS 50,000","money":true,"halves":[{"word":"used","figure":"TZS 0","suffix":""},{"word":"of","figure":"TZS 50,000","suffix":""}],"edgeText":""}
PASS [memory] 1.409 · a COUNT usage is not money: its halves carry the noun as a WORD and the cell is not marked money — {"text":"used 0 of 200 bets","used":"used 0","limit":"of 200 bets","money":false,"halves":[{"word":"used","figure":"0","suffix":""},{"word":"of","figure":"200","suffix":" bets"}],"edgeText":""}
PASS [memory] 1.310 · an account whose loss limit is UNSET reads 'Not set', never a bar at zero, and hands the page NO figure to paint — {"id":"hb_14372_13","label":"Bot 13","handle":"Player #372_12","statusWord":"Paused","statusChip":"warning","lossCell":{"text":"Not set","used":"Not set","limit":null,"money":true,"halves":[],"edgeText":""},"exposureCell":{"text":"used TZS 0 of TZS 300,000","u
PASS [memory] 1.361 · every usage cell matches the one fixed grammar — lower-case 'used', no percentage, no 'remaining', no arrow — ["used TZS 0 of TZS 50,000","used TZS 0 of TZS 300,000","used 0 of 200 bets","used TZS 0 of TZS 300,000","used TZS 0 of TZS 50,000","used TZS 0 of TZS 300,000","used 0 of 200 bets"]
PASS [memory] 1.347 · a rendered account's own cells are ITS figures, in 361's grammar, painted from the day and exposure reads — ["used TZS 12,000 of TZS 300,000","used TZS 29,000 of TZS 50,000","used 3 of 200 bets"]
PASS [memory] 1.347 · the REMOVED account is still absent from the table — ["hb_14372_11","hb_14372_13","hb_14372_15"]
PASS [memory] 1.347 · 432(l) · the band measures the GATE's population — every bot in the day and exposure maps, the REMOVED one included — {"stake":"TZS 49K","loss":"TZS 38K","exposure":"TZS 21K","want":["TZS 49K","TZS 38K","TZS 21K"]}
PASS [memory] 1.347 · …and each of the three is STRICTLY MORE than the roster-only sum, which is the defect this case exists for — {"rosterOnly":["TZS 40K","TZS 29K","TZS 12K"]}
PASS [memory] 1.404 · the delta is the FLOORED proportion of its OWN GLOBAL cap, named, with no second amount — {"label":"Open exposure","value":"TZS 21K","delta":"99% of open exposure limit"}
PASS [memory] 1.404 · CONTROL · this fixture DISCRIMINATES floor from round — 21,000 of 21,001 floors to 99% and rounds to 100%, so a rounding reader cannot pass the case above — "99% of open exposure limit"
PASS [memory] 1.314 · at the configured maximum the reason is `DESIGNATE_COPY.rosterFull(n, max)`, character for character — {"got":"The roster is full (3 of 3). Remove an account or raise the roster limit on Limits →","want":"The roster is full (3 of 3). Remove an account or raise the roster limit on Limits →"}
PASS [memory] 1.314 · …and the Accounts tile reads the same pair, from the SAME one read — {"label":"Accounts","value":"3 of 3","delta":"designated and the maximum"}
PASS [memory] 1.314 · below the maximum there is no reason and the action is not disabled — null
PASS [memory] 1.355 · a failed ROSTER read RESOLVES — the reader settles its reads, so one rejection never propagates out of it — {"threw":false}
PASS [memory] 1.355 · a failed ROSTER read is `rows === null` — the page's AdminLoadError — never an empty state and never zero rows — {"rows":null,"empty":null}
PASS [memory] 1.355 · …and the strip still renders its own state, so one failure does not blank the page — "The desk is off. Nothing will be staked."
PASS [memory] 1.355 · a failed ROSTER read blanks the ACCOUNTS tile alone; the three money tiles are still real — [{"label":"Stake today","value":"TZS 0","delta":"0% of daily stake limit"},{"label":"Loss today","value":"TZS 0","delta":"0% of daily loss limit (projected)"},{"label":"Open exposure","value":"TZS 0","delta":"0% of open exposure limit"},{"label":"Accounts","va
PASS [memory] 1.355 · a failed MONEY read renders the kit's `unavailable` tile and the cell '—' — never a fabricated TZS 0 — [{"label":"Stake today","value":"n/a","unavailable":true},{"label":"Loss today","value":"n/a","unavailable":true},{"label":"Open exposure","value":"TZS 0","delta":"0% of open exposure limit"},{"label":"Accounts","value":"3 of 5","delta":"designated and the max
PASS [memory] 1.355 · …and the roster still renders its rows: one tile's failure suppresses neither the others nor the table — 3
PASS [memory] 1.355 · …and that failed money read RESOLVED too — {"threw":false}
PASS [memory] 1.355 · a failed EXPOSURE read blanks the exposure tile ALONE and renders every exposure cell '—' — never a fabricated zero — {"tiles":[["Stake today",false],["Loss today",false],["Open exposure",true],["Accounts",false]],"cell":{"text":"—","used":"—","limit":null,"money":false,"halves":[],"edgeText":""}}
PASS [memory] 1.355.c1 · CONTROL · with no rejection the same tiles carry real figures and no `unavailable` — ["TZS 0","TZS 0","TZS 0","3 of 5"]
PASS [memory] 1.421 · a `HouseSchemaNotReady` renders the schema STATE: no tile at all, no switch, NO ROSTER ROW, and an empty state naming that cause — {"tiles":0,"on":null,"rows":0,"empty":{"title":"No roster","body":"The desk's tables are not on this database — see the notice above."}}
PASS [memory] 1.421 · 432(n) · the schema state's empty box says what the TABLE is and points at the notice — it does not restate the cause — {"title":"No roster","body":"The desk's tables are not on this database — see the notice above."}
PASS [memory] 1.421 · a GENERIC control failure is NOT collapsed into the schema state — {"schemaMissing":false,"controlUnreadable":true}
PASS [memory] 1.421 · …and it says NOTHING about whether the desk is on — never the OFF sentence, never a chip, never a Toggle — {"sentence":"The desk's own state could not be read, so nothing here says whether it is on.","on":null,"chip":null}
PASS [memory] 1.421 · …and the band is FOUR `unavailable` tiles, never suppressed — a failed figure is the kit's own state, not an absent card — [{"label":"Stake today","value":"n/a","unavailable":true},{"label":"Loss today","value":"n/a","unavailable":true},{"label":"Open exposure","value":"n/a","unavailable":true},{"label":"Accounts","value":"n/a","unavailable":true}]
PASS [memory] 1.421 · …and the roster it CAN read is still rendered, with no fabricated figure in it — 3
PASS [memory] 1.306 · the OFF sentence is the one fixed sentence, whatever the cause — "The desk is off. Nothing will be staked."
PASS [memory] 1.306 · the ON sentence names the DAY and the time, and the ACTOR BY ID — never a display name, a phone or an email (ruling 420) — "On since 10 Oct 04:42:39 EAT · switched by usr_hb_officer · reason: test"
PASS [memory] 1.306 · 432(p) · a list never breaks onto a dangling separator — the no-break space is AFTER every '·', so the dot belongs to the word that FOLLOWS it — "On since 10 Oct 04:42:39 EAT · switched by usr_hb_officer · reason: test"
PASS [memory] 1.306 · 432(p) · CONTROL · the same test REJECTS the no-break space on the wrong side, and rejects a plain space on both sides
PASS [memory] 1.308 · an AUTO-off cause is carried to the page so its own Callout renders — {"offCause":"GLOBAL_LOSS_STOP"}
PASS [memory] 1.308 · a MANUAL off carries NO cause — an officer who switched it off does not need to be told why by a Callout — {"offCause":null}
PASS [memory] 1.308 · a STALE cause left on the row while the switch is ON renders none — the switch's state decides, not the column — {"offCause":null,"on":true}
PASS [memory] 1.308 · 'ENGINE_FAULT' reaches the page as its own cause — {"got":"ENGINE_FAULT"}
PASS [memory] 1.308 · 'ENGINE_ERRORS' reaches the page as its own cause — {"got":"ENGINE_ERRORS"}
PASS [memory] 1.308 · 'SUNSET' reaches the page as its own cause — {"got":"SUNSET"}
PASS [memory] 1.420 · 432(k) · with no recorded actor the ON sentence reads 'switched by System' and carries no house word — "On since 10 Oct 04:42:39 EAT · switched by System · reason: test"
PASS [memory] 432(m) · a SUNSET desk at its maximum offers NO roster-full remedy, and the head still carries a reason — {"reason":null,"action":"The desk has been withdrawn, so no account can be designated."}
PASS [memory] 432(m) · CONTROL · the same roster at the same maximum with an ordinary off cause DOES carry the remedy — "The roster is full (3 of 3). Remove an account or raise the roster limit on Limits →"
PASS [memory] 432(j) · 432(n) · a DISABLED master switch carries exactly one reason beside it — its own or the limits sentence, never both and never neither — and an OPERABLE one carries none — [["off · ready","ON",0],["off · withdrawn","disabled",1],["off · a required limit unset","disabled",1],["on","OFF",0]]
PASS [memory] 432(j) · 432(n) · ⭐ THE HEAD ACTION OBEYS THE SAME RULE NOW THAT IT WORKS — a LIVE link carries no sentence, and a disabled one carries exactly one — [["off · ready",false,1],["off · withdrawn",false,1],["off · a required limit unset",true,0],["on",true,0]]
PASS [memory] 432(j) · CONTROL · the four states really are four different answers — two operable in opposite directions, one disabled with its own sentence and one disabled with the limits sentence — so the rule above was exercised and not satisfied by an empty population — {"plain":"ON","on":"OFF","sunset":"The desk has been withdrawn. It cannot be switched on again.","unset":"Set 1 global limit first →"}
PASS [memory] 1.454 · the typed word is SWITCH ON — it names the ACT, not the feature — and it is the SERVER's, handed to the dialog as a prop — {"WORD":"SWITCH ON","dialog":"SWITCH ON"}
PASS [memory] 1.454 · …and the draft's feature-shaped confirmation phrase is struck everywhere under the section and in the gate module — which matters precisely because it is not a needle any guard can see — {"hits":[],"scanned":22}
PASS [memory] 1.454 · CONTROL · the same scan FINDS the phrase when it is planted in a copy of a real section file, so the zero above is a measurement and not an unreached walk
PASS [memory] 1.415 · the way OFF takes NO typed word and the way ON does — a stop is the SAFE direction, and ceremony in front of it is money still moving — {"off":null,"on":"SWITCH ON"}
PASS [memory] 1.415 · both directions still require a reason, with ONE pair of bounds shared by the field, its live count and the server's own refusal — {"MIN":5,"MAX":300}
PASS [memory] 1.415 · 454 · the confirm arms only on a reason of the required length AND the word typed EXACTLY — never case-folded, because 'switch on' must not arm a control that exists so it cannot be armed by habit
PASS [memory] 1.454 · the SERVER refuses a word that only looks right, and a reason outside the bounds — the dialog's own arming is a courtesy, not the gate — {"wrongWord":"Type SWITCH ON exactly, in capitals, to confirm.","short":"Say why, in 5 characters or more. It is kept with the change.","long":"Keep the reason under 300 characters."}
PASS [memory] 1.454 · CONTROL · the desk is still OFF after all three refusals — a refusal that wrote something would be the worst possible pass here
PASS [memory] 1.415 · 300 · a signed-in PLAYER's ceremony is refused, and the refusal names no state, no count and no figure — {"ok":false,"error":"You can't change the desk's master switch."}
PASS [memory] 1.306 · 454 · with a required limit unset the ceremony is REFUSED by the server, with the SAME derived count the strip paints — and the desk stays off — {"error":"Set 1 global limit first. Until every required limit is set, nothing can be staked.","unsetRequired":1,"dialog":null}
[audit] COMPLIANCE house_bot.switch_on usr_hb_officer HouseBotControl#global
PASS [memory] 1.415 · ⭐ THE CEREMONY MOVES THE SWITCH: the desk goes ON, the officer's own id and reason are on the row, and the off cause is cleared — {"ok":true,"changed":true,"by":"usr_hb_officer","reason":"weekend cover","offCause":null}
PASS [memory] 1.415 · …and the scope starts with it (04 A11, ruling 92) — a switch-on that left scope NULL would put every stake out of scope, and one that left an old instant would replay history
PASS [memory] 1.415 · a second ON changes NOTHING and says so — one ON, one event, one alert, whichever officer landed second — {"changed":false,"note":"The desk was already on. Nothing changed."}
PASS [memory] 1.415 · 547 · with the desk switched ON through the CEREMONY, no usage caption and no limits row says the master switch cannot be turned on — the state ruling 547 was written about, reached through the console for the first time — {"on":true,"captions":["Not set — nothing can be staked until this limit is set.","Not set — nothing can be staked until this limit is set.","Not set — targeted and manual stakes cannot be placed."]}
[audit] COMPLIANCE house_bot.switch_off system_house_bot HouseBotControl#global
PASS [memory] 1.415 · ⭐ THE KILL SWITCH STOPS THE DESK: off, with the officer's id and reason on the row and the MANUAL cause recorded — {"ok":true,"changed":true,"offCause":"MANUAL"}
PASS [memory] 1.415 · 266 · a stop reports what it cancelled as a COUNT or says nothing at all — never an amount, here or anywhere on this section — {"note":null}
PASS [memory] 1.415 · a second OFF changes nothing and says so — and it is never refused, because a stop that is refused is the one refusal this console must not have — {"ok":true,"on":false,"changed":false,"note":"The desk was already off. Nothing changed.","warn":false}
PASS [memory] 1.415 · 453 · a kill switch whose WRITE FAILED says so in the console's own neutral words, and names the remedy — never the shared sentence, which names the feature three words in — {"ok":false,"error":"The database could not be reached, so the desk was NOT switched off. Try again, or turn on Maintenance mode."}
PASS [memory] 1.415 · 453 · CONTROL · the shared sentence this branch replaced DOES name the feature, so the case above is a comparison with something rather than with nothing — "Could not reach the database. House bots were NOT switched off. Try again, or turn on Maintenance mode."
PASS [memory] 1.415 · 453 · not one word of either ceremony names the feature, and the scan really had both dialogs' whole copy in it — {"scanned":25,"hits":[]}
PASS [memory] 1.415 · 453 · CONTROL · the same scan fires on the kill switch's SHARED copy, which names the feature three times over — which is exactly why the console builds its own sentence from the structured result instead of passing that table through — ["House bots are off. No bot will place a bet.","House bots were already off. No bot will place a bet.","Could not reach the database. House bots were NOT switched off. Try again, or turn on Maintenance mode."]
PASS [memory] 1.353 · 414 · a STALE engine paints the DANGER Callout with `role="alert"`, and its meta says when the planner was last seen — {"caption":null,"noticeKey":"STALE","tone":"danger","alert":true,"meta":"Last seen: 45 s ago","title":"The engine is not running","body":"No account will place a bet while this stands, and nothing already queued will be acted on. The desk is on, so this is not
PASS [memory] 1.353 · …and a live planner with NO poller beat at all paints NOTHING — the idle-engine false alarm PLAN.md:450's OR would have printed on the console's gravest statement — null
PASS [memory] 1.414 · a boot inside the grace is NEUTRAL and does NOT announce — an alert that fires on every deploy trains an officer to ignore the one that matters — {"caption":null,"noticeKey":"BOOTING","tone":"neutral","alert":false,"meta":"04:42:23 EAT","title":"The engine has just started","body":"Its first pass runs within the minute. Nothing is wrong; this notice clears itself."}
PASS [memory] 1.353 · M1 · the engine notice ages the durable beats against the DATABASE's clock: a planner beat that is 5 s old by this container's clock is painted as NOT RUNNING when the database says ten minutes have passed — and the clock really was asked — {"calls":1,"notice":{"caption":null,"noticeKey":"STALE","tone":"danger","alert":true,"meta":"Last seen: 10 min ago","title":"The engine is not running","body":"No account will place a bet while this stands, and nothing already queued will be acted on. The desk
PASS [memory] 1.353 · M1 · CONTROL · the SAME rows with the database agreeing with this container paint NOTHING — so the danger above is the clock and not the rows — null
PASS [memory] 1.353 · M1 · CONTROL · the spy was removed: the store's own `dbClock` is back on the handle the reader calls
PASS [memory] 1.414 · ⭐ 514 · a poller ERROR newer than its own beat is DANGER and announces — the condition A24 exists for, and the one that had no writer at all before this step — {"caption":null,"noticeKey":"POLLER_FAILING","tone":"danger","alert":true,"meta":"04:42:39 EAT","title":"A server cannot take work","body":"It failed 11 times in a row and nothing has succeeded since. Queued stakes may be placed late, or not at all."}
PASS [memory] 1.414 · ⭐ X1 · a live engine whose last pass failed a duty is a WARNING that does not announce, and the duties are named in the console's own words — never as identifiers and never as the database's message — {"caption":null,"noticeKey":"DUTY_FAILED","tone":"warning","alert":false,"meta":"04:42:38 EAT","title":"Part of the last pass did not finish","body":"The engine is running, and these did not complete: the hourly summaries, checking the day's losses against the
PASS [memory] 1.354 · 309 · beats that could NOT be read paint the DANGER Callout with meta 'Last seen: unknown' — never an absent card, and never a healthy band — {"caption":null,"noticeKey":"UNREADABLE","tone":"danger","alert":true,"meta":"Last seen: unknown","title":"The engine could not be read","body":"Nothing here says whether it is running, so nothing here says whether a stake would be placed. Treat the desk as un
PASS [memory] 1.354 · CONTROL · the same render with the read WORKING does not paint that meta, so the sentence above came from the failure and not from every render
PASS [memory] 1.414 · 432(n) · with the desk OFF the engine Callout is not painted at all — the strip one card up already says 'The desk is off. Nothing will be staked.' — null
PASS [memory] 1.309 · exactly ONE beat read per render pass, inside the one settled set — the engine facts are not a second door (435(e)) — {"instanceReads":1}
PASS [memory] 1.414 · X1 · every member of the planner's own `DutyName` union has a neutral phrase, over a population DERIVED from that union rather than typed here — {"duties":15,"missing":[]}
PASS [memory] 1.414 · X1 · CONTROL · the union really was parsed (it names the money duties by their own spellings) and an INVENTED duty falls through to its bare name, which is the window the case above keeps one run long — ["deadline","stale","poison","press"]
PASS [memory] 1.414 · 453 · not one word of any engine Callout names the feature, and the scan had five distinct verdicts' copy in it — {"scanned":15,"hits":[]}
PASS [memory] 1.414 · 453 · CONTROL · the scan really covered five different verdicts, each with its own stable key, so a refresh cannot re-announce a state that has not changed (309)
PASS [memory] 1.548 · not one crumb this console can render paints a record id — the population is every href its ONE route home builds, not a typed list of paths — {"paths":12,"painted":[]}
PASS [memory] 1.548 · …and the id segment renders a NEUTRAL word instead, the way ruling 313 already gives the detail route a ghost title — never a blank, which would read as a broken trail — ["Admin","Desk","Account"]
FAIL [memory] 1.548 · the fix is in the crumb builder's own home, keyed by the SECTION KEY — not a prefix added to `looksLikeId`, which the next prefix would walk straight past — {"hasTable":true}
PASS [memory] 1.548 · CONTROL · a section that does NOT declare its ids maskable still paints them — so the zero above is a masked section and not a crumb builder that has stopped rendering ids at all
PASS [memory] 1.548 · CONTROL · the mask's own population is the ROUTE TABLE: an entry naming a key no route emits is reported, and the real table is not — []
PASS [memory] 1.432f · every sentence `eligibility.ts` can put on a screen is WALKED, and the ones carrying a house word are COUNTED rather than taken from the ruling — which named two — {"dirty":14,"scanned":273}
PASS [memory] 1.432f · CONTROL · the walk really read that module and can say NO — a module SPECIFIER is not copy, its neutral sentences are not counted, and a planted sentence IS — {"all":273,"dirty":14}
PASS [memory] 1.432f · the section renders an eligibility row ⟺ the console's own override for those sentences exists — so C7 step 6 can ship neither half alone — {"sectionNamesEligibility":true,"overrideExists":true,"files":22}
PASS [memory] 1.432f · CONTROL · each detector fires on the REAL gate module and STOPS firing when its own subject's lines are removed from a copy — so the equality above is a measurement, not two unreached scans
PASS [memory] 1.415 · the action row offers exactly the acts this account's CURRENT state allows — Pause only on a running account, Start and Confirm permission only on a stopped one, Remove on anything that is still on the desk — {"live":["PAUSE","REMOVE"],"paused":["START","REVERIFY","REMOVE"],"auto":["START","REVERIFY","REMOVE"]}
PASS [memory] 1.415 · 358 · a REMOVED account gets NO row at all — not a row of dead buttons, which is what a read-only page would otherwise be — []
PASS [memory] 1.415 · 415 · Remove is the ONE act that wears claret and the one that arms on a typed word; everything else is primary and takes no word — [["PAUSE","brand",null],["REMOVE","claret","REMOVE"]]
PASS [memory] 1.415 · 432(j) · an AUTO-PAUSED account whose cause has since cleared carries an honest sentence, and it can be Started right now — a claret chip with nothing under it reads as a broken page — {"note":"It was stopped automatically, and whatever stopped it has since cleared. Nothing is stopping it now — Start it when you are ready.","wayOut":null}
PASS [memory] 1.415 · 432(j) · …and the two are NEVER both painted: a running account has neither, and a state with a LIVE cause carries the way out instead — {"live":[null,null],"removed":null,"paused":"An officer stopped this account. Nothing is stopping it now — Start it when you are ready."}
[audit] ADMIN house_bot.paused usr_hb_officer HouseBot#hb_14372_20
PASS [memory] 1.415 · ⭐ PAUSE STOPS A RUNNING ACCOUNT: PAUSED with the MANUAL reason, written by the officer — never the engine's AUTO_PAUSED, which carries a cause, no actor and a SYSTEM audit — {"ok":true,"changed":true,"status":"PAUSED","reason":"MANUAL"}
PASS [memory] 1.415 · a second Pause changes NOTHING and says so — the write is conditional, so two officers produce one act, one event and one alert — {"ok":true,"changed":false,"note":"This account was not running. Nothing changed.","warn":false}
PASS [memory] 1.415 · 266 · what an act cancelled is reported as a COUNT or not at all — never an amount, here or anywhere on this section — {"a":null,"b":"This account was not running. Nothing changed."}
PASS [memory] 1.415 · 388 · Remove is refused by the SERVER without the typed word and without a reason of the required length — a ceremony verified only in a browser is one a crafted POST walks straight through — {"noWord":"Type REMOVE exactly, in capitals, to confirm.","noReason":"Say why, in 5 characters or more. It is kept with the change."}
[audit] COMPLIANCE house_bot.removed usr_hb_officer HouseBot#hb_14372_22
PASS [memory] 1.415 · ⭐ REMOVE takes the account off the desk, with the officer's id and free text on the row and the MANUAL cause recorded — {"ok":true,"status":"REMOVED","by":"usr_hb_officer","cause":"MANUAL"}
PASS [memory] 1.415 · …and a second Remove changes nothing rather than refusing — an act that already happened is not an error
PASS [memory] 1.415 · 453 · every re-verify refusal is the CONSOLE's own sentence, names the field to fix, and carries no house word — the service's own copy says 'This bot was removed.' and 'the bot is running' — {"wrong":"Something on the holder's own account is stopping this. Open the account to see what.","empty":"Enter the holder's password.","removed":"This account was removed from the desk. Nothing on it can be changed."}
PASS [memory] 1.415 · 453 · CONTROL · the shared sentences those replaced DO name the feature, so the case above is a comparison with something rather than with nothing — {"removed":"This bot was removed.","running":"The bot is running. It pauses itself when the password changes — try again in a moment."}
[audit] SECURITY house_bot.password_rejected usr_hb_officer HouseBot#hb_14372_28
PASS [memory] 1.CA19 · ⛔ a DOUBLE-TAPPED Confirm is ONE attempt against the holder's three — the copy is refused as already sent, and the holder's counter moves by 1 — {"dup":"That was already sent — wait for its answer.","before":0,"after":1,"a":"That password is not right. 2 attempts left before the last two are held for the holder.","b":"That was already sent — wait for its answer."}
[audit] SECURITY house_bot.password_rejected usr_hb_officer HouseBot#hb_14372_30
[audit] SECURITY house_bot.password_rejected usr_hb_officer HouseBot#hb_14372_30
PASS [memory] 1.CA19 · ⭐ POSITIVE CONTROL · two DISTINCT presses are still two attempts, and NEITHER is refused as a duplicate — {"before":0,"after":2,"a":"That password is not right. 2 attempts left before the last two are held for the holder.","b":"That password is not right. 1 attempt left before the last two are held for the holder."}
[audit] SECURITY house_bot.password_rejected usr_hb_officer HouseBot#hb_14372_32
[audit] SECURITY house_bot.password_rejected usr_hb_officer HouseBot#hb_14372_32
PASS [memory] 1.CA19 · ⭐ POSITIVE CONTROL · a caller that sends NO id — or an empty one — is refused nothing: both reach the password check, as this row behaved before — {"before":0,"after":2,"a":"That password is not right. 2 attempts left before the last two are held for the holder.","b":"That password is not right. 1 attempt left before the last two are held for the holder."}
PASS [memory] 1.CA19 · …and the DIALOG mints a fresh nonce per press and spends it on either answer — never one derived from what was typed
[audit] COMPLIANCE house_bot.started usr_hb_officer HouseBot#hb_14372_34
PASS [memory] 1.415 · ⭐ C10 · START moves a stopped account, and when the desk's master switch is OFF the officer is TOLD so rather than left reading a green chip beside a switch that is off — {"ok":true,"changed":true,"note":"It is started, but the desk's master switch is off, so nothing will be staked until the desk is switched on.","warn":true,"status":"ACTIVE"}
PASS [memory] 1.420.unit · the saved-rules card renders a TIME cap with its own unit word — `freqMinGapSec` is stored as 20 and reads "20 seconds", never a bare "20" — {"row":{"section":"Frequency","name":"Min gap","value":"20 seconds","unset":false,"caption":null,"face":"count"}}
PASS [memory] 1.420.unit.c1 · CONTROL · the SAME predicate REPORTS a planted unit-less render — "20", which is exactly what this code produced before the fix — so the assertion above is a measurement and not a filter — {"planted":"20","plantedCarries":false,"fixed":"20 seconds"}
PASS [memory] 1.420.unit.c2 · POSITIVE CONTROL · a COUNT cap in the SAME card is still BARE and must stay so — the label already carries the noun, and "200 count" would be worse than "200". An assertion that demanded a word on every row would have refused this one — {"field":"freqMaxPerHour","row":{"section":"Frequency","name":"Bets per hour","value":"60","unset":false,"caption":null,"face":"count"}}
PASS [memory] 1.420.unit.c3 · the refusal sentence for that same field spells the unit from the SAME source (`unitSuffix`), so the card and the refusal cannot drift to two spellings of one value — {"suffix":" seconds","value":"20 seconds"}
PASS [memory] 1.420.unit.c4 · CONTROL · and it is SINGULAR at one — the refusal built "1 seconds" with an unconditional plural, and a floor of 1 is reachable — {"s1":" second","min1":" minute","s30":" seconds","count":""}
PASS [memory] 1.415 · 453 · a Start the service refuses answers in the CONSOLE's own words, never the service's — {"ok":false,"error":"This account was removed from the desk. Nothing on it can be changed."}
PASS [memory] 1.415 · 453 · every refusal code the four services can answer has the console's OWN sentence, over a population DERIVED from their source unions rather than typed in this case — {"codes":22,"missing":[]}
PASS [memory] 1.415 · 453 · CONTROL · the unions really were parsed — they name the codes this case drove — and an INVENTED code is reported missing, so the zero above is a measurement — ["EMPTY","DUPLICATE_SUBMIT","ACCOUNT_MISSING","BOT_REMOVED","NOTHING_TO_VERIFY","BLOCKED"]
PASS [memory] 1.415 · the confirm arms only when every field the act ASKS FOR is filled — and a field it does not ask for is never a reason to refuse
PASS [memory] 1.415 · 453 · not one word of any act's dialog names the feature, and the scan had all four acts' whole copy in it — {"scanned":64,"hits":[]}
PASS [memory] 1.415 · 300 · a signed-in PLAYER's act is refused, the account does not move, and the refusal names no state and no figure — {"ok":false,"error":"You can't change this account."}
PASS [memory] 1.314 · 432(i) · the PLAIN form of the roster-full sentence is the linked one WITHOUT its tail — an arrow on inert text promises a navigation that resolves back to this page — {"linked":"The roster is full (3 of 3). Remove an account or raise the roster limit on Limits →","plain":"The roster is full (3 of 3). Remove an account or raise the roster limit on Limits"}
PASS [memory] 1.314 · 432(i) · CONTROL · with no roster-full state there is no sentence in either form, so the pair cannot drift apart — {"linked":null,"plain":null}
PASS [memory] 1.310 · with NO account the OFF state's own title wins over 'none yet' — the switch's state beats the count — {"off":{"title":"The desk is off","body":"No account has been designated yet."},"on":{"title":"No accounts yet","body":"Designated accounts appear here, oldest first."}}
PASS [memory] 1.310 · 432(n) · no empty state tells the reader to designate an account or to switch the desk on — ["No account has been designated yet.","Designated accounts appear here, oldest first."]
PASS [memory] 1.310 · 432(n) · and no empty state repeats the strip's own sentence — ["The desk is off. Nothing will be staked.","No account has been designated yet."]
PASS [memory] 1.372 · the usage reader refuses a viewer outside the audience with `null` and performs ZERO store calls — {"refused":null,"calls":0}
PASS [memory] 1.306 · 1.312 · each render pass reads the control row EXACTLY ONCE — the strip's count and the rail's badge can never be two different reads — {"roster":1,"usage":1,"results":1,"sawSpy":3,"sawReal":0}
PASS [memory] 1.306 · CONTROL · IDENTITY · all three reads went through the patched handle itself — not through a second copy of the DAL, and not through a control that called its own patch — {"roster":1,"usage":1,"results":1,"sawSpy":3,"sawReal":0}
PASS [memory] 1.306 · 1.312 · …and all three panels report the SAME derived count, which is the number the badge and the sentence both paint — {"roster":2,"usage":2,"results":2}
PASS [memory] 1.406 · the strip, the auto-off cause and the band are the SAME values on all three panels — one shell, built once — {"roster":"On since 10 Oct 04:42:46 EAT · switched by usr_hb_officer · reason: test","usage":"On since 10 Oct 04:42:46 EAT · switched by usr_hb_officer · reason: test","results":"On since 10 Oct 04:42:46 EAT · switched by usr_hb_officer · reason: test"}
PASS [memory] 1.364 · every member of `REQUIRED_FOR_MASTER_ON` gets the master-switch caption while the desk is OFF, and the list is not empty — []
PASS [memory] 1.364 · every member of `CLEAR_EXEMPT` gets the targeted-and-manual caption — the blanket sentence would be a LIE on a staff-chosen cap — []
PASS [memory] 1.364 · every cap the seam reads UNCONDITIONALLY gets the third caption, and it says `account` — ruling 453 outranks 364's own wording — ["Not set — this account cannot place a bet.","Not set — this account cannot place a bet.","Not set — this account cannot place a bet.","Not set — this account cannot place a bet.","Not set — this account cannot place a bet.","Not set — this account cannot pla
PASS [memory] 1.547 · with the desk ON, a required limit's unset caption states the CONSEQUENCE — never that a switch already on cannot be turned on — ["Not set — nothing can be staked until this limit is set."]
PASS [memory] 1.547 · …and the OFF reading is unchanged, so the split is a BRANCH and not a rewrite — {"on":"Not set — nothing can be staked until this limit is set.","off":"Not set — the master switch cannot be turned on."}
PASS [memory] 1.547 · RENDERED · with the chip reading ON, neither the usage bar nor the limits list says the master switch cannot be turned on — {"on":true,"strip":null,"row":"Not set — nothing can be staked until this limit is set.","bar":"Not set — nothing can be staked until this limit is set."}
PASS [memory] 1.547 · CONTROL · that sentence is the KPI tile's own delta for an unset limit — ONE home, compared on one render, never typed twice — {"caption":"Not set — nothing can be staked until this limit is set.","delta":"nothing can be staked until this limit is set"}
PASS [memory] 1.547 · CONTROL · switched OFF, the very same row says the master switch cannot be turned on — and the strip says it too — {"on":false,"row":"Not set — the master switch cannot be turned on.","strip":"Set 1 global limit first →"}
PASS [memory] 1.364 · CONTROL · the three populations are disjoint and the three captions differ, so the branch order is not what makes the case pass — {"req":8,"exempt":7,"uncond":7}
PASS [memory] 1.364 · CONTROL · the unconditional population is DERIVED from `cap-precheck.ts` — at least seven caps, each really read OUTSIDE `if (f.staffChosen)` — {"derived":["stakeMinTzs","stakeMaxTzs","capPerMarketTzs","balanceFloorTzs","capDailyStakeTzs","capDailyLossTzs","capOpenExposureTzs"]}
PASS [memory] 1.364 · the panel carries the five all-account usage rows — the daily stake cap, the loss cap TWICE, the exposure cap scoped, and the targeted-and-manual cap — ["Daily stake limit","Daily loss limit (projected)","Daily loss limit (settled)","Open exposure limit (open now)","Targeted and manual daily limit"]
PASS [memory] 1.365 · and NO usage row for a per-market, per-player or counterparty-share cap — this console renders no such figure — ["Daily stake limit","Daily loss limit (projected)","Daily loss limit (settled)","Open exposure limit (open now)","Targeted and manual daily limit"]
PASS [memory] 1.364 · an UNSET cap renders NO bar and one of the three captions — never a bar at zero, which would say headroom where the gate refuses everything — {"name":"Targeted and manual daily limit","usedTzs":null,"limitTzs":null,"halves":[],"edgeText":"","captionText":"Targeted and manual daily limit","unsetCaption":"Not set — targeted and manual stakes cannot be placed.","unsetLinked":false,"unreadable":false}
PASS [memory] 1.364 · a REQUIRED cap's unset caption names the master switch and carries the link to the field that fixes it — {"name":"Daily stake limit","usedTzs":null,"limitTzs":null,"halves":[],"edgeText":"","captionText":"Daily stake limit","unsetCaption":"Not set — the master switch cannot be turned on.","unsetLinked":true,"unreadable":false}
PASS [memory] 1.306 · exactly ONE row of the limits list carries the anchor, and it is the FIRST unset REQUIRED limit in form order — with TWO of them unset, so the `!firstUnsetTaken` term is doing the deciding — {"flagged":["Daily stake limit"],"list":[["Daily stake limit",true,true],["Daily loss limit",false,false],["Open exposure limit",true,false],["Per-market limit",false,false],["Bets per minute",false,false],["Bets per day",false,false],["Stakes against one play
PASS [memory] 1.306 · with exactly ONE required limit unset the anchor is on it, and the strip's count agrees — {"one":1,"two":2}
PASS [memory] 1.306 · CONTROL · with every limit set no row carries the anchor and no row carries a caption — {"rows":14,"want":14}
PASS [memory] 1.409 · every limit row says whether it is MONEY, derived from `FIELD_META`'s own unit — never a count in the money face — [["Daily stake limit",true,"TZS 900,000,000"],["Daily loss limit",true,"TZS 900,000,000"],["Open exposure limit",true,"TZS 900,000,000"],["Per-market limit",true,"TZS 900,000,000"],["Bets per minute",false,"20"],["Bets per day",false,"28,800"],["Stakes against
PASS [memory] 1.364 · 453 · every limit name, section and value the panel paints is neutral, over the WHOLE limit table — []
PASS [memory] 1.364 · CONTROL · every `FIELD_META` label this overrides really DOES carry a word, and every label that carries one IS overridden — the population is derived, never a typed four — {"needs":["gCounterPerPlayerPerDay","gCounterPerPlayerTzsPerDay","maxDesignatedBots","gCapStaffChosenPerDay","gCapStaffChosenDailyTzs","gTargetsMaxActive","gStaffChosenMaxCounterpartyShare","capStaffChosenPerDay","capStaffChosenDailyTzs"],"overridden":["gCount
PASS [memory] 1.364 · 539 · the three labels that were painting the mechanism on the limits tab are each overridden, and each original still reads as a hit — [["Counters per player per day","Stakes against one player per day"],["Counter TZS per player per day","TZS against one player per day"],["Counterparty share limit","One player's share limit"]]
[audit] ADMIN market.created usr_hb_officer Market#mkt_9b82144fba721244f0c0
PASS [memory] 1.348 · `staffChosenPlacedToday` answers the day it is GIVEN, and a day it was not given is a different answer — on this store — {"forYesterday":{"count":1,"stakeTzs":7000},"forToday":{"count":1,"stakeTzs":3000},"forNow":{"count":1,"stakeTzs":3000},"yKey":"2026-10-09","todayKey":"2026-10-10"}
PASS [memory] 1.348 · the limits panel's fifth read is handed the RENDER's own day key — the page cannot straddle EAT midnight and paint two days on one card — {"passed":[{"houseBotId":null,"dayKey":"2026-10-10"}],"dayKey":"2026-10-10"}
PASS [memory] 1.348 · CONTROL · the spy IS the handle the reader called (an identity check — a control that calls through its own patch fires either way) — {"recorded":1,"restored":true}
PASS [memory] 1.348 · the targeted-and-manual usage row is the figure for the render's OWN day, read back through the same door — {"row":3000,"direct":3000,"dayKey":"2026-10-10"}
PASS [memory] 1.348 · exactly ONE `eatDayKey(` call in EACH gated reader's own slice — two renders, two passes, never two days in one — and each is derived from the CONTAINER clock, never from the database's — {"desk":1,"detail":1,"dayKeyArgs":["Date.now()","nowMs"],"nowBindings":["input.read === null ? 0 : input.read.nowMs","Date.now()","Date.now()","Date.now()"]}
PASS [memory] 1.348 · M1 · the database clock is read exactly ONCE in the module, inside the settled member that reads the engine's beats — so the durable rows and the instant they are aged against fail together or arrive together — {"dbClock":1}
PASS [memory] 1.348 · `readDeskCore` takes FACTORIES of the day key, and the panel read is still called with it — {"factory":true}
PASS [memory] 1.348 · the account page's day-book and targeted-and-manual reads are both given the render's OWN key
PASS [memory] 1.366 · the two loss rows are separate, share ONE cap, and the SETTLED one STATES a profit — never rendered as zero (owner ruling, 2026-09-23) — {"projected":"Daily loss limit (projected) · used TZS 1,000 of TZS 50,000","settled":"Daily loss limit (settled) · ahead by TZS 11,000 · limit TZS 50,000"}
PASS [memory] 1.366b · CONTROL · a settled loss of exactly zero is ordinary usage, not 'ahead' — the new grammar is for a PROFIT and nothing else — "Daily loss limit (projected) · used TZS 1,000 of TZS 50,000"
PASS [memory] 1.366 · CONTROL · the READER is not clamped — `foldDayBook` still returns the negative realised loss the gates and stops read
PASS [memory] 1.367 · usage EQUAL to its limit says so in words, and carries the true amount in full — "Daily stake limit · used TZS 40,000 of TZS 40,000 — at the limit"
PASS [memory] 1.367 · usage OVER its limit says so in words, and is NOT clamped to the limit — the bar saturates and cannot tell 100% from 140% — "Open exposure limit (open now) · used TZS 12,000 of TZS 10,000 — over the limit"
PASS [memory] 1.367 · and a row UNDER its limit carries no clause at all, so the clause is a signal and not decoration — "Daily loss limit (projected) · used TZS 1,000 of TZS 50,000"
PASS [memory] 1.367 · the SAME clause lands in a roster cell, where there is no bar and it is the only signal there is — {"exposure":"used TZS 400,000 of TZS 300,000 — over the limit","bets":"used 200 of 200 bets — at the limit"}
PASS [memory] 1.367 · CONTROL · the clause is written with a real em dash from `String.fromCharCode`, not a hyphen, and the same three sites agree on it — " — over the limit"
PASS [memory] 1.372 · a failed day read makes the stake and both loss rows say so — and NEVER `used TZS 0 of TZS 50,000` — [["Daily stake limit",true,"Daily stake limit · couldn't read — this is not zero"],["Daily loss limit (projected)",true,"Daily loss limit (projected) · couldn't read — this is not zero"],["Daily loss limit (settled)",true,"Daily loss limit (settled) · couldn't
PASS [memory] 1.372 · …and the exposure row, whose own read succeeded, is still REAL — one failure never blanks the panel — {"name":"Open exposure limit (open now)","usedTzs":0,"limitTzs":900000000,"halves":[{"word":"used","figure":"TZS 0","suffix":""},{"word":"of","figure":"TZS 900,000,000","suffix":""}],"edgeText":"","captionText":"Open exposure limit (open now) · used TZS 0 of T
PASS [memory] 1.421 · a missing schema leaves the limits panel with nothing to LIST — empty, not failed, and never the kit's failure treatment — {"schemaMissing":true,"usage":[],"limits":[]}
PASS [memory] 1.421 · CONTROL · a GENERIC control failure is NOT that state: usage and limits are `null`, which is what the kit's failure treatment is for — {"schemaMissing":false,"unreadable":true}
PASS [memory] 1.316 · the poller's predicate is pure and all three of its branches answer — live and unheld polls, a hold stops it, and nothing live never polls
PASS [memory] 1.316 · `live` is true with the switch ON, and true with the switch OFF while an account is ACTIVE or AUTO_PAUSED — the engine can still move it — {"on":true,"off":true}
PASS [memory] 1.316 · CONTROL · with the switch off and no account at all `live` is FALSE — so a 20s refresh is not registered on a page nothing can change — {"live":false,"rows":0}
PASS [memory] 1.393 · no non-owner staff role is in the audience of ANY console route — the section, the wizard and a record path alike — {"SUPPORT":false,"COMPLIANCE":false,"MODERATOR":false,"FINANCE":false,"GROWTH":false,"AUDITOR":false}
PASS [memory] 1.393 · CONTROL · the same six roles ARE in the audience of a route their domain grants, so the six falses above are a measurement and not an unreachable call
PASS [memory] 1.332 · X13 · an ADMIN who HOLDS a live account is still in the console's audience, and still reads its rows — {"verdict":true,"rows":10}
PASS [memory] 1.332 · X13 · CONTROL · that account really is a live holder in this run, so the verdict above is the combination X13 names and not an ordinary ADMIN

[memory] §2b · the limits save
PASS [memory] 2.537 · fixture · the panel hands the form a base version and one row per limit, each with a neutral key of its own — {"version":33,"rows":14}
PASS [memory] 2.537 · a PLAYER, a signed-in AUDITOR and an anonymous caller are each REFUSED, with ZERO store calls and not one column touched — {"calls":0,"version":33,"player":{"ok":false,"error":"You can't change these limits."},"auditor":{"ok":false,"error":"You can't change these limits."}}
[audit] COMPLIANCE house_bot.limits_saved usr_hb_officer HouseBotControl#global
PASS [memory] 2.537 · CONTROL · the spy was live — the SAME body from the Owner reaches the store and lands
[audit] COMPLIANCE house_bot.limits_saved usr_hb_officer HouseBotControl#global
PASS [memory] 2.537 · the Owner's save lands: the column moves, the version advances by exactly one, the result counts what changed and says its record was written — {"done":{"ok":true,"limitsVersion":35,"changed":1,"recorded":true,"warnings":["Targeted and manual daily limit TZS 100,000 is below “Bot 11”'s own setting of TZS 900,000,000. Stakes from that account will be refused until one of the two is changed.","Targeted 
PASS [memory] 2.537 · …and it writes the COMPLIANCE row `house_bot.limits_saved` — which had a classification and no writer at all until now — {"found":2,"entry":{"action":"house_bot.limits_saved","category":"COMPLIANCE","target":"global"}}
PASS [memory] 2.537 · 420 · the row names the ACTOR BY ID and the payload carries only the version and the fields that moved — no label, no handle, no name — {"actorId":"usr_hb_officer","payload":{"limitsVersion":35,"changes":[{"field":"gCapDailyStakeTzs","before":123000,"after":777000}]}}
PASS [memory] 2.537 · a save whose COMPLIANCE ROW cannot be written still reports the truth: it LANDED, and it says the record did not — {"landed":{"ok":true,"limitsVersion":36,"changed":2,"recorded":false,"warnings":["Per-market limit TZS 44,000 is below “Bot 11”'s own setting of TZS 10,000,000. Stakes from that account will be refused until one of the two is changed.","Targeted and manual dai
[audit] COMPLIANCE house_bot.limits_saved usr_hb_officer HouseBotControl#global
PASS [memory] 2.537 · CONTROL · with the chain secret back, the same save reports its record WRITTEN — so the flag above is a measurement and not a constant — {"ok":true,"limitsVersion":37,"changed":1,"recorded":true,"warnings":["Per-market limit TZS 45,000 is below “Bot 11”'s own setting of TZS 10,000,000. Stakes from that account will be refused until one of the two is changed.","Targeted and manual daily limit TZ
[audit] COMPLIANCE house_bot.limits_saved usr_hb_officer HouseBotControl#global
PASS [memory] 2.537 · TWO REAL WRITERS on ONE base version: exactly one lands, the other is REFUSED with the server's own sentence, and nothing is clobbered or merged — {"ra":{"ok":true,"limitsVersion":38,"changed":2,"recorded":true,"warnings":["Targeted and manual daily limit TZS 100,000 is below “Bot 11”'s own setting of TZS 900,000,000. Stakes from that account will be refused until one of the two is changed.","Targeted an
PASS [memory] 2.537 · …and the loser is TOLD, in one sentence that says nothing was saved and names no field to fix — {"ok":false,"error":"Someone else changed these limits while this page was open. Nothing was saved — reload the page and make the change again."}
PASS [memory] 2.537 · a tab rendered from an older version is refused before the roster is read at all, and its value never reaches the row — {"stale":{"ok":false,"error":"Someone else changed these limits while this page was open. Nothing was saved — reload the page and make the change again."},"listCalls":0}
PASS [memory] 2.537 · a cross-field rule REFUSES, names the field by its NEUTRAL key, gives the validator's own sentence — and writes nothing — {"ok":false,"error":"Daily loss can't exceed daily stake.","field":"daily-loss"}
PASS [memory] 2.537 · 453 · a refusal whose SHARED copy names the mechanism is painted in the console's own words — and the copy it replaced really does carry one — {"painted":"Stakes against one player per day can't be above bets per day.","shared":"Counters per player per day can't exceed bets per day."}
PASS [memory] 2.537 · a bound refusal comes back on its own field, in the validator's own words, and needs no override — {"ok":false,"error":"At least TZS 1,000 — the platform minimum.","field":"daily-stake"}
PASS [memory] 2.537 · 453 · clearing a required limit while the desk is ON is refused in the console's own words, and the shared sentence it replaces carries a word — {"painted":"A limit can't be cleared while the desk is on. Switch the desk off first.","shared":"Can't clear a limit while bots are on. Switch off first."}
PASS [memory] 2.537 · a post missing a field, and a post carrying a COLUMN NAME as a key, are both refused — and neither writes — {"missing":{"ok":false,"error":"This form is out of date. Reload the page and make the change again — nothing was saved."},"unknown":{"ok":false,"error":"This form is out of date. Reload the page and make the change again — nothing was saved."}}
PASS [memory] 2.537 · D19 · every key the form posts is neutral, is not the column's own name, and the fourteen are distinct — ["daily-stake","daily-loss","open-exposure","per-market","bets-per-minute","bets-per-day","one-player-bets-per-day","one-player-tzs-per-day","max-accounts","alerts-per-hour","targeted-bets-per-day","targeted-daily-tzs","max-active-targets","one-player-share"]
PASS [memory] 2.537 · D19 · CONTROL · the column names the keys stand in for DO carry a word, so the substitution is doing work — ["gCapStaffChosenPerDay","gCapStaffChosenDailyTzs","gStaffChosenMaxCounterpartyShare"]
PASS [memory] 2.537 · D19 · every hint and every saved value the form paints is neutral too — the half a label-only scan misses — []
PASS [memory] 2.537 · RENDERED · D19 · every field's `name` and `data-field` is the server's neutral key, one per limit, and not one house word reaches the markup — {"names":["daily-stake","daily-loss","open-exposure","per-market","bets-per-minute","bets-per-day","one-player-bets-per-day","one-player-tzs-per-day","max-accounts","alerts-per-hour","targeted-bets-per-day","targeted-daily-tzs","max-active-targets","one-player
PASS [memory] 2.537 · RENDERED · CONTROL · the same render with ONE key put back to a house word DOES fire the lexicon — so the clean markup above is a measurement
PASS [memory] 2.537 · RENDERED · the strip's fragment lands on the FIRST unset required limit, exactly once — the field the sentence promises the officer will find — {"anchored":"open-exposure","want":"open-exposure"}
PASS [memory] 2.537 · RENDERED · 412 · the refusal is painted under ITS OWN field, money fields carry the kit's TZS prefix, the percent field its suffix, and every box is on the 44px rung — {"tzs":6,"pct":true}
PASS [memory] 2.537 · RENDERED · 364 · an unset REQUIRED limit paints the caption naming what it costs, and a set one paints its saved value in the money face
PASS [memory] 2.537 · RENDERED · 432(n) · the group whose name the card already carries loses its heading, and every other group keeps one — {"withoutOmit":["Global limits","Roster and alerts","Targeted and manual"],"withOmit":["Roster and alerts","Targeted and manual"]}
PASS [memory] 2.537 · RENDERED · 432(n) · an UNSET limit says "Not set" ONCE — the caption keeps it, the box's placeholder gives it up — {"placeholders":11,"optionalSet":11,"optionalUnset":1,"unsetKeys":["open-exposure"]}
PASS [memory] 2.537 · RENDERED · CONTROL · …and a row that is optional and SET still carries the placeholder, so the suppression is keyed on the STATE and not on the field
PASS [memory] 2.537 · 453 · every shared HINT that names the feature or carries a placeholder is replaced, and every replacement really did replace one — the population is derived, never typed — {"needs":["gCapDailyLossTzs","bellAlertsPerHour","gCapStaffChosenPerDay","gCapStaffChosenDailyTzs","gTargetsMaxActive","gStaffChosenMaxCounterpartyShare"],"overridden":["gCapDailyLossTzs","bellAlertsPerHour","gCapStaffChosenPerDay","gCapStaffChosenDailyTzs","g
PASS [memory] 2.537 · 432(n) · not one hint this panel renders says "Not set" — the unset consequence has ONE home, and a hint is true in every state — []
PASS [memory] 2.537 · 432(n) · CONTROL · the ONE home really does say it — every caption `unsetCaptionFor` produces opens with "Not set", so the absence above is a measurement and not an empty population — ["Not set — the master switch cannot be turned on.","Not set — this account cannot place a bet.","Not set — targeted and manual stakes cannot be placed."]
PASS [memory] 2.537 · 453 · CONTROL · exactly three of the limits scope's refusal sentences name the feature, and they are the three the console substitutes for — a fourth would be reported here — {"rules":["N1-c","L-LOSS-LE-DAY","L-DAY-GE-MIN","L-CPP-LE-DAY","X-CLEAR-ON"],"needsCopy":["N1-c","L-CPP-LE-DAY","X-CLEAR-ON"]}
PASS [memory] 2.537 · 453 · the third feature-naming refusal is painted in the console's own words too, on its own neutral key — {"painted":"The targeted and manual daily limit can't be above the daily stake limit.","shared":"Staff-chosen daily limit can't exceed the global daily stake limit."}
[audit] COMPLIANCE house_bot.limits_saved usr_hb_officer HouseBotControl#global
PASS [memory] 2.537 · setting the FIRST unset required limit clears it everywhere at once: the count, the badge's number, the anchor and the usage bar — {"before":1,"after":0,"anchored":"open-exposure"}

[memory] §2c · botRateUsage — the market-free rate reader (ruling 351)
[audit] ADMIN market.created usr_hb_officer Market#mkt_d85298daa242fb05e25e
[audit] BET market.position.opened usr_hb_14372_49 Position#pos_95aa2d06678d7f744ebd
[audit] ADMIN market.created usr_hb_officer Market#mkt_98b6848619137757d4ae
[audit] BET market.position.opened usr_hb_14372_49 Position#pos_994f86b241a68e159f92
[audit] ADMIN market.created usr_hb_officer Market#mkt_603bad3df95aa3f8ed31
[audit] BET market.position.opened usr_hb_14372_49 Position#pos_42b114a173e5d69573e6
[audit] ADMIN market.created usr_hb_officer Market#mkt_c9689a4d20f81f48a9bd
[audit] BET market.position.opened usr_hb_14372_51 Position#pos_1fc9b6770f9b0418f719
PASS [memory] 1.351 · one account's rate usage: the HOUR and DAY windows are counted separately, on the database clock, and the NEWEST placement comes back with them — {"row":{"houseBotId":"hb_14372_50","placedLastHour":1,"placedLastDay":2,"lastPlacedAt":"2026-10-10T01:42:46.577Z"},"placed":3}
[audit] ADMIN market.created usr_hb_officer Market#mkt_aeba59bcd569d1b53220
PASS [memory] 1.351 · …and every one of those three terms EQUALS what `botUsage` computes for the same account — the same windows, read two ways — {"rate":{"houseBotId":"hb_14372_50","placedLastHour":1,"placedLastDay":2,"lastPlacedAt":"2026-10-10T01:42:46.577Z"},"usage":{"lastPlacedAt":"2026-10-10T01:42:46.577Z","placedLastHour":1,"placedLastDay":2,"countOnMarket":0,"stakeOnMarket":0}}
PASS [memory] 1.351 · a NULL account reads the whole roster in ONE call, ordered by account, with a row only for an account that has placed — {"calls":1,"ids":["hb_14372_50","hb_14372_52"]}
PASS [memory] 1.351 · CONTROL · the spy really fires, so the ONE above is a measurement and not an uncalled counter — {"calls":1,"rows":2}
PASS [memory] 1.351 · `botUsage` still NAMES its market and gives it no default — this reader is why it did not have to become optional — async botUsage({houseBotId,marketId}){const now=Date.now();let lastPlacedAt=null

[memory] §2d · the way out of a pause, neutral (ruling 432(f))
PASS [memory] 1.311 · 432(f) · the population is not empty: the SHARED table really does carry a forbidden word in more than one row — ["ACCOUNT_MISSING","WALLET_MISSING","ACCOUNT_CLOSED","IDENTITY_REFUSED","HOLDER_ERASURE_REQUEST","HOLDER_WITHDREW","UNMAPPED_REFUSAL"]
PASS [memory] 1.311 · 432(f) · not one way-out sentence the console paints carries a house-vocabulary word, over the WHOLE table — []
PASS [memory] 1.311 · 432(f) · CONTROL · the two sets are EQUAL — every dirty sentence is overridden, and no already-clean one is — {"dirty":["ACCOUNT_MISSING","WALLET_MISSING","ACCOUNT_CLOSED","IDENTITY_REFUSED","HOLDER_ERASURE_REQUEST","HOLDER_WITHDREW","UNMAPPED_REFUSAL"],"overridden":["ACCOUNT_MISSING","WALLET_MISSING","ACCOUNT_CLOSED","IDENTITY_REFUSED","HOLDER_ERASURE_REQUEST","HOLDE
PASS [memory] 1.311 · 432(f) · CONTROL · `pause-reasons.ts` is UNTOUCHED — the fix is an override in the console's copy home, not a rewrite of the engine's own words
PASS [memory] 1.311 · 432(f) · the override key separates the two SHARED way-outs from the codes that reach them
PASS [memory] 1.311 · 432(f) · no painted sentence carries an unresolved placeholder, and the one row that HAS a placeholder still fills it — "Account one is paused: its rules were saved in an older format. Open Rules, review the converted values, Save, then Start."

[memory] §2e · the account page (rulings 358, 363, 368, 399, 507, 508)
PASS [memory] 1.399 · for a viewer OUTSIDE the audience a real id and an invented one answer IDENTICALLY — the page is not an id oracle — {"real":null,"invented":null}
PASS [memory] 1.399 · CONTROL · the ADMIN can tell them apart, which is what makes the two nulls above a measurement — {"real":true,"invented":false}
PASS [memory] 1.541 · a viewer OUTSIDE the audience receives `null` and nothing else, and a real id answers exactly as an invented one — this panel is no more an id oracle than the page it sits on — {"refused":null,"inventedWhy":null}
PASS [memory] 1.541 · CONTROL · the officer DOES get an answer — which is what makes the two nulls above a measurement — and it is a FINISHED SENTENCE, never an engine code handed to the page to translate — {"headline":"The desk is switched off. Nothing is staked from any account until an officer switches it back on.","reasons":[],"scanned":""}
PASS [memory] 1.541 · a switched-off DESK is the whole answer, given with no walk behind it: no reasons, no counts, nothing that could be read as a fault in the rules of this one account — {"headline":"The desk is switched off. Nothing is staked from any account until an officer switches it back on.","reasons":[],"scanned":""}
PASS [memory] 1.541 · CONTROL · switching the desk back ON changes the answer — so the sentence above was read off the switch and is not a constant this door paints whatever the state — {"off":"The desk is switched off. Nothing is staked from any account until an officer switches it back on.","backOn":"This account has never been started, so no market is in its scope yet. Start it and it takes the markets that open from that moment on, never 
PASS [memory] 1.541 · an account whose saved rules CANNOT be read is told so, and pointed at the tab that now repairs it — never answered with an unchanged page — {"headline":"This account's saved rules cannot be read, so nothing is staked from it. Its Rules tab draws the form again, seeded from the closest readable values — open it, check every figure, and save.","reasons":[],"scanned":""}
PASS [memory] 1.541 · CONTROL · the SAME account with its document readable answers something else entirely — so the sentence above is read off the document and is not what this door says to everyone — {"unreadable":"This account's saved rules cannot be read, so nothing is staked from it. Its Rules tab draws the form again, seeded from the closest readable values — open it, check every figure, and save.","readable":"This account has never been started, so no
PASS [memory] 1.541 · a REMOVED account is not explained — the door answers `null`, because there is nothing left for it to stake on (358) — {"removedWhy":null}
PASS [memory] 1.541 · CONTROL · the same account NOT removed does get an answer — so the null above is the removal, not a door that answers nothing — {"backOn":"This account has never been started, so no market is in its scope yet. Start it and it takes the markets that open from that moment on, never the ones already running."}
PASS [memory] 1.456f · the account page carries a door to the platform's own funding control, and it is a PLATFORM route — never a route of this section — {"funds":"/admin/players/usr_hb_14372_59","read":"/admin/transactions?q=usr_hb_14372_59"}
PASS [memory] 1.456f · CONTROL · the two doors are DIFFERENT screens — reading a holder's money and changing it are not the same act, and one href for both would send an officer to the wrong one — {"read":"/admin/transactions?q=usr_hb_14372_59","funds":"/admin/players/usr_hb_14372_59"}
PASS [memory] 1.456f · …and the page RENDERS it as a link, so the model field is not a value nothing paints — the account page draws no holderFundsHref door
PASS [memory] 1.626 · a document this build CANNOT read still draws the rules form, seeded from the defaults, and SAYS so — {"basis":"default","reason":"These settings could not be read at all, so the values below are the starting ones and this account's saved numbers are not shown. Review every one of them and Save to repair this account. Nothing is stored until you press Save."}
PASS [memory] 1.626 · ⭐ DISCRIMINATES · a document that CAN be carried forward is seeded from the CONVERTED values, not the defaults — the two are different answers and the officer is told which they are reading — {"basis":"converted","reason":"These settings were saved in an older format. The values below are the converted ones — review every one of them and Save to repair this account. Nothing is stored until you press Save."}
PASS [memory] 1.626 · CONTROL · the account whose document PARSES is untouched — still `saved`, still its own sentence, so the branch above is the failure path and not a form everyone now gets — {"basis":"saved"}
PASS [memory] 1.399 · a refused viewer's answer holds no label, no handle and no figure — "null"
PASS [memory] 1.363 · the card carries exactly FIVE money rows, in the seam's own order, and the loss cap is read TWICE against ONE limit — ["Daily stake cap","Daily loss cap (projected)","Daily loss cap (settled)","Open exposure cap (open now)","Targeted and manual daily cap"]
PASS [memory] 1.363 · every money row's NAME is the field table's own label, never typed beside the field — so a cap renamed in `rules.ts` moves here — {"names":["Daily stake cap","Daily loss cap (projected)","Daily loss cap (settled)","Open exposure cap (open now)","Targeted and manual daily cap"],"labels":["Daily stake cap","Open exposure cap"]}
PASS [memory] 1.363 · the exposure row is scoped `open now`, the two loss rows are told apart by theirs, and no other row spends a scope word its own cap already carries — ["Daily stake cap","Daily loss cap (projected)","Daily loss cap (settled)","Open exposure cap (open now)","Targeted and manual daily cap"]
PASS [memory] 1.363 · 432(n) · CONTROL · the two count rows spend NO scope at all — their caps are named `per hour` and `per day`, so a scope word would say it twice — ["Bets per hour","Bets per day"]
PASS [memory] 1.363 · 433(b) · the targeted-and-manual cap is selected by PROPERTY and that selection is UNIQUE — typing its id would put the shared vocabulary's own word in a literal of the gate module — "capStaffChosenDailyTzs"
PASS [memory] 1.363 · 351 · the two count rows are the hour and day windows, in the same grammar, with the noun outside the figure — ["Bets per hour · used 0 of 30 bets","Bets per day · used 0 of 200 bets"]
PASS [memory] 1.408 · 266 · no row of the account page carries a net, a result or a bare balance — money is usage against a configured limit and nothing else — ["Daily stake cap","Daily loss cap (projected)","Daily loss cap (settled)","Open exposure cap (open now)","Targeted and manual daily cap"]
PASS [memory] 1.368 · with the balance above the floor the page says so, names the FLOOR — a configured limit — and never the balance — "Balance is above the floor of TZS 1,000."
PASS [memory] 1.368 · 459 · the holder's own balance appears NOWHERE in this page's painted view model, in any form — "Balance is above the floor of TZS 1,000."
PASS [memory] 1.368 · CONTROL · with the balance BELOW the floor the sentence flips and says the account cannot place a bet — "Balance is below the floor of TZS 9,000,000 — this account cannot place a bet."
PASS [memory] 1.368 · 364 · an UNSET floor renders no sentence and no amount — it renders the unconditional-cap caption, which this page is the first surface to reach — "Not set — this account cannot place a bet."
PASS [memory] 1.356 · the account page reads the holder's wallet EXACTLY ONCE, and that one read is what the floor STATE is built from — {"calls":1}
PASS [memory] 1.356 · CONTROL · the spy really fires, so the ONE above is a measurement and not an uncalled counter — {"calls":1}
PASS [memory] 1.507 · X6 · a MISSING holder wallet is painted as a STATE on the account's own page — {"blocked":true}
PASS [memory] 1.507 · X6 · CONTROL · with the wallet present the same state is FALSE, so the chip is a measurement and not a decoration — {"normal":false}
PASS [memory] 1.507 · X6 · CONTROL · `WALLET_MISSING` is not a member of the live-cause list at all, which is why the state is read off the wallet row — ["ACCOUNT_CLOSED","HOLDER_ERASURE_REQUEST","SELF_EXCLUDED","COOLING_OFF","IDENTITY_REFUSED","HOLDER_WITHDREW","CONSENT_VOID","PASSWORD_CHANGED","ACCOUNT_SUSPENDED","WALLET_FROZEN","ROLE_CHANGED","OWNER_LOSS_LIMIT"]
PASS [memory] 1.368 · 355 · with no wallet to read, the floor sentence says the check could not be made — never `above the floor`, and never an amount — "The balance floor could not be checked."
PASS [memory] 1.508 · the rules panel lists every saved cap, the five scope facts, the six entry modes, EVERY numeric rule and the schedule, as VALUES — the record the overview, a REMOVED account and the unparseable fallback all read — {"rows":55,"expected":55}
PASS [memory] 1.508 · …and the same facts arrive as INPUTS: one named field per cap, the ten switches, the version the save is conditional on, and a reason that says what Start needs — {"caps":14,"flags":10,"reason":"Every stake this account places is held to these limits and to the desk's own. Tick a product, turn on how it enters, and choose the markets it may touch — a product with nothing chosen reaches no market at all."}
PASS [memory] 1.508 · the form marks exactly the caps `REQUIRED_FOR_START` as required — the count read off that list, and one member and one non-member each asserted by name — {"required":11,"want":11,"member":true,"nonMember":false}
PASS [memory] 1.508 · CONTROL · the form's value is the raw number while the card's is the formatted figure, and an unset cap is the empty string in the form — {"form":"50000","card":"TZS 50,000"}
PASS [memory] 1.508 · 453 · not one label, section, key or sentence the FORM paints carries a house-vocabulary word — {"words":114,"hits":[]}
PASS [memory] 1.508 · 453 · not one rule name, section or value the panel paints carries a house-vocabulary word — []
PASS [memory] 1.508 · the targets panel reads this account's targets and counts the live ones — and an account with none is an EMPTY list, never a failed read — {"targets":[],"active":0}
PASS [memory] 1.grid22 · the Targets grid serves ONE page of 20 and says how many there are in all — the total is a COUNTING read, never the page's own length — {"rows":20,"total":22,"page":1,"per":20}
PASS [memory] 1.grid22 · page 2 is a DIFFERENT set of rows, and the two pages together are the whole set with nothing repeated and nothing lost — {"p2":2,"union":22}
PASS [memory] 1.grid22 · the tab count is the account's own ACTIVE total and does not change as the officer pages — {"p1":22,"p2":22}
PASS [memory] 1.grid22 · `?tpage=99` is served as the LAST page with its rows, and a page number that is not one reads as page 1 — {"over":2,"overRows":2,"junk":1}
PASS [memory] 1.508 · 432(f) · not one target-end caption the console paints carries a house-vocabulary word, over the WHOLE table — []
PASS [memory] 1.508 · 432(f) · CONTROL · the two sets are EQUAL — every dirty caption is overridden and no already-clean one is, and the shared table still says what it always said — {"dirty":["BOT_REMOVED","OUT_OF_SCOPE","SUNSET"],"overridden":["BOT_REMOVED","OUT_OF_SCOPE","SUNSET"]}
PASS [memory] 1.508 · 432(f) · no painted target-end caption carries an unresolved placeholder
PASS [memory] 1.432g · an account that has never staked has NO last placement — the page paints an em dash, never a fabricated date — null
[audit] ADMIN market.created usr_hb_officer Market#mkt_61896dc72ccadf1ba570
[audit] BET market.position.opened usr_hb_14372_59 Position#pos_7a787736988aac075dc9
PASS [memory] 1.432g · after one stake the page paints a RELATIVE phrase with the absolute EAT instant in its title — both built on the server — {"text":"just now","title":"10 Oct 04:42:46 EAT"}
PASS [memory] 1.432g · the roster's `Last bet` cell is the SAME phrase as the account page's, from the same reader — {"roster":{"text":"just now","title":"10 Oct 04:42:46 EAT"},"page":{"text":"just now","title":"10 Oct 04:42:46 EAT"}}
PASS [memory] 1.432h · every roster row carries a way-out href to its own account page, now that that page exists — ["/admin/desk/hb_14372_11","/admin/desk/hb_14372_13","/admin/desk/hb_14372_15"]
PASS [memory] 1.432g · CONTROL · a FUTURE instant reads `just now`, never `in N minutes` — a clock behind the database must not make the phrase run backwards — {"text":"just now","title":"10 Oct 04:44:46 EAT"}
PASS [memory] 1.358 · a REMOVED account renders — `get(id)` reads it, and `listNonRemoved` would have made this page 404 on a row that exists — {"removed":true,"word":"Removed"}
PASS [memory] 1.358 · its read set is the row, its final state and its SAVED RULES — ZERO wallet, day-book, exposure, rate, target and targeted-and-manual reads — {"wallet":0,"day":0,"exposure":0,"rate":0,"targets":0,"staff":0}
PASS [memory] 1.358 · CONTROL · every one of those six spies FIRES on a LIVE account in the same run, so the six zeros above are a measurement
PASS [memory] 1.358 · it carries a terminal sentence and NO control: no usage, no counts, no last placement, no targets — {"note":"Removed on 10 Oct 2026 04:42 EAT. Nothing can be staked from this account and none of its limits applies any more.","usage":null,"targets":null}
PASS [memory] 1.358 · CONTROL · the same account is ABSENT from the roster, so the page really is its only door — ["hb_14372_11","hb_14372_13","hb_14372_15","hb_14372_20","hb_14372_24"]
PASS [memory] 1.435 · 358 · every card of the account page is guarded by `removed` — the rail, the usage card, the floor sentence, the last placement and all four other panels — {"guards":11,"whyPanelHandedRemoved":true}
PASS [memory] 1.435b · a REMOVED account is told nothing, even when handed a live answer — the panel's own guard, not the door's, is what stands here — {"onRemoved":""}
PASS [memory] 1.435b · CONTROL · the SAME answer on a live account paints the panel, headline and reason — so the empty render above is the guard, not a panel that paints nothing — {"onLive":"<div role=\"note\" class=\"flex items-start border gap-2.5 rounded-md px-3 py-2.5 border-dashed border-border bg-bg-elevated/40\"><span aria-hidden=\"true\" class=\"sh"}
PASS [memory] 1.435 · 433(e) · every tab test is the tab and NOTHING else, so no panel reads as `above the rail` — ["{tab === \"overview\" && (<>","{tab === \"activity\" && (<>","{tab === \"rules\" && (<>","{tab === \"targets\" && (<>","{tab === \"history\" && (<>"]
PASS [memory] 1.435 · 433(e) · the RAW account page yields exactly the closed tab list — no comment invents a key no panel answers — ["overview","activity","rules","targets","history"]
PASS [memory] 1.435 · 355 · the account page carries no `AdminLoadError` a REMOVED account can reach — a read that was never taken has not failed — {"loadErrors":5}

[memory] §2e2 · the account page's activity and history panels
PASS [memory] 1.312 · the account page's rail is FIVE keys in rail order — overview · activity · rules · targets · history — and nothing else — ["overview","activity","rules","targets","history"]
PASS [memory] 1.312 · a panel for every key AND a key for every panel, in the SAME order — read off the page as TEXT, which is how the served probe reads it too — {"panelKeys":["overview","activity","rules","targets","history"],"tabs":["overview","activity","rules","targets","history"]}
PASS [memory] 1.312 · CONTROL · the both-ways comparison really fires — a key with no panel and a panel with no key are each reported, and the shipped page is not
PASS [memory] 1.302 · `?tab=activity` and `?tab=history` resolve to themselves now that their panels exist — the fallback is for values with no panel, not for these
PASS [memory] 1.302 · …and every value with no panel still resolves to the default — absent, empty, misspelled, a repeated parameter and a struck key alike, never a 404 and never a redirect
PASS [memory] 1.312 · 329 · the design gate holds the console's PAGES and no `?tab=` of them — ruling 312's own Proof clause, asserted here for the first time — ["/admin/desk","/admin/desk/new"]
PASS [memory] 1.312 · 329 · CONTROL · the scan really reads that file and would see a query entry — planted, it is reported; the shipped list is not
PASS [memory] 1.405 · the account rail's labels are the PAGE's own `TAB_LABEL`, one per key of the closed list, each the key in English sentence case — [["overview","Overview"],["activity","Activity"],["rules","Rules"],["targets","Targets"],["history","History"]]
PASS [memory] 1.405 · CONTROL · the parse really read the page's table, and a label that is NOT the key in sentence case is reported — 5
PASS [memory] 1.315 · the RAW account page still yields exactly the closed list after two panels were added — no comment on either invents a key — ["overview","activity","rules","targets","history"]
PASS [memory] 1.317 · the console's event word map is TOTAL over `EVENT_KINDS` — every kind has a word and no word names a kind that does not exist, compared member for member — {"kinds":30,"words":30}
PASS [memory] 1.317 · CONTROL · the totality comparison reads the WHOLE key set — a kind renamed 600 characters in is reported, and the suite's 260-character DISPLAY helper would have hidden exactly that
PASS [memory] 1.317 · 453 · not one of its words carries a house-vocabulary word, or the words this section additionally may not render — []
PASS [memory] 1.317 · ⛔ MEASURED · the lexicon is BLIND to `HOLDER_AGAINST_BOT` — an underscore is a word character, so `\bbots?\b` has no boundary before BOT — which is exactly why the map is TOTAL and tsc-enforced instead of scanned — {"blind":true,"spaced":true}
PASS [memory] 1.317 · CONTROL · the same scan DOES fire on a word that names the feature, so the zero above is a measurement and not an empty walk
PASS [memory] 1.317 · 453 · no raw-enum fallback survives anywhere the two panels are built — no `?? kind`, no `?? e.kind`, and no `?? code`
PASS [memory] 1.317 · CONTROL · that scan really fires on the fallback it forbids
PASS [memory] 1.317 · 370(c) · the ENGINE's own event words are NOT the console's — that table is partial and at least one of its words is a needle of the shared vocabulary, and no file under the section imports it — {"partial":8,"kinds":30,"needles":["Staff-chosen stake cancelled"]}
PASS [memory] 1.344 · the activity panel serves ONE page of 20 and says how many there are in all — the total is a COUNTING read, never the page's own length — {"rows":20,"total":41,"page":1}
PASS [memory] 1.344 · …and the total does not move as the officer pages, because it is not read off the page — {"p2":20,"p3":1,"totals":[41,41,41]}
PASS [memory] 1.344 · the three pages together are the whole set with nothing repeated and nothing lost — {"union":41}
PASS [memory] 1.344 · the total and the rows are scoped to THIS account — the second account's stake is in neither, so the count is a scoped count and not a table count — {"total":41}
PASS [memory] 1.411 · `?page=99` is served as the LAST page with its rows, and a page number that is not one reads as page 1 AND is reported as a refusal — {"over":3,"junk":1,"refusal":"One part of this address was not understood and was ignored: page. The rest of the filter is in force."}
PASS [memory] 1.345 · the listing reader and the COUNTING reader are called with the same facets, so the rows and the total move together over each one — type, product, outcome, and two at once — {"byKind":{"total":10,"rows":10,"want":10,"ok":true},"byProduct":{"total":9,"rows":9,"want":9,"ok":true},"byOutcome":{"total":8,"rows":8,"want":8,"ok":true},"byBoth":{"total":2,"rows":2,"want":2,"ok":true}}
PASS [memory] 1.345 · CONTROL · the facets really NARROW — each of the four answers fewer rows than the unfiltered 41, and the two-facet answer is narrower than either of its halves — {"all":41,"byKind":10,"byProduct":9,"byOutcome":8,"byBoth":2}
PASS [memory] 1.345 · SOURCE · there is ONE filter object: the count takes it whole and the page read spreads it with only the paging words added — {"countCalls":4}
PASS [memory] 1.355 · a failed activity read is `feed === null` — the page's AdminLoadError — and NEVER an empty list, which says a different thing — {"failed":null,"ok":true}
PASS [memory] 1.355 · …and the failure is attributed to ITS figure: a failed PAGE read leaves the rest of the account page whole, and a failed COUNT leaves the rows — {"countRows":20,"countTotal":null}
PASS [memory] 1.355 · CONTROL · both planted failures RESOLVED — the reader settles its reads, so one rejection never propagates out of the door
PASS [memory] 1.355 · an account with nothing to show answers an EMPTY LIST and its own empty state — never null, which is a failed read — {"title":"Nothing staked yet","body":"Every stake this account tries appears here, newest first, with what happened to it."}
PASS [memory] 1.355 · 432(j) · a FILTER that matched nothing says so in different words, and offers the way back — an empty list and an empty filter are not the same state — {"filtered":{"title":"Nothing matches this filter","body":"No stake on this account matches what the rail above is set to. Widen the window or clear a chip."},"bare":{"title":"Nothing staked yet","body":"Every stake this account tries appears here, newest firs
PASS [memory] 1.302 · a bypassed client smuggles NOTHING past the door: three crafted axes narrow nothing, and the answer is the unfiltered list — {"total":41,"filtered":false}
PASS [memory] 1.302 · 432(j) · …and every refused axis is NAMED, by its own screen word, in one sentence — never a silent narrowing — "Parts of this address were not understood and were ignored: type, product and outcome. The rest of the filter is in force."
PASS [memory] 1.302 · a REPEATED parameter is one value for nobody — it is refused and named, never resolved to whichever arrived first — {"total":41,"refusal":"One part of this address was not understood and was ignored: outcome. The rest of the filter is in force."}
PASS [memory] 1.302 · CONTROL · the SAME axes with real values are honoured and NOTHING is refused, so the refusals above are a measurement and not a door that refuses everything
PASS [memory] 1.302 · a window preset the rail does not offer is refused and named, and the panel stays on the window it was on — {"refusal":"One part of this address was not understood and was ignored: window. The rest of the filter is in force."}
PASS [memory] 1.302 · M2 · a custom window whose bounds cannot be read is REFUSED and named `window`, the rail falls back to its own DEFAULT preset rather than a silent 24 hours, and the unreadable pair does not travel into the links this rail builds — {"refusal":"One part of this address was not understood and was ignored: window. The rest of the filter is in force.","params":{"tab":"activity"},"fallback":"all"}
PASS [memory] 1.302 · M2 · CONTROL · the SAME two bounds in the shape the parser accepts are honoured in full — nothing refused, the preset reads `custom`, and both bounds travel — so the refusal above is the parse and not a door that refuses every custom window — {"refusal":null,"params":{"tab":"activity","range":"custom","from":"2026-09-20T13:00","to":"2026-09-20T14:00"}}
PASS [memory] 1.302 · M2 · …and `range=custom` with NO bounds at all is refused too: it names a window and states none, which is the same address that cannot be honoured — {"refusal":"One part of this address was not understood and was ignored: window. The rest of the filter is in force.","params":{"tab":"activity"}}
PASS [memory] 1.410 · the rail is THREE axes, each an 'Any …' option plus one per member of its own closed list, with the live one marked — [{"param":"kind","options":5,"on":1},{"param":"product","options":3,"on":1},{"param":"outcome","options":8,"on":1}]
PASS [memory] 1.411 · every rail link carries the tab and every OTHER live filter, and DROPS the page — a filter change that kept the page lands on one the narrowed list no longer has — ["/admin/desk/hb_14372_68?tab=activity&outcome=failed","/admin/desk/hb_14372_68?tab=activity&kind=responding&outcome=failed","/admin/desk/hb_14372_68?tab=activity&kind=filling&outcome=failed"]
PASS [memory] 1.453 · every option KEY and every link the rail builds is neutral too — a token is the option's own painted word slugged, never the enum lowercased — []
PASS [memory] 1.453 · CONTROL · the token the first build shipped IS a hit and the token it ships now is not — so the zero above is a measurement and not a scan that stopped matching
PASS [memory] 1.453 · …and each axis's tokens are DISTINCT, so two members can never slug to one address and silently filter for each other — [{"param":"kind","keys":["","responding","filling","opening","manual"]},{"param":"product","keys":["","polls","up-down"]},{"param":"outcome","keys":["","queued","in-flight","placed","skipped","expired","failed","cancelled"]}]
PASS [memory] 1.453 · the rail's token and the door's parse are ONE table — every option the rail publishes round-trips through the door and narrows the list it says it will — ["kind=","kind=responding","kind=filling","kind=opening","kind=manual","product="]
PASS [memory] 1.410 · 453 · not one option label, group label or empty-state sentence of either panel names the feature — []
PASS [memory] 1.453 · D20 · no feed row carries the engine's composed sentence, its decision blob or another player's id — and the fixture PLANTED all three, so this is a measurement — ["when","whenTitle","stake","leftToday","leftTodayTitle","resultWord","resultChip","closing","closingTitle","opening","roundNo","statusWord","statusChip","typeWord","productWord","marketName","marketHref","note","due","anchored"]
PASS [memory] 1.453 · CONTROL · the planted sentence really IS a lexicon hit and really IS on the stored row, so its absence above is an omission that was checked
PASS [memory] 1.453 · every painted feed field is a FINISHED string or a boolean — no id, no raw enum and no number crosses into the view model — ["anchored","closing","closingTitle","due","leftToday","leftTodayTitle","marketHref","marketName","note","opening","productWord","resultChip","resultWord","roundNo","stake","statusChip","statusWord","typeWord","when","whenTitle"]
PASS [memory] 1.626b · every activity row names the GAME its stake was on, read from the intent's own snapshot, and carries a door to the PLATFORM's market page — never a route of this section — [{"name":"QQQQQQQQQQQQQQQQQQQQQQQQQQQQQQQQQQQQQQQQQQQQQQQQQQQQQQQQQQQQQQQQQQQQQQQQQQQQQQQ…","href":"/admin/markets/mkt_panel_41"},{"name":"Will panel market 39 resolve YES?","href":"/admin/markets/mkt_panel_39"},{"name":"Will panel market 38 resolve YES?","hre
PASS [memory] 1.626b · the game name is BOUNDED BY THE READER — a 200-code-point market title comes back at the bound, verbatim up to it, with the ellipsis inside — {"bound":80,"longest":80,"clamped":"QQQQQQQQQQQQ"}
PASS [memory] 1.626b · CONTROL · the game name is the MARKET's own title — not the product word, not the type word, and not the same string on every row — {"names":["QQQQQQQQQQQQQQQQQQQQQQQQQQQQQQQQQQQQQQQQQQQQQQQQQQQQQQQQQQQQQQQQQQQQQQQQQQQQQQQ…","Will panel market 39 resolve YES?","Will panel market 38 resolve YES?","Will panel market 36 resolve YES?"],"product":"Polls"}
PASS [memory] 1.626g · a row that stored a round number paints it, in the staff format `#1524`, read off the intent's own snapshot — {"named":["#1,539","#1,536","#1,533","#1,530"],"total":20}
PASS [memory] 1.626g · CONTROL · a hostile snapshot, a MALFORMED round number and a row with no round all answer `null` — never `#undefined`, never `#-3`, never an empty badge — {"nulls":14,"named":6,"shapes":["null","figure"]}
PASS [memory] 1.626g · CONTROL · the figure is the SNAPSHOT's own number, not a row counter or a constant — ["#1,539","#1,536","#1,533","#1,530"]
PASS [memory] 1.626b · CONTROL · a row whose stored decision holds no usable title answers `null` rather than an empty cell pretending to be a name — and its door still stands — {"rows":20,"named":13,"unnamed":7}
[audit] ADMIN market.created usr_hb_officer Market#mkt_ef067c70fe0926d401a2
[audit] BET market.position.opened usr_hb_14372_73 Position#pos_1d2ea0a203bf12be44f3
[audit] ADMIN market.created usr_hb_officer Market#mkt_2c3c618b305d33995c61
[audit] BET market.position.opened usr_hb_14372_73 Position#pos_99706ebd83083b053fdd
[audit] ADMIN market.created usr_hb_officer Market#mkt_2905a266b28985a919d5
[audit] BET market.position.opened usr_hb_14372_73 Position#pos_1219c317135882828a89
[audit] ADMIN market.created usr_hb_officer Market#mkt_17ef0bcd4f77e077924f
[audit] ADMIN market.created usr_hb_officer Market#mkt_2d43afe110a377e4fcb0
PASS [memory] 1.626c · every placed row says what was LEFT of the day's stake budget after it — the exact ceiling less every stake up to and including that row — {"want":[40000,42000,45000],"got":["TZS 45,000","TZS 42,000","TZS 40,000"],"stakes":["TZS 5,000","TZS 3,000","TZS 2,000"]}
PASS [memory] 1.626c · a QUEUED row from today carries the budget too — unchanged, because nothing was staked after it, and never blank — {"idle":"TZS 40,000","newestPlaced":"TZS 40,000","status":"In flight"}
PASS [memory] 1.626c · CONTROL · a row from an EARLIER day answers nothing — today's ceiling was never the one in force then — {"old":null,"stake":"TZS 6,000"}
PASS [memory] 1.626c · the figure DECREASES with every stake — the thing an officer watches, asserted as a strict order and not as a shape — {"oldestToNewest":["TZS 40,000","TZS 42,000","TZS 45,000"]}
PASS [memory] 1.626c · the newest row's title is the SAME day total the cap row above the table renders — one arithmetic for one day, in 361's untouched grammar — {"title":"used TZS 10,000 of TZS 50,000","used":10000,"limit":50000}
PASS [memory] 1.626c · the desk-wide table carries the SAME figure per row as the account's own page — each row counts against ITS OWN account's ceiling, never a total swept down the page — {"deskWide":[{"stake":"TZS 2,000","left":"TZS 40,000"},{"stake":"TZS 3,000","left":"TZS 42,000"},{"stake":"TZS 5,000","left":"TZS 45,000"}],"onAccount":[["TZS 9,000","TZS 40,000"],["TZS 2,000","TZS 40,000"],["TZS 3,000","TZS 42,000"],["TZS 5,000","TZS 45,000"]
PASS [memory] 1.626c · an account the day book holds NO row for reads the same on the desk as on its own page — absent from the book is nothing staked, and only a FAILED read is no answer — {"onAccount":"TZS 900,000,000","onDesk":"TZS 900,000,000","stake":"TZS 1,041"}
PASS [memory] 1.626c · the figure is the same under a FILTER — it is the day's budget, not a running total of whatever rows happen to be on screen — {"unfiltered":["TZS 45,000","TZS 42,000","TZS 40,000"],"filtered":["TZS 40,000","TZS 42,000","TZS 45,000"]}
[audit] ADMIN market.created usr_hb_officer Market#mkt_0625800d73a35667a487
[audit] BET market.position.opened usr_hb_14372_80 Position#pos_4b46e7bb8aa84ea0b57e
PASS [memory] 1.626c · CONTROL · an account with NO daily stake cap gets no figure at all — never a zero, and never a budget it was never given — [{"stake":"TZS 4,000","left":null}]
PASS [memory] 1.626c · EVERY row of today carries the budget, whatever its outcome — the column is a running line, not a payment receipt — ["Placed=figure","Queued=figure","Cancelled=figure","Failed=figure","Skipped=figure"]
PASS [memory] 1.626d · every placed row says what the account had left AFTER IT — read from that stake's own ledger movement, never derived — {"want":[4995000,4992000,4990000],"got":["TZS 4,995,000","TZS 4,992,000","TZS 4,990,000"]}
PASS [memory] 1.626d · a QUEUED row carries the balance forward — the wallet stood where the last movement left it — {"idle":"TZS 4,990,000","lastMovement":"TZS 4,990,000"}
PASS [memory] 1.626f · Opening − Stake = Closing, exactly, on every row that moved money — the ledger line's own arithmetic, asserted as an identity — [{"opening":"TZS 5,000,000","stake":"TZS 5,000","closing":"TZS 4,995,000"},{"opening":"TZS 4,995,000","stake":"TZS 3,000","closing":"TZS 4,992,000"},{"opening":"TZS 4,992,000","stake":"TZS 2,000","closing":"TZS 4,990,000"}]
PASS [memory] 1.626f · CONTROL · a queued row has a carried-forward closing and NO opening — there is no bracket around a stake that never left — {"closing":"TZS 4,990,000","opening":null}
PASS [memory] 1.626d · CONTROL · a row older than every recorded movement answers nothing — never a zero — {"old":null}
PASS [memory] 1.626d · the cell's title names the INSTANT the figure belongs to, in EAT — "after the movement at 10 Oct 04:42:47 EAT"
PASS [memory] 1.368b · D3 · CONTROL · the population is REAL — the ledger paints at least three distinct balances, and every exempted field is one the row really carries — {"needles":["TZS 4,990,000","TZS 4,992,000","TZS 4,995,000","TZS 5,000,000"],"missing":[]}
PASS [memory] 1.368b · 459 · D3 · on the activity view the holder's balance appears in the Opening/Closing cells and NOWHERE ELSE — the amendment is one exception, not a withdrawal of the rule — {"leaked":[]}
PASS [memory] 1.368b · D3 · CONTROL · the same scan DOES report a painted balance put back into any other field
[audit] ADMIN market.created usr_hb_officer Market#mkt_0988ba2c197784bea0f6
PASS [memory] 1.626d · CONTROL · a refund the ledger never recorded BLANKS the carried figure — a failed withdrawal returns cash with no row, and a stale smaller balance is the one answer this column may not give — {"carriedOnOlderRow":"TZS 4,990,000","strandedRow":null}
PASS [memory] 1.626d · CONTROL · …and with that same row CONFIRMED the figure comes back — so the blank above was the unrecorded refund and not the fixture merely existing — {"afterConfirm":"TZS 4,990,000"}
PASS [memory] 1.626e · a settled stake says how it ENDED, in the chip that used to say only that it was placed — Won and Lost, each in its own tone — {"won":"Won","wonChip":"success","lost":"Lost","lostChip":"danger"}
PASS [memory] 1.626e · a LOST stake is named even though it left NO transaction behind — the outcome is read from the position, never inferred from the money — {"lost":"Lost","txnTypes":["BET_PLACED"]}
PASS [memory] 1.626e · CONTROL · a stake still running carries NO result and keeps its own word — nothing is invented for an undecided bet — {"open":null,"word":"Placed"}
PASS [memory] 1.626e · CONTROL · a queued row has no position and therefore no result — the chip stays the intent's own — {"queued":null}
PASS [memory] 1.626h · a SETTLED stake's Opening and Closing still bracket THAT stake — the payout or refund that settled it carries the same position and is never read as the stake's own movement — {"won":{"opening":"TZS 5,000,000","closing":"TZS 4,995,000","want":"TZS 4,995,000"},"void":{"opening":"TZS 4,992,000","closing":"TZS 4,990,000","want":"TZS 4,990,000"}}
PASS [memory] 1.626h · CONTROL · each settled position carries its settlement as its NEWEST movement, at a balance no stake row holds — so the bracket above is a measurement, not a fixture that never settled — {"won":[["BET_PLACED",4995000],["BET_PAYOUT",4981500]],"void":[["BET_PLACED",4990000],["BET_REFUND",4983500]]}
[audit] ADMIN market.created usr_hb_officer Market#mkt_c2bb41d44323673e45cd
PASS [memory] 1.626h · a PLACED row whose own stake movement is not in view answers NOTHING — it never borrows the balance from before its own stake left — {"closing":null,"opening":null}
PASS [memory] 1.626h · CONTROL · a queued row minted just after it DOES carry a figure — so the blank above is the placed row refusing, not a ledger with nothing in it — {"closing":"TZS 4,981,500","opening":null}
PASS [memory] 1.317 · every row's outcome word and type word come from the console's own TOTAL maps, and its note is the console's own sentence — never a raw enum — ["Placed","Queued","Cancelled","Failed","Skipped"]
PASS [memory] 1.302 · a bell's `&intent=` resolves the row's page SERVER-SIDE and lands on it — page 3 of 41, with the row itself marked — {"page":3,"marked":1}
PASS [memory] 1.302 · CONTROL · the same panel WITHOUT the anchor is on page 1 and marks nothing, so the jump above came from the anchor
PASS [memory] 1.302 · an explicit `?page=` WINS over the anchor — an officer who typed a page is not moved off it
PASS [memory] 1.302 · an anchor naming ANOTHER account's row, and one that is not an id at all, both leave the panel where it was — and the malformed one is refused and named — {"foreign":1,"junk":1,"refusal":"One part of this address was not understood and was ignored: link. The rest of the filter is in force."}
PASS [memory] 1.317 · the history panel serves ONE page of 20 with a COUNTING total, and page 2 holds the rest — {"p1":20,"total":24,"p2":4,"base":1}
PASS [memory] 1.317 · the two pages are the whole set with nothing repeated, and the panel is scoped to THIS account — the second account's event and the desk-wide SWITCH_ON are in neither — {"union":24,"total":24}
PASS [memory] 1.317 · every Event cell is the console's own word — the blind kind `HOLDER_AGAINST_BOT` included — and NOT one raw enum reaches a row — ["The holder staked against this account","Rules saved","Paused by an officer","Started","The holder's money moved"]
PASS [memory] 1.369 · 266 · no history row carries an amount or the holder's wallet balance — the fixture planted 500,000 and 9,900,000 on every money event and neither reaches the view — ["when","whenTitle","eventWord","change","who","moneyHref","anchored"]
PASS [memory] 1.369 · 456 · a money row carries a DOOR instead: the platform's own transactions screen, by transaction id — "/admin/transactions?q=txn_panel_19"
PASS [memory] 1.369 · SOURCE · no file under the section, and no line of the gate module, reads `payload.amountTzs` or `payload.balanceTzs`, and neither `?tab=money` nor `formatTzsSigned` survives anywhere under the section
PASS [memory] 1.369 · CONTROL · that scan fires on each of the four things it forbids
PASS [memory] 1.453 · 474 · no history row paints the officer's free-text reason — the fixture wrote one on every event and the panel carries who, what and when from typed fields alone — ["anchored","change","eventWord","moneyHref","when","whenTitle","who"]
PASS [memory] 1.317 · the Change cell is the ONE status map's words, never a raw status, and an event that changed no status carries none — [null,"Active → Paused","Active","Paused"]
PASS [memory] 1.420 · every actor cell is a raw account ID or the console's word for the engine — never a display name, and the reader resolves no name for one — ["usr_panel_actor_23","usr_panel_actor_22","usr_panel_actor_21","usr_panel_actor_20"]
PASS [memory] 1.420 · CONTROL · the same scan rejects a display name, so the shape above is a measurement
PASS [memory] 1.373 · both panels' `When` cell states SECONDS, and its `title` carries the absolute EAT instant — a time column under a 'newest first' order that cannot tell two rows apart is a claim the screen does not support — {"feed":"10 Oct 04:42:47","history":"10 Oct 04:42:47"}
PASS [memory] 1.373 · CONTROL · the minute-only form the targets grid keeps is NOT accepted by that scan, and the shipped form is
PASS [memory] 1.317 · a history page past the end is served as the LAST page — the same idiom, never a second one — {"page":2,"rows":4}
PASS [memory] 1.302 · a bell's `&event=` lands on the page its row is on and marks it — {"page":2,"marked":1}
PASS [memory] 1.355 · a failed history read is `history === null` — the kit's failure treatment — and never an empty list — {"failed":null}
PASS [memory] 1.355 · an empty history READ answers an EMPTY LIST and its own empty state — never null, which is what a FAILED read answers one line above — {"empty":[],"failed":null}
PASS [memory] 1.355 · CONTROL · the store really was restored — the same call answers the whole set again, so the two answers above came from the plants and not from a reader that lost its rows
PASS [memory] 1.306 · the overview tab takes NEITHER list read — the two panels' reads are taken only for the tab in view — {"feed":null,"history":null}
PASS [memory] 1.340 · both desk-wide readers refuse a viewer outside the audience with `null` and perform ZERO store calls — a refused payload carries no label, no handle, no amount and no sentence — {"feed":null,"history":null,"calls":0}
PASS [memory] 1.411 · both landing pagers take `total` from a COUNTING reader and never from the page: the desk feed serves ONE page of 20 out of a total larger than it, and the total does not move as the officer pages — {"rows":20,"total":58,"lastPage":3,"lastRows":18}
PASS [memory] 1.411 · the pages together are the whole desk with nothing repeated and nothing lost — they tile the total exactly, a second read returns the identical sequence, and no page repeats its neighbour's boundary row — {"total":58,"perPage":[20,20,18],"stable":true}
PASS [memory] 1.411 · the desk feed is the DESK's population and not one account's: the second account's stake is IN it, and the desk's total is strictly larger than either account's — {"deskTotal":58,"acctTotal":41,"otherTotal":1}
PASS [memory] 1.411 · `?page=999` on the desk feed is served as the LAST page with its rows, and a page number that is not one reads as page 1 AND is reported as a refusal — {"over":3,"lastPage":3,"junk":1,"refusal":"One part of this address was not understood and was ignored: page. The rest of the filter is in force."}
PASS [memory] 1.345 · the desk-wide feed's rows and total move together over every facet — type, outcome, and two at once — because ONE filter object feeds the page read and the count — {"dKind":{"total":12,"rows":12,"want":12,"ok":true},"dOutcome":{"total":8,"rows":8,"want":8,"ok":true},"dBoth":{"total":2,"rows":2,"want":2,"ok":true}}
PASS [memory] 1.345 · CONTROL · the facets really NARROW the desk's own population, and the two-facet answer is narrower than either of its halves — {"all":58,"dKind":12,"dOutcome":8,"dBoth":2}
PASS [memory] 1.312 · the activity badge is the desk's QUEUED stakes, counted by a COUNTING reader over the same predicate the feed pages over, and it is the SAME number on all four tabs — one read in the shell, never one per panel — {"queued":8,"feed":8,"roster":8,"limits":8,"history":8}
PASS [memory] 1.312 · …and it does NOT move as the officer filters: a bell's own narrowed address cannot change the number beside the tab it points at — {"filtered":8,"rowsThatFilter":[12,8,2],"queued":8}
PASS [memory] 1.312 · CONTROL · the badge counts PENDING ALONE and not the LIVE pair, and the two are really different populations of this store — {"pending":8,"live":12}
PASS [memory] 1.355 · a FAILED desk read paints the kit's failure treatment and never an empty state: a failed page read answers `null` rows with the total intact, and a failed COUNT answers `null` for the total AND `null` for the badge — never a zero — {"listFailed":{"feed":null,"total":58},"countFailed":{"total":null,"badge":null}}
PASS [memory] 1.355 · CONTROL · the store really was restored — the same call answers the whole desk again, so the two answers above came from the plants and not from a reader that lost its rows
PASS [memory] 1.355 · 416 · an empty desk list and a filter that matched nothing say DIFFERENT things, and BOTH of the desk's sentences name the DESK — body included, which is where the account page's sentence was found painted on the landing page — {"filtered":"No stake anywhere on the desk matches what the rail above is set to. Widen the window or clear a chip.","unfiltered":"Every stake the desk tries appears here, newest first, with what happened to it."}
PASS [memory] 1.355 · 416 · CONTROL · the ACCOUNT page's own pair names the ACCOUNT in both states and never the desk, so the line above is a swap that would be reported in either direction and not a word that happens to appear — {"acctFiltered":"No stake on this account matches what the rail above is set to. Widen the window or clear a chip.","acctPlain":"Every stake this account tries appears here, newest first, with what happened to it."}
PASS [memory] 1.317 · the desk history carries the CONTROL ROW's own events — the switch, a limits save, the withdrawal — which belong to no account, and the per-account read correctly drops them — {"desk":61,"account":24}
PASS [memory] 1.317 · 474 · every desk row NAMES the account it is about, and the desk's own rows say so in the console's own word rather than being blank or borrowing an account's name — [["The desk",false,false],["The desk",false,false],["Bot 70",true,true],["Bot 68",true,true]]
PASS [memory] 1.317 · 432(n) · M6 · not one of the console's four ACCOUNT words is also one of its event words — checked over the whole of both TOTAL maps, so the row that records a removal cannot print the same sentence in the subject column and the event column — {"accountWords":["Could not be read","An account no longer on the desk","Accounts no longer on the desk","The desk"],"collisions":[],"eventWords":30}
PASS [memory] 1.317 · M6 · a REMOVED account's desk-history rows name it as a SUBJECT the roster no longer holds, in the console's own word rather than the Owner's text, and on the very row that records the removal the Account cell and the Event cell are two different sentences — {"rows":9,"sample":[["An account no longer on the desk","Added to the desk","/admin/desk/hb_14372_87"],["An account no longer on the desk","Removed from the desk","/admin/desk/hb_14372_87"]]}
PASS [memory] 1.317 · the desk history pages against a COUNTING reader in the same declared order, and a page past the end is served as the LAST page — {"total":61,"perPage":20}
PASS [memory] 1.369 · not one desk history row carries an amount or a wallet balance — an OWNER_MONEY row carries a DOOR to the platform's own transactions screen instead — [{"when":"10 Oct 04:42:47","whenTitle":"10 Oct 2026 04:42:47 EAT","eventWord":"Desk limits saved","change":null,"who":"usr_hb_officer","moneyHref":null,"anchored":false,"accountName":"The desk","accountIsOperatorText":false,"accountHref":null},{"when":"10 Oct 
PASS [memory] 1.453 · not one desk feed row carries the engine's own sentence, its decision blob or another player's raw id — the projection is finished strings and booleans — {"when":"10 Oct 04:42:47","whenTitle":"10 Oct 2026 04:42:47 EAT","stake":"TZS 17,000","leftToday":null,"leftTodayTitle":null,"resultWord":null,"resultChip":null,"closing":"TZS 4,981,500","closingTitle":"after the movement at 10 Oct 04:42:47 EAT","opening":null
PASS [memory] 1.415 · the stop control is offered on exactly the rows the badge counts — a QUEUED stake carries the id the control posts and every other row carries `null`, so no control is drawn over a stake the service could only refuse — {"offered":8,"queued":8}
PASS [memory] 1.415 · 453 · not one word of the stop dialog names the feature, and the id it posts is never PAINTED — no row renders it — {"label":"Stop it","title":"Stop this queued stake","body":"This stake has not been placed yet. Stopping it means it never will be, and the record keeps who stopped it and why.","confirmLabel":"Stop the stake","cancelLabel":"Cancel","reasonLabel":"Why are you 
PASS [memory] 1.415 · the cancel door validates the reason with the SAME bounds the control arms on, refuses a malformed idempotency key before it reads anything, and refuses a viewer outside the audience — each by its own sentence — {"tooShort":"Say why, in at least 5 characters.","tooLong":"That is longer than 300 characters.","noId":"That stake is no longer on record. Reload the page.","badSubmit":"Nothing was stopped. Reload the page and try again.","outsider":"You do not have access t
PASS [memory] 1.415 · CONTROL · the refusals really are refusals — the stake is still QUEUED after all five, so none of them wrote anything
[audit] COMPLIANCE house_bot.staff_intent_cancelled usr_hb_officer HouseBot#hb_14372_68
PASS [memory] 1.415 · the stop LANDS: the queued stake is CANCELLED, the result says so, and the badge falls by exactly one because it counts the same population the control acts on — {"stopped":{"ok":true,"changed":true,"note":null,"warn":false},"status":"CANCELLED","badge":7,"queued":8}
PASS [memory] 1.415 · a repeat of the SAME press is not a second cancel — the idempotency key is consulted BEFORE the row's status, so the officer is told what their own press did rather than that the stake had already left the queue — {"repeat":{"ok":true,"changed":true,"note":null,"warn":false},"badge":7,"queued":8}
PASS [memory] 1.415 · a NEW press over a stake that has already left the queue is refused BY NAME — the officer is told what happened rather than met with a silent no-op, and its sentence is not the repeat's — {"secondAttempt":{"ok":false,"error":"It had already left the queue, so nothing was stopped. Reload the page to see where it went."}}
PASS [memory] 1.382 · the cancel's audit action is a `HOUSE_AUDIT` key — `house_bot.staff_intent_cancelled`, the one the press builder already maps this purpose to — and it names the ACTOR BY ID with no free text in the payload — {"found":1,"row":{"action":"house_bot.staff_intent_cancelled","category":"COMPLIANCE","payload":{"botId":"hb_14372_68","marketId":"mkt_panel_40","intentId":"hbi_panel_40","side":"YES","stakeTzs":1040}}}
PASS [memory] 1.382 · CONTROL · the writerless ADMIN twin is still written by NOBODY, so the key above was chosen and not defaulted into
PASS [memory] 1.382 · INT-10 · the officer's typed sentence is on the EVENT and never in the audit payload — erasure rewrites one and structurally cannot rewrite the other — {"events":1,"reason":"stopped by the officer for a test"}
PASS [memory] 1.411 · both paged panels render the shared `AdminPagination`, each with its OWN page parameter, and the account page now draws three pagers in all — targets, activity and history — {"pagers":3}
PASS [memory] 1.411 · every `total` is a COUNTING field of the view and never a rendered array's length, and the page and page size come from the view too — never `parsePage`, whose module is client-reachable
PASS [memory] 1.411 · CONTROL · that scan fires on a total taken from the rows, which is the defect ruling 344 exists for
PASS [memory] 1.411 · each pager's `baseHref` carries its own panel's live parameters, built from the VIEW and never re-typed at the call site
PASS [memory] 1.410 · exactly ONE file under the whole section carries `data-filter-rail` — the rail's own file, once — and the `<Tabs>` element carries none (the kit's phone sort rail is the one other RENDERED `data-filter-rail` on an activity panel, by design, and its file is outside the section) — ["src/app/admin/desk/activity-filters.tsx"]
PASS [memory] 1.410 · every rank-taking control on the rail takes the SHARED rank and `replace` — the dense 32px exception is refused here, because this section's own visual gate holds every control to the 40px tap floor — {"controls":2,"ranks":0}
PASS [memory] 1.410 · the rail is DECLARED in the filter-language gate's own surface list, which is what subjects it to that suite's §6 rules at all — src/app/admin/desk/activity-filters.tsx
PASS [memory] 1.453 · the rail file types no route, no closed list and no house module — every label and every href arrives as a finished server-built string
PASS [memory] 1.453 · CONTROL · each of those three scans fires on the thing it forbids
PASS [memory] 1.373 · the activity table's headers are the control facts in order, with the money column SECOND and headed exactly `Stake` — ["When (EAT)","Opening","Stake","Closing","Left today","Outcome","Round","Game"]
PASS [memory] 1.373 · EVERY money cell on the row is the kit's own money shape — `tabular text-right` with `.amount` — derived from the panel rather than asked of one cell — {"moneyCells":4}
PASS [memory] 1.373 · CONTROL · the derived sweep really would report ONE money cell losing the shape, which the single-cell `.test()` it replaced could not
PASS [memory] 1.373 · neither activity table takes a `min-w-*` on the table itself — asserted on the OPENER, because the gutter classes made the old adjacency test unmatchable
PASS [memory] 1.373 · 432(o) · every money header on the ACTIVITY table may WRAP — a nowrap header sets the column's minimum and pins the right-aligned figure to the card's edge — {"moneyHeaders":4}
PASS [memory] 1.373 · CONTROL · the header scan really read the ACTIVITY table and not the history one, so the order above is that table's — ["When (EAT)","Opening","Stake","Closing","Left today","Outcome","Round","Game"]
PASS [memory] 1.373 · the first `.amount` cell is the SECOND wide cell — the claim this ruling rests on, measured for the first time, and measured against the layout it is about — {"firstAmountAt":1,"wideCells":8,"headers":8}
PASS [memory] 1.373 · CONTROL · the scan really would report money leaving the second wide cell
PASS [memory] 1.373 · every `colSpan` in the activity panel equals that panel's own header count — the empty state and the phone stack span the whole row, derived rather than typed — {"spans":[8,8,8],"headers":8}
PASS [memory] 1.373 · CONTROL · the span scan really would report a stale number — the defect invisible to every gate, because a spanning cell renders as one cell whatever it says
PASS [memory] 1.373 · 266 · the history table carries NO money column at all — who, what, when and the change, and a door where an amount would have been — ["When (EAT)","Event","Change","Who"]
PASS [memory] 1.302 · 432(n) · the refusal card's heading is number-agnostic and comes from the reader, so it can never disagree with the sentence beneath it — "This address was not used in full"
PASS [memory] 1.302 · CONTROL · the heading the first build shipped IS reported by that scan
PASS [memory] 1.355 · each panel paints the kit's EMPTY state only on a `length === 0` branch and the kit's FAILURE state only on a `=== null` branch — the two can never be reached by the same condition

[memory] §2e3 · the desk landing page's activity and history panels
PASS [memory] 1.410 · the landing activity panel renders the SAME rail file the account page does, with the reader's own groups, presets and default — and the section still holds exactly one rail file — {"rail":"src/app/admin/desk/activity-filters.tsx","hooks":["src/app/admin/desk/activity-filters.tsx"]}
PASS [memory] 1.410 · CONTROL · the scan really reads the landing page — a rail rendered with its own typed options instead of the reader's is reported
PASS [memory] 1.411 · each landing pager's `baseHref` carries its own panel's live parameters, built from the VIEW and never re-typed at the call site, and each list owns its own page parameter
PASS [memory] 1.411 · the three paged landing panels draw the shared `AdminPagination`, each total is a COUNTING field of its view, and none is a rendered array's length — {"pagers":3}
PASS [memory] 1.411 · the limits and results panels draw NO pager — a numbered control over a list that is never paged is a control with nothing behind it — and the roster's is the kit pager over its reader's own count, its own page word and its validated parameters
PASS [memory] 1.355 · each landing panel paints the kit's EMPTY state only on a `length === 0` branch and `AdminLoadError` only on a `=== null` branch — a failed read can never render as an empty table
PASS [memory] 1.355 · every failure treatment on this page NAMES its own subject, and no two name the same one — ["the desk's own state","the roster","the desk's activity","limit usage","the global limits","the desk's history","the desk's results by account"]
PASS [memory] 1.373 · the desk activity table's headers are the control facts in order — the SUBJECT first and the money SECOND, headed exactly `Stake`, with the control column carrying no header word — ["Account","Opening","Stake","Closing","Left today","When (EAT)","Outcome","Round","Game",""]
PASS [memory] 1.373 · 266 · the desk history table carries NO money column at all — whose, when, what, the change and who did it, and a door where an amount would have been — ["Account","When (EAT)","Event","Change","Who"]
PASS [memory] 1.373 · the desk feed's money cell is the kit's own money shape — `tabular text-right` with `.amount` — and neither landing table takes a `min-w-*` on the table itself
PASS [memory] 1.373 · decision 2 · the stake's TYPE is the Outcome cell's second line on both ledgers, in plain words under the one chip — not a column, and never a second chip — [["desk",1],["account",1]]
PASS [memory] 1.373 · decision 2 · CONTROL · the type as a second chip, the type line dropped, and a Type column restored are each reported
PASS [memory] 1.373 · decision 2 · the NOTE is a full-width line of its own under its row on both ledgers — only on a row that carries one, spanning every column, and in no column — [["desk","10"],["account","8"]]
PASS [memory] 1.373 · decision 2 · CONTROL · a note line that is never drawn, one short of the row, and a note back in a column are each reported
PASS [memory] 1.373 · decision 2 · the phone's stacked cell still carries the type and the note on both ledgers — below `sm` nothing moved
PASS [memory] 1.373 · decision 2 · a row and its note line read as ONE record — the note line is hidden below `sm`, the row drops its divider, and each lights with the other in the kit's own hover colour — {"NOTED":["sm:!border-b-0","[&:has(+tr:last-child)]:!border-b-0","[&:has(+tr:hover)]:bg-[color-mix(in_oklab,var(--bg-overlay)_50%,transparent)]"],"NOTE":["hidden","sm:table-row","[tr:hover+&]:bg-[color-mix(in_oklab,var(--bg-overlay)_50%,transparent)]","[&>td]:
PASS [memory] 1.373 · decision 2 · CONTROL · the note line shown on a phone, the divider kept between the two rows, and the hover split are each reported
PASS [memory] 1.373 · decision 2 · every `colSpan` on BOTH ledgers — empty state, phone stack and note line — equals that ledger's own header count — [["desk",10,[10,10,10]],["account",8,[8,8,8]]]
PASS [memory] 1.373 · decision 2 · CONTROL · a stale span on the desk-wide ledger is reported, which the account-page rule above could never see
PASS [memory] 1.373 · decision 2 · both activity ledgers open with the kit class and ONE 8px gutter at every width — no `sm:` gutter survives in the section — [["desk","<table className=\"admin-tbl [&_td]:!px-1.5 [&_th]:!px-1.5 max-sm:!text-caption\""],["account","<table className=\"admin-tbl [&_td]:!px-1.5 [&_th]:!px-1.5 max-sm:!text-caption\""]]
PASS [memory] 1.369 · the hour summary's bell lands on the HOUR IT IS ABOUT: the window the emitter writes, handed to the door's own resolver, comes back as exactly that window — same start, same end, to the minute — {"start":"2026-09-20T13:00:00.000Z","end":"2026-09-20T14:00:00.000Z"}
PASS [memory] 1.369 · CONTROL · both forms the console CANNOT read are driven through the same resolver and both come back as a different window — the clock form and the full ISO instant alike — and the parser refuses each outright while accepting the one the emitter writes — {"isoSpanHours":24,"isoPreset":"custom"}

[memory] §2f · the designate wizard (rulings 356, 359, 382, 383, 387)
PASS [memory] 1.359 · the wizard's check card is a PAINTED view model from the gated reader — the handle, the funded state, the open-position count and every check as a finished sentence — {"handle":"Player #372_89","funded":{"word":"Funded","chip":"success","sentence":"There is money in this wallet, so a stake can be funded from it."},"open":"0"}
PASS [memory] 1.359 · a viewer OUTSIDE the audience receives `null` and nothing else — no handle, no phone, no sentence and no id — "null"
PASS [memory] 1.359 · the phone arrives RAW as a server-only field, so the platform's own `Sensitive` decides the mask — the reader never masks it and never names a read class — {"shape":"string"}
PASS [memory] 1.359 · 459 · the card paints a funded STATE in both polarities and NO amount — not the balance, not a compacted form, not a TZS prefix anywhere — {"funded":"Funded","empty":"Not funded"}
PASS [memory] 1.359 · 453 · every blocking and warning sentence the card paints is the CONSOLE's own, and not one of them carries a house-vocabulary word — {"blocking":[{"code":"STAFF_ACCOUNT","text":"This is a staff account. Only a player's own account can be used here.","href":null}],"reason":"1 check is stopping this account."}
PASS [memory] 1.359 · CONTROL · the SERVICE's own rows for that same account DO carry one, which is why the override exists — ["This is a staff account (SUPPORT). Only a player account can provide liquidity."]
PASS [memory] 1.359 · 453 · the console has a sentence of its own for EVERY code in the service's two unions, and not one of them names the feature — {"codes":32,"missing":[],"dirty":[]}
PASS [memory] 1.359 · CONTROL · an invented code answers the neutral fallback, so the `missing` zero above is a measurement and not an empty scan — Something on the holder's own account is stopping this.
PASS [memory] 1.356 · the wizard's check card performs EXACTLY ONE wallet read, and it is the one the eligibility check already takes — {"wallet":1,"user":3}
PASS [memory] 1.356 · CONTROL · the same render fired `db.user` reads through the very object the wallet spy watches, so the ONE above is a measurement on the module under test — {"wallet":1,"user":3}
PASS [memory] 1.359 · 355 · a `?u=` with no account behind it answers `accountMissing`, and the page has one honest thing to paint: the cause — {"missing":true,"blocking":[{"code":"ACCOUNT_MISSING","text":"No account with that ID.","href":null}]}
PASS [memory] 1.359 · CONTROL · a REAL account answers the opposite on both flags, so the state above is a measurement and not a shape every card carries — {"missing":false}
PASS [memory] 1.387 · the owner's search finds the account by its id and paints the handle alone — never a name, a phone or an email — {"rows":[{"userId":"usr_hb_14372_89","handle":"Player #372_89","href":"/admin/desk/new?u=usr_hb_14372_89","reason":null}],"note":null,"count":"1 account"}
PASS [memory] 1.387 · for a caller OUTSIDE the audience a matching query, a non-matching query and an unknown id answer IDENTICALLY — and identically to the owner's own empty answer — {"refusedHit":{"rows":[],"note":"Nothing to show.","count":""},"miss":{"rows":[],"note":"Nothing to show.","count":""}}
PASS [memory] 1.387 · CONTROL · the owner CAN tell those two apart, which is what makes the identity above a measurement — {"hit":"1 account","miss":""}
PASS [memory] 1.387 · an option that cannot be chosen carries its reason, and the reason names no feature word — {"rows":[{"userId":"usr_hb_14372_90","handle":"Player #372_90","href":"/admin/desk/new?u=usr_hb_14372_90","reason":"A staff account"}],"note":null,"count":"1 account · 1 cannot be chosen"}
PASS [memory] 1.387 · a query under the floor answers with no rows, no count and no sentence — and takes no read — {"short":{"rows":[],"note":null,"count":""},"belowFloor":{"users":0,"roster":0}}
PASS [memory] 1.387 · CONTROL · a query AT the floor fires both of those reads through the very objects the spy watches, so the zeros above are a measurement and not an unreached patch — {"users":1,"roster":1}
PASS [memory] 1.383 · a caller outside the audience receives ONE fixed refusal — no field, no href, no id, no count and no existence signal — and it is the same answer for a real account and an invented one — {"ok":false,"error":"You can't change this account."}
PASS [memory] 1.383 · …and that path wrote NOTHING: the roster is unchanged on both sides of it — {"before":18,"after":18}
[audit] SECURITY house_bot.password_rejected usr_hb_officer User#usr_hb_14372_89
PASS [memory] 1.383 · CONTROL · the OWNER's own refusal for the same input is a DIFFERENT answer, so the two above are a measurement and not an unreached door
PASS [memory] 1.383 · a mistyped name is refused on its own field, in the console's own words, before a password attempt is spent — {"shortLabel":{"ok":false,"field":"label","error":"Give it a name of 2 to 32 characters."},"beforeAttempts":1,"afterAttempts":1}
PASS [memory] 1.383 · CONTROL · the LATE path says something else entirely — a name the console's own check accepts and the roster refuses answers `labelTaken`, so the sentence above is the early check's and not a shape both paths share — {"early":"Give it a name of 2 to 32 characters.","late":"That name is already in use on the desk. Choose another."}
[audit] SECURITY house_bot.password_verified usr_hb_officer User#usr_hb_14372_89
[audit] COMPLIANCE house_bot.designated usr_hb_officer HouseBot#hb_eee01aa06e9fe89ab0846461
PASS [memory] 1.359 · the owner's own designation LANDS, with a neutral note and the new account's own page as its way on — {"ok":true,"href":"/admin/desk/hb_eee01aa06e9fe89ab0846461?tab=rules","note":"It is on the desk, stopped, with no limits of its own set yet.","warn":false}
PASS [memory] 1.359 · 453 · a second designation of the same account is refused in the CONSOLE's words, never the service's — {"ok":false,"error":"This account is already on the desk.","href":"/admin/desk/hb_eee01aa06e9fe89ab0846461"}
PASS [memory] 1.387 · an account already on the desk comes back as an option that cannot be chosen, decided on the ONE roster read — {"rows":[{"userId":"usr_hb_14372_89","handle":"Player #372_89","href":"/admin/desk/new?u=usr_hb_14372_89","reason":"Already on the desk"}],"note":null,"count":"1 account · 1 cannot be chosen"}
PASS [memory] 1.359 · 259 · a viewer OUTSIDE the audience takes ZERO reads — no wallet, no roster row and no position count, not merely an empty answer — {"wallet":0,"positions":0,"roster":0}
PASS [memory] 1.359 · CONTROL · the OWNER's own call fired every one of those three through the very objects the spy watches, so the zeros above are a measurement and not an unreached patch — {"wallet":1,"positions":1,"roster":1}
PASS [memory] 1.387 · the picker's refusal is BYTE-IDENTICAL for all eight non-owner roles × three query shapes — a matching query, a non-matching one and an unknown id — {"roles":["COMPLIANCE","MODERATOR","FINANCE","GROWTH","AUDITOR","SUPPORT","PLAYER","AGENT"],"shapes":["{\"rows\":[],\"note\":\"Nothing to show.\",\"count\":\"\"}"]}
PASS [memory] 1.387 · CONTROL · the OWNER's own answer for the first of those queries is a DIFFERENT shape, so the identity above is a measurement over a population that really ran — {"owner":"1 account · 1 cannot be chosen"}
PASS [memory] 1.387(e) · the picker's rate rule EXISTS, is keyed on the CALLER, and is no looser than the burst and rate it was written with — {"capacity":30,"refillPerMin":15}
PASS [memory] 1.387(e) · CONTROL · an unknown key is ALLOWED by the same checker, which is exactly why the rule's existence has to be asserted rather than assumed
PASS [memory] 1.387(e) · CONTROL · the bucket really is keyed on the CALLER — one owner exhausted it and another owner's very next lookup still answers
PASS [memory] 1.387(e) · a rate-limited lookup answers its OWN sentence — never the refusal's, which would tell an owner inside the audience that accounts which exist do not — {"rows":[],"note":"Too many searches at once. Wait a moment and try again.","count":""}
PASS [memory] 1.387 · 412 · the answer is capped at ten options and the count says so — the number MATCHED, not the number shown, and what to do about it — {"rows":10,"count":"10 of 12 accounts · narrow the search · 10 cannot be chosen"}
PASS [memory] 1.387 · …and the ten that survive the slice are the same ten a second run returns, in one total order, on either store — ["usr_c7s6bulk14372_00","usr_c7s6bulk14372_01","usr_c7s6bulk14372_02","usr_c7s6bulk14372_03","usr_c7s6bulk14372_04","usr_c7s6bulk14372_05","usr_c7s6bulk14372_06","usr_c7s6bulk14372_07","usr_c7s6bulk14372_08","usr_c7s6bulk14372_09"]
PASS [memory] 1.387 · CONTROL · a query that matches ONE says the plain count with no truncation clause, so the sentence above is chosen by the measurement and not always printed — {"rows":[{"userId":"usr_c7s6bulk14372_11","handle":"Player #372_11","href":"/admin/desk/new?u=usr_c7s6bulk14372_11","reason":"No password set"}],"note":null,"count":"1 account · 1 cannot be chosen"}
[audit] ADMIN market.created usr_hb_officer Market#mkt_32ca9941fa73c9f69f22
PASS [memory] 1.344 · the check card's open-position figure comes from a COUNTING reader — three open, and a page of three over the same account answers zero because its newest three are settled — {"counted":3,"pagedThree":0,"painted":"3"}
PASS [memory] 1.344 · …and the count is the holder's OWN book in BOTH twins — the memory filter and the SQL predicate each exclude a marked position
PASS [memory] 1.356 · the wizard's check card takes the position COUNT exactly once — {"count":1}
PASS [memory] 1.359 · 355 · a failed eligibility read is a BLOCKING ROW, not an eligible account — and it paints no funded state and no fabricated check — {"blocking":[{"code":"UNREADABLE","text":"This account could not be checked. Refresh to try again.","href":null}],"funded":null}
PASS [memory] 1.359 · 355 · a failed position count renders an EM DASH, never a fabricated zero — and the rest of the card survives it — {"open":"—"}
PASS [memory] 1.359 · CONTROL · the same account with both reads working answers a NUMBER and a funded state, so the two degraded shapes above are measurements and not what every card looks like
PASS [memory] 1.359 · 456 · the way to the holder's own money screen and the bonus fact survive EVERY failed read — they are facts, not reads — {"href":"/admin/transactions?q=usr_hb_14372_102"}
[audit] SECURITY house_bot.password_rejected usr_hb_officer User#usr_hb_14372_103
[audit] SECURITY house_bot.password_verified usr_hb_officer User#usr_hb_14372_103
[audit] COMPLIANCE house_bot.designated usr_hb_officer HouseBot#hb_fe235172302d9e8dafee6275
PASS [memory] 1.412 · a `submitId` is spent ONCE — the right password behind a reused claim is refused, and the same right password behind a fresh claim LANDS — {"wrong":"That password is not right. 2 attempts left before the last two are held for the holder.","retrySame":"That was already sent — wait for its answer.","retryFresh":true}
PASS [memory] 1.412 · …so the wizard mints a NEW nonce for every armed attempt and spends it on refusal — it never derives one from the account and the typed name

[memory] §2f2 · the account list on the find step (RESUME-HERE §0c decision 4)
PASS [memory] 1.387L · audience · all eight non-owner roles, a signed-out caller and an unknown account get `null` and nothing else — and the reader took ZERO reads for any of them — {"answers":[["COMPLIANCE",null],["MODERATOR",null],["FINANCE",null],["GROWTH",null],["AUDITOR",null],["SUPPORT",null],["PLAYER",null],["AGENT",null],["signed out",null],["no such account",null]],"refusedReads":{"users":0,"roster":0}}
PASS [memory] 1.387L · audience · the route belt · the OWNER asking about a route OUTSIDE the desk's own section gets `null` with zero reads — the audience answers such a route by its own domain, and a row's reason says who is on the desk — {"beltAnswers":[null,null,null],"beltReads":{"users":0,"roster":0}}
PASS [memory] 1.387L · audience · CONTROL · the owner on a route INSIDE the section gets a view, and it fired both reads through the very objects the spies watch — so every zero above is a measurement and not an unreached patch — {"spy":{"users":2,"roster":2},"owner":true,"inSection":true}
PASS [memory] 1.387L · no name, phone or email · a holder with all three set is on the list as its HANDLE alone, and not one page of the whole list carries any of the three — {"rows":1,"handle":"Player #_PROBE","pages":5}
PASS [memory] 1.387L · no name, phone or email · CONTROL · the holder's own record really carries all three, and the same scan fires on a list row planted with the email appended — {"name":true,"email":true,"phone":13}
PASS [memory] 1.387L · no money · the list reads NO wallet at all — every wallet member of the store spied, across every page — and no page carries a currency figure or even the unit — {"members":["findByUserId","listAll","create","update","adjust"],"listReads":0,"pages":5}
PASS [memory] 1.387L · no money · CONTROL · the check card's reader DOES read the wallet through the same spies, and the unit scan fires on a planted figure — {"checkReads":1}
PASS [memory] 1.387L · paging · twenty to a page, the total is the WHOLE population and never a page's length, every page holds exactly what the arithmetic says, and walking every page visits every account exactly once — {"perPage":20,"total":98,"users":98,"pages":5,"visited":98}
PASS [memory] 1.387L · paging · a page past the end is served as the LAST page, with its rows — never an empty page under a pager that says there are more — {"page":5,"rows":18,"lastPage":5}
PASS [memory] 1.387L · paging · a page that is not a whole number from 1 — zero, a word, a fraction, a negative, an exponent, a repeat — is refused BY NAME and page 1 is served — [["zero",1,"One part of this address was not understood and was ignored: page. The rest of the filter is in force."],["a word",1,"One part of this address was not understood and was ignored: page. The rest of the filter is in force."],["a fraction",1,"One part
PASS [memory] 1.387L · paging · CONTROL · the population really spans more than one page, page 1 and page 2 hold different accounts, and a clean page number is honoured, not refused — so the refusals above are the parse and not a door that serves page 1 to everything — {"total":98,"pages":5,"asked2":2}
PASS [memory] 1.387L · sorting · Joined · every page, concatenated, is in joining order BOTH ways with the id breaking every tie — and three accounts opened in the same millisecond come back in id order though the store holds them the other way round — {"asc":[],"desc":[],"ties":[[8,9,10],[87,88,89]]}
PASS [memory] 1.387L · sorting · Signed in · …ordered by the last sign-in both ways, ties broken by the id — and an account that never signed in sorts LAST in BOTH directions — {"asc":[],"desc":[],"nullsLast":[true,true]}
PASS [memory] 1.387L · sorting · Account · …ordered by the HANDLE both ways — never a name, a phone or an email — and two accounts that share a handle are told apart by the id — {"asc":[],"desc":[],"handle":"Player #SAMEHD"}
PASS [memory] 1.387L · sorting · an address with no sort is Joined, newest first — the header the page marks in force, in the direction the kit's arrow draws — and the three headers are the three columns, in order — {"sort":"joined","dir":"desc","columns":[{"field":"account","label":"Account"},{"field":"joined","label":"Joined"},{"field":"signed-in","label":"Signed in"}]}
PASS [memory] 1.387L · sorting · CONTROL · the two directions really differ over every key, and the pair checker reports two adjacent rows put the wrong way round — [["joined","usr_finder14372_s20d","usr_hb_14372_104"],["signed-in","usr_finder14372_s20d","usr_finder14372_sfut"],["account","usr_finder14372_s20d","usr_finder14372_tie_c"]]
PASS [memory] 1.387L · filtering · Show · "Can be chosen" holds only rows with no reason, each one a way in; "Cannot be chosen" only rows with one, none a way in; and the two totals add up to the whole list — {"can":15,"cannot":83,"all":98}
PASS [memory] 1.387L · filtering · Show · CONTROL · the cannot side really holds every blocked kind — the officer's own account, a staff account, a closed account and an account already on the desk — each with its own reason, and none of them on the can side — {"officer":"Your own account","staff":"A staff account","closed":"The account is closed","onDesk":["Already on the desk","Already on the desk","Already on the desk"]}
PASS [memory] 1.387L · filtering · Signed in · the window is bounded at BOTH ends — two days ago is in both windows, twenty days ago only in the thirty-day one, a stamp three hours in the FUTURE in neither, and an account that never signed in only under Never — {"s2d":[true,true],"s20d":[false,true],"future":[false,false,true],"never":true}
PASS [memory] 1.387L · filtering · Signed in · every account a window serves really falls inside it, every account under Never has no sign-in at all, the seven-day window sits inside the thirty-day one, and Never holds EVERY such account — {"d7":4,"d30":5,"never":92,"any":98}
PASS [memory] 1.387L · filtering · Signed in · CONTROL · the window checker reports an account planted into a window it does not belong to — twenty days ago under seven days, a future stamp under thirty, a sign-in under Never
PASS [memory] 1.387L · validation · every parameter the list takes is checked against its closed list or its shape, and a value that is not on it is refused BY ITS SCREEN WORD — show, signed in, sort, sort direction, page — under the console's one refusal heading — [["show","One part of this address was not understood and was ignored: show. The rest of the filter is in force."],["signed","One part of this address was not understood and was ignored: signed in. The rest of the filter is in force."],["sort","One part of thi
PASS [memory] 1.387L · validation · a refused part falls back to its default while every VALID part beside it stays in force — and one sentence names all three that were dropped — {"refusal":"Parts of this address were not understood and were ignored: sort, sort direction and page. The rest of the filter is in force.","params":{"show":"can-be-chosen","signed":"past-30-days"}}
PASS [memory] 1.387L · validation · a refused value travels NOWHERE — not into the live parameters, not into the sort in force, not into a rail link — and a key the list does not own is dropped, never carried — {"params":{},"hrefs":["/admin/desk/new","/admin/desk/new?show=can-be-chosen"]}
PASS [memory] 1.387L · validation · 420 · the list CANNOT be sorted by a person's name, phone or email — each is refused as a sort and the list keeps its own order — [["name","joined"],["phone","joined"],["email","joined"],["displayname","joined"]]
PASS [memory] 1.387L · validation · CONTROL · a clean address is refused nothing and every part of it IS carried, the travel scan fires on a planted value, and the same parse DOES name a repeated parameter — {"clean":{"show":"cannot-be-chosen","signed":"never","sort":"account","dir":"asc"},"repeated":"One part of this address was not understood and was ignored: show. The rest of the filter is in force."}
PASS [memory] 1.387L · links · a row that can be chosen opens the wizard's check step for exactly that account, and a row that cannot opens nothing — {"rows":98,"choosable":15}
PASS [memory] 1.387L · links · every rail link stays on the wizard's own route, DROPS the page and KEEPS the sort and the other axis — and exactly one option per axis is marked in force — ["/admin/desk/new?signed=never&sort=account&dir=asc","/admin/desk/new?show=can-be-chosen&signed=never&sort=account&dir=asc","/admin/desk/new?show=cannot-be-chosen&signed=never&sort=account&dir=asc"]
PASS [memory] 1.387L · links · 453 · every rail token is its option's own painted word, slugged — never a code — and every one round-trips through the door with nothing refused — [["show","can-be-chosen","Can be chosen"],["show","cannot-be-chosen","Cannot be chosen"],["signed","past-7-days","Past 7 days"],["signed","past-30-days","Past 30 days"],["signed","never","Never"]]
PASS [memory] 1.387L · links · CONTROL · the rail check reports a planted link that keeps the page, and one that loses the sort
PASS [memory] 1.387L · failed reads · 355 · a failed account read is a failed LIST — no rows, no total, no count and no empty state — while the rail, the sort and the refusal still paint — {"rows":null,"total":null,"refusal":"One part of this address was not understood and was ignored: page. The rest of the filter is in force."}
PASS [memory] 1.387L · failed reads · 355 · a failed ROSTER read is a failed list too — never an empty desk that would offer an account already on it as choosable — {"rows":null,"total":null}
PASS [memory] 1.387L · failed reads · 421 · a database with no house tables is a desk nobody is on — every row still paints, and no account reads as already on the desk — {"rows":98}
PASS [memory] 1.387L · failed reads · CONTROL · the same address with both reads working paints the same accounts, and DOES mark the ones already on the desk — so each degraded shape above is a measurement — {"rows":98}
PASS [memory] 1.387L · empty · a filter that matches nothing is the kit's EMPTY state naming its own cause — no rows, a total of zero, the filtered sentence and a count that says so — never a failure and never a blank table — {"rows":[],"empty":{"title":"Nothing matches this filter","body":"No account matches what the rail above is set to. Clear a chip to see more."},"count":"0 of 1 account"}
PASS [memory] 1.387L · empty · CONTROL · the same one-account platform UNFILTERED is not empty — the officer's own account is on it and cannot be chosen — so the empty state above was earned by the filter — {"rows":1,"count":"1 account · 1 cannot be chosen"}
PASS [memory] 1.387L · RENDERED · the list as served — no money element and no currency, exactly three sortable headers with exactly one in force, none of the holder's three person fields, every choosable row's way in at the tap floor, and no way in on a row that cannot be chosen — {"links":12,"sortCells":3,"sorted":1,"money":false}
PASS [memory] 1.387L · RENDERED · a refused address paints the refusal Callout above the table and no header link carries the refused value, the failed read paints the kit's failure treatment and NO table, and the filtered-empty state paints the kit's empty row — {"refused":15891,"failed":3319,"empty":5793}
PASS [memory] 1.387L · RENDERED · CONTROL · a money span planted into the markup and the email planted into a row's handle are each reported by the same scans
PASS [memory] 1.387L · the page · the list is read ONLY on the find step, after the page's own audience verdict, with the request's address handed over untouched — and it is rendered only there, under the picker's card
PASS [memory] 1.387L · the page · CONTROL · a crafted `?u=` resolves to a step that is NOT find — the check, or the step it names — and no account resolves to find, so the guard has both values to decide between; and the pin fires on a page that reads the list unguarded
PASS [memory] 1.387L · the list file · it spends the view as painted — the pager's total is the view's counting field, the headers and the pager carry the view's own validated parameters, the rail takes the view's groups and NO window, the empty and failed branches are the kit's own, and nothing here filters, sorts, slices, routes or reads
PASS [memory] 1.387L · the list file · CONTROL · the same pins fire on a total taken from the rows, on a header handed the raw address, and on a rail handed a window
PASS [memory] 1.410 · decision 4 · the section's ONE rail draws its window only when it is handed one — both activity panels still pass theirs, the find step's list passes none — and the section still holds exactly one rail file
PASS [memory] 1.410 · decision 4 · CONTROL · the same pin fires on the rail with its window drawn unconditionally again — the shape it had before the list existed

[memory] §2g · the scope pickers, the roster's operative scope and the why-panel (2026-09-22)
[audit] ADMIN source.added system TrustedSource#src_5a3651b0f98f74d3
[audit] ADMIN updown.asset.created usr_hb_officer UpDownAsset#uda_ebeb0095163449d3
[audit] ADMIN updown.asset.enabled usr_hb_officer UpDownAsset#uda_ebeb0095163449d3
[audit] ADMIN updown.chain.created usr_hb_officer UpDownChain#udc_7e9ebee902d77d30
PASS [memory] 2g.fixture · one enabled asset with one running 5-minute chain exists on this store, so a chain can be chosen and reached — asset ok · chain ok
[audit] ADMIN updown.chain.started usr_hb_officer UpDownChain#udc_7e9ebee902d77d30
PASS [memory] 2g.picker · the form model carries TWO pickers in page order — Up & Down chains, then poll categories — each keyed by a neutral key, tied to its product switch and posting as the save's own list — [{"key":"updown-chains","field":"chains","product":"product-updown","entries":1},{"key":"poll-categories","field":"categories","product":"product-polls","entries":7}]
PASS [memory] 2g.picker · the category entries are the platform's OWN list in its own order, each labelled through the platform's label helper and carrying the category id as its value — [["sports","Sports"],["macro","Macro"],["weather","Weather"],["crypto","Crypto"],["culture","Culture"],["tech","Tech"],["other","Other"]]
PASS [memory] 2g.picker · the chain entries are the LIVE enabled-assets × chains list — the fixture's one chain, valued by its durable `<assetId>:<minutes>` key and labelled `SYMBOL N-min` — [{"key":"updown-chains.uda_ebeb0095163449d3:5","value":"uda_ebeb0095163449d3:5","label":"BTC/USD 5-min","on":false}]
PASS [memory] 2g.picker · on the production shape every entry is OFF and both product switches read ON — the state the finding was measured in — [true,true]
PASS [memory] 2g.picker · 453 · not one word of either picker — key, label, help, both state sentences, every entry — carries a house-vocabulary word
PASS [memory] 2g.words-home · the ten switches are labelled from `ENTRY_MODE_WORDS` and `PRODUCT_WORDS`, the one home the inert sentences read too — so a switch and the sentence that names it cannot spell one mode two ways — ["Up & Down","Polls","React to a player's stake","Fill a thin side","Open a quiet market","React to a player's stake","Fill a thin side","Open a quiet market","Enter now","Targeted stakes"]
PASS [memory] 2g.inert · ⛔ THE FINDING · an ACTIVE account whose rules reach nothing carries its refusal on the roster — the first reason's own sentence, a count of the rest, and the Rules tab as the way out — on the same row as a status chip that still says Active — {"status":"Active","inert":{"text":"Can't bet — Up & Down is on but no chain is chosen. (1 more)","href":"/admin/desk/hb_14372_113?tab=rules"}}
PASS [memory] 2g.words · ⛔ THE FINDING · the roster's scope line names what each ticked product can REACH — one line per product, each saying it reaches none, in the record rows' own spelling — never the summary words the switches spell — ["Up & Down · None chosen","Polls · None chosen"]
PASS [memory] 2g.words · CONTROL · with one chain and one category chosen the same row names them as LABELS — `BTC/USD 5-min` and `Macro`, never the asset id or the category key — and carries no refusal — {"products":["Up & Down · BTC/⁠USD 5-⁠min","Polls · Macro"],"inert":null}
PASS [memory] 2g.inert · a ticked product that reaches nothing is refused even while the other product is live — the row names the Polls remedy and the Up & Down line names its chain — {"products":["Up & Down · BTC/⁠USD 5-⁠min","Polls · None chosen"],"inert":{"text":"Can't bet — Polls is on but no poll category is chosen.","href":"/admin/desk/hb_14372_113?tab=rules"}}
PASS [memory] 2g.why · ⛔ the why-panel lists every reason the engine's predicate raises, on the control that fixes it — here the poll-category list, with the Rules tab as its way out — {"title":"Why this account is not betting","items":[{"key":"poll-categories","label":"Poll categories","message":"Polls is on but no poll category is chosen."}],"empty":"Nothing in the rules or limits stops this account from betting.","href":"/admin/desk/hb_14
PASS [memory] 2g.why · the readiness badge counts the SAME reasons — one blocker, named by the same label — so the rail, the panel above it and the why-panel cannot disagree; and on this ACTIVE account the Callout's headline says the account is not betting, never that it cannot start — {"blockers":1,"title":"1 thing stops this account from betting","items":[{"label":"Poll categories","unset":false}],"href":"/admin/desk/hb_14372_113?tab=rules"}
PASS [memory] 2g.why · CONTROL · with both lists reaching a member the panel's list is EMPTY and it says so in the one sentence — about the rules AND the limits — under a topic heading that claims nothing, the badge reads zero, and the roster's two lines name two categories and the chain — {"why":{"title":"Rules and limits","items":[],"empty":"Nothing in the rules or limits stops this account from betting.","href":"/admin/desk/hb_14372_113?tab=rules","hrefLabel":"Open Rules"},"readiness":{"blockers":0,"title":"0 things stop this account from bet
PASS [memory] 2g.why · an unset required cap joins the panel after the scope reasons, labelled from the one label home and carrying 364's consequence — and the badge counts it too — {"title":"Why this account is not betting","items":[{"key":"daily-loss","label":"Daily loss cap","message":"Not set — this account cannot place a bet."}],"empty":"Nothing in the rules or limits stops this account from betting.","href":"/admin/desk/hb_14372_113
PASS [memory] 2g.why · M7 · the callout above the rail and the why-panel below it are ONE list in two skins — the same labels in the same ORDER, and `blockers` is that list's length — over every state this block built, at least one of them non-empty — [{"callout":[],"panel":[],"blockers":0},{"callout":["Poll categories"],"panel":["Poll categories"],"blockers":1},{"callout":[],"panel":[],"blockers":0},{"callout":["Daily loss cap"],"panel":["Daily loss cap"],"blockers":1}]
PASS [memory] 2g.why · M7 · a retired chain reaches the CALLOUT and the badge too, not the panel alone — the divergence that let an archived chain stop an account while the tab it is fixed on showed no count — {"callout":[{"label":"Up & Down chains","unset":false}],"panel":[{"key":"updown-chains","label":"Up & Down chains","message":"Rules mention kp_no_such_chain_m7, which no longer exists — review and save."}]}
PASS [memory] 2g.save · Polls ticked with no category is REFUSED, the poll-category GROUP is the field the refusal marks, and the sentence names the remedy — {"ok":false,"error":"Choose at least one poll category, or turn Polls off.","field":"poll-categories","fields":{"poll-categories":"Choose at least one poll category, or turn Polls off."}}
PASS [memory] 2g.save · a mode on for a product that is OFF is refused on that switch's own key — the box the officer has to untick is the box that is marked — {"ok":false,"error":"Fill a thin side is on for polls, but Polls is off. Turn Polls on, or turn this off.","field":"polls-fill","fields":{"polls-fill":"Fill a thin side is on for polls, but Polls is off. Turn Polls on, or turn this off."}}
[audit] COMPLIANCE house_bot.rules_saved usr_hb_officer HouseBot#hb_14372_115
PASS [memory] 2g.save · ⛔ the two lists round-trip: what the picker posted is what the row stores (deduplicated) and what the form reads back as ticked, and the roster names it — {"landed":{"ok":true,"rulesVersion":3,"changed":1,"rulesChanged":true,"recorded":true,"warnings":[]},"stored":{"products":{"updown":false,"polls":true},"chains":[],"categories":["sports","macro"],"skipPollsClosingWithinMin":60,"poolTotalMinTzs":0,"poolTotalMax
PASS [memory] 2g.save · a category the platform does not have, a chain key it does not offer, a missing group, a group that is not a list and no lists at all are each the stale-form sentence — never a silent drop and never a field sentence about a box that looks right — ["This form is out of date. Reload the page and make the change again — nothing was saved.","This form is out of date. Reload the page and make the change again — nothing was saved.","This form is out of date. Reload the page and make the change again — nothin
PASS [memory] 2g.save · …and the refused saves wrote nothing: read before anything else lands, the stored list is still the one the last landed save chose — {"scope":{"products":{"updown":false,"polls":true},"chains":[],"categories":["sports","macro"],"skipPollsClosingWithinMin":60,"poolTotalMinTzs":0,"poolTotalMaxTzs":null},"version":[3,3]}
[audit] COMPLIANCE house_bot.rules_saved usr_hb_officer HouseBot#hb_14372_115
PASS [memory] 2g.save · CONTROL · the same save with the SAME switches and a real category lands, so the five refusals above are about the lists and not about the switches
PASS [memory] 2h.model · one row per NUMERIC RULE LEAF of the document, in the validator's own order, each with a neutral key, a label, a one-sentence explanation and the section it belongs to — the population is `RULE_NUMBER_FIELDS`, never a list typed anywhere — {"rows":29,"leaves":29}
PASS [memory] 2h.model · the section headings are the console's own words — the three entry sections read `ENTRY_MODE_WORDS`, so a heading and the switch above it cannot be two spellings of one control — ["React to a player's stake","Fill a thin side","Open a quiet market","Up & Down","Amounts","Safety margins","By hand"]
PASS [memory] 2h.model · every row carries the LIVE bounds and a range sentence built from them — `fieldBounds`, not `FIELD_META`'s raw table, so a box never looks more permissive than the seam — [["Skip polls closing within","1","43200","Between 1 minute and 43,200 minutes."],["Pool total minimum","0","100000000","Between TZS 0 and TZS 100,000,000."]]
PASS [memory] 2h.usedBy · the caption naming the switch a number belongs to is DERIVED by asking `leafUsedBy` with one switch on at a time — a leaf every state reads carries none, and a leaf no live switch reads is marked idle — {"fill":"Used only while Up & Down entry · Fill a thin side is on.","fixed":""}
[audit] COMPLIANCE house_bot.rules_saved usr_hb_officer HouseBot#hb_14372_117
PASS [memory] 2h.save · ⛔ THE NUMBERS ROUND-TRIP: four leaves from four different sections are typed, stored on the row and read back by the form — the whole of register A1 — {"landed":true,"stored":{"min":25,"max":55,"zone":40,"jitter":7},"back":{"min":"25","zone":"40"}}
PASS [memory] 2h.save · ⛔ REGISTER A4 · every numeric leaf is present in the STORED document after one save — the minimal patch that promised absent leaves would follow the default is gone, and the promise it could not keep with it — {"missing":[]}
PASS [memory] 2h.bound · a number outside its live bound and a number that is not whole are each REFUSED on that box's own key — the control the officer has to change is the control that is marked — {"overMax":{"answer-delay-min":"Between 5 and 600 seconds."},"notWhole":{"quiet-zone-updown":"Whole shillings only — no decimals."}}
PASS [memory] 2h.bound · …and neither refusal wrote: the row still holds the values the landed save stored
[audit] COMPLIANCE house_bot.rules_saved usr_hb_officer HouseBot#hb_14372_117
PASS [memory] 2h.schedule · ⛔ THE DAYS AND THE HOURS ROUND-TRIP IN EAT: two days and one 09:00→17:00 window are typed, stored as minutes of the day, painted back into the boxes and described in words — {"stored":{"days":["MON","WED"],"allDay":false,"windows":[{"startMin":540,"endMin":1020}]},"saved":["Mon 09:00 → 17:00","Wed 09:00 → 17:00"]}
PASS [memory] 2h.schedule · the stored minutes are EAT minutes-of-the-day, not UTC — 09:00 is 540 and never 360 — [{"startMin":540,"endMin":1020}]
PASS [memory] 2h.schedule · a half-typed row is refused on THAT ROW's own box, no day at all is refused on the day group, and no window with All day off is refused on the window group — each marked where the officer has to act — {"half":{"schedule-windows.0.end":"Enter a time as HH:MM."},"noDay":{"schedule-days":"Pick at least one day."},"noWindow":{"schedule-windows":"Add a window or choose All day."}}
[audit] COMPLIANCE house_bot.rules_saved usr_hb_officer HouseBot#hb_14372_117
PASS [memory] 2h.schedule · an end BEFORE its start is an overnight window — stored as typed and described as running into the next day, never silently swapped — ["Sat 22:00 → Sun 02:00 (overnight)"]
[audit] COMPLIANCE house_bot.rules_saved usr_hb_officer HouseBot#hb_14372_117
PASS [memory] 2h.schedule · All day with no window at all is accepted, stores the seven days and says so in words — the state a fresh account is SHOWN, and now the state it can actually save
[audit] COMPLIANCE house_bot.rules_saved usr_hb_officer HouseBot#hb_14372_117
PASS [memory] 2h.enterNow · ⛔ REGISTER A2 · the switch is no longer dead: with its two stakes empty the save is refused ON THOSE BOXES, and with them filled it LANDS — until today neither box existed, so every save with this switch ticked was refused on a control the form did not draw — {"refused":{"enter-now-thin-stake":"Set Enter now thin stake to use Enter now."},"refusedError":"Set Enter now thin stake to use Enter now.","landed":true,"keys":["enter-now-thin-stake","enter-now-first-stake"]}
[audit] COMPLIANCE house_bot.rules_saved usr_hb_officer HouseBot#hb_14372_117
PASS [memory] 2h.amount · the amount's kind is posted with the form and switches which box the validator reads — FIXED stores `fixedTzs` and drops `pct`, and a kind the form cannot produce is the stale-form sentence — {"amount":{"kind":"FIXED","fixedTzs":3000},"badKind":"This form is out of date. Reload the page and make the change again — nothing was saved."}
PASS [memory] 2h.whole · a post missing a numeric box, a post with no schedule at all and a post carrying a key the form never drew are each the stale-form sentence — a control that is not there is a refusal, never a value — ["This form is out of date. Reload the page and make the change again — nothing was saved.","This form is out of date. Reload the page and make the change again — nothing was saved.","This form is out of date. Reload the page and make the change again — nothin
PASS [memory] 2g.start · ⛔ Start on the production-shaped account is refused with the sentence that names the CHAIN remedy — its first refusal, in page order — and the Rules href, labelled for the dialog to draw — {"ok":false,"error":"This account can't start yet. Up & Down is on but no chain is chosen. Open Rules, change that, save, then start.","href":"/admin/desk/hb_14372_119?tab=rules","hrefLabel":"Open Rules"}
PASS [memory] 2g.start · 453 · the refusal carries no house-vocabulary word — the passed-through sentence is `INERT_COPY`'s, held neutral by the rules suite's own scan — "This account can't start yet. Up & Down is on but no chain is chosen. Open Rules, change that, save, then start."
PASS [memory] 2g.title · on a PAUSED account with reasons the why-panel is headed `Why this account can't start` and the Callout reads `2 things to fix before this account can start` — never `is not betting`, which the pause already explains — {"why":"Why this account can't start","callout":"2 things to fix before this account can start"}
PASS [memory] 2g.start · a polls-only account with no category is refused with the category sentence and the same href — {"ok":false,"error":"This account can't start yet. Polls is on but no poll category is chosen. Open Rules, change that, save, then start.","href":"/admin/desk/hb_14372_119?tab=rules","hrefLabel":"Open Rules"}
PASS [memory] 2g.start · CONTROL · an unset cap is still the console's generic RULES sentence with the same href — the pass-through is for the scope sentences only — {"ok":false,"error":"The saved rules do not allow a start yet. Open Rules, review them, save, then start.","href":"/admin/desk/hb_14372_119?tab=rules","hrefLabel":"Open Rules"}
[audit] COMPLIANCE house_bot.started usr_hb_officer HouseBot#hb_14372_119
PASS [memory] 2g.start · CONTROL · with one category chosen the same account STARTS — so the refusal above was the list and nothing else — {"ok":true,"changed":true,"note":"It is started, but the desk's master switch is off, so nothing will be staked until the desk is switched on.","warn":true}
[audit] COMPLIANCE house_bot.started usr_hb_officer HouseBot#hb_14372_119
PASS [memory] 2g.start · ⛔ REGISTER A3 · an account whose only enabled mode can NEVER enter is STARTED and told so — the warning Start already knew and used to throw away is painted, in the warning tone, with the account still running — {"ok":true,"changed":true,"note":"It is started, but the desk's master switch is off, so nothing will be staked until the desk is switched on. Every enabled mode is currently impossible.","warn":true}
PASS [memory] 2g.byhand · ⛔ the roster hands the predicate THIS build's screens: an ACTIVE polls account with a category and Enter now as its only entry carries `Can't bet — Enter now is the only entry mode on for polls, and no screen on this build can press it.` — one reason, no count — while its scope line names Sports — {"status":"Active","inert":{"text":"Can't bet — Enter now is the only entry mode on for polls, and no screen on this build can press it.","href":"/admin/desk/hb_14372_121?tab=rules"},"products":["Polls · Sports"]}
PASS [memory] 2g.byhand · ⛔ the why-panel hands the predicate the same screens: ONE item, on the Enter now switch's own key, labelled `Enter now`, carrying the by-hand sentence — and the badge counts it — {"why":{"title":"Why this account is not betting","items":[{"key":"enter-now","label":"Enter now","message":"Enter now is the only entry mode on for polls, and no screen on this build can press it."}],"empty":"Nothing in the rules or limits stops this account 
PASS [memory] 2g.byhand · ⛔ Start hands the predicate the same screens — its default — and refuses the account with the by-hand sentence passed through, the Rules href and the label, leaving it PAUSED — {"ok":false,"error":"This account can't start yet. Enter now is the only entry mode on for polls, and no screen on this build can press it. Open Rules, change that, save, then start.","href":"/admin/desk/hb_14372_121?tab=rules","hrefLabel":"Open Rules"}
[audit] COMPLIANCE house_bot.started usr_hb_officer HouseBot#hb_14372_121
PASS [memory] 2g.byhand · CONTROL · with an automatic polls mode on beside Enter now the row carries no line, the panel is empty and Start lands — so the three refusals above were the by-hand switch and nothing else — {"inert":null,"why":[],"started":{"ok":true,"changed":true,"note":"It is started, but the desk's master switch is off, so nothing will be staked until the desk is switched on.","warn":true}}
PASS [memory] 2g.live · ⛔ a saved limit a live bound now breaks is ON the panel — Stake min under the platform minimum, on the cap's own key, labelled from the one label home, in the console's own sentence with both figures — and the badge counts it, headed `Why this account can't start` on this paused account — {"why":{"title":"Why this account can't start","items":[{"key":"stake-min","label":"Stake min","message":"Saved as TZS 500; the platform minimum is now TZS 1,000."}],"empty":"Nothing in the rules or limits stops this account from betting.","href":"/admin/desk/
PASS [memory] 2g.live · ⛔ …and Start refuses the same account on the same page — the panel and the dialog can no longer disagree — with the Rules href and the account still PAUSED — {"ok":false,"error":"The saved rules do not allow a start yet. Open Rules, review them, save, then start.","href":"/admin/desk/hb_14372_123?tab=rules","hrefLabel":"Open Rules"}
PASS [memory] 2g.live · 453 · the composed sentence carries no house-vocabulary word (Start's own names the field in the engine's vocabulary, which is why the console composes its own) — "Saved as TZS 500; the platform minimum is now TZS 1,000."
[audit] COMPLIANCE house_bot.started usr_hb_officer HouseBot#hb_14372_123
PASS [memory] 2g.live · CONTROL · with Stake min at the platform minimum the panel is empty under its topic heading, the badge reads zero and Start lands — so the refusal above was the live bound and nothing else — {"why":{"title":"Rules and limits","items":[],"empty":"Nothing in the rules or limits stops this account from betting.","href":"/admin/desk/hb_14372_123?tab=rules","hrefLabel":"Open Rules"},"started":{"ok":true,"changed":true,"note":"It is started, but the des
PASS [memory] 2g.label · a ticked product with a chain but none of its own modes on is labelled `Up & Down entry` — the section any of the three switches sits in — over its sentence, on the first switch's key, in the panel and in the Callout alike; never one switch's name over a sentence that says no mode at all is on — {"why":{"title":"Why this account is not betting","items":[{"key":"updown-react","label":"Up & Down entry","message":"Up & Down is on but no entry mode is on for Up & Down."}],"empty":"Nothing in the rules or limits stops this account from betting.","href":"/a
PASS [memory] 2g.page · the roster paints the refusal off `r.inert` as a LINK to its href, at the tap floor, in the warning tone, INSIDE THE ACCOUNT CELL under the handle — and one line per product off `r.products` in the Products cell, with no link there — {"inertRefs":3}
PASS [memory] 2g.page · the Callout's headline is the server's — the page binds `view.startReadiness` once and paints that binding's own title, typing no lifecycle sentence of its own
PASS [memory] 2g.page · M7 · the blockers are named once per screen: the callout is guarded by the binding, the overview's panel is guarded by that SAME binding being null, and the rules tab's panel is guarded by neither because the callout never draws there
PASS [memory] 2g.page · the account page draws the why-panel through ONE component, linked on the overview and unlinked above the rules form, and paints the empty sentence on its own branch
PASS [memory] 2g.form · the form reads each list off the form's own controls through the group's hidden MARKER, treats a missing marker as a refusal, marks a refused group and a refused switch, and follows the live product switch for the once-on sentence
PASS [memory] 2g.act · the action dialog paints the refusal's href as a link labelled by the SERVER, and closes itself on the way through

[memory] §2h · the desk's Results tab — what its finished stakes came to (C7 437)
PASS [memory] 1.437e · `priorEatDays` walks back across a month end, a year end and leap day — 2026-03-01, 2027-01-01 and 2028-03-01 — gives nothing for zero, six for six, and THROWS on a malformed key or a count that is not a whole number — [["2026-03-01",["2026-02-28","2026-02-27"]],["2027-01-01",["2026-12-31","2026-12-30"]],["2028-03-01",["2028-02-29","2028-02-28"]]]
PASS [memory] 1.437e · CONTROL · a key cut from `toISOString().slice(0, 10)` is a DIFFERENT day at 21:30Z, and a walk-back built that way is a day off at all three boundaries — so the walks above can tell the two apart — [["2026-03-01",["2026-02-27","2026-02-26"]],["2027-01-01",["2026-12-30","2026-12-29"]],["2028-03-01",["2028-02-28","2028-02-27"]]]
PASS [memory] 1.437e · the platform's `?range=today` starts where the desk's day starts — at 20:59:59.999Z, 21:00:00.000Z and 00:00Z alike — and the day turns between the first two instants, not between the last two — [["2026-09-24T21:00:00.000Z","2026-09-24T21:00:00.000Z"],["2026-09-25T21:00:00.000Z","2026-09-25T21:00:00.000Z"],["2026-09-25T21:00:00.000Z","2026-09-25T21:00:00.000Z"]]
PASS [memory] 1.437e · SOURCE · the results reader walks back with `priorEatDays(dayKey, RESULT_DAYS - 1)` EXACTLY ONCE, from the core's own key, over a window of 7 — and the gate module still derives a day key in exactly TWO places, neither of them in this reader — {"block":4524,"walks":1,"eatDayKey":2}
PASS [memory] 1.437e · CONTROL · a reader that takes its own clock, a second walk-back, a third `eatDayKey(` and an eight-day window are each reported — in copies of the module, each plant seen to land — [[true,false],[true,false],[true,false],[true,false]]
PASS [memory] 1.437l · NO CHANNEL · no alert copy, notification source or report in the catalogue links to the Results tab — neither a `?tab=results` nor a `consoleTabHref` of `results` — so the desk's result is reached only by opening the tab — [["alert-copy.ts",28798,false],["notification-service.ts",97180,false],["comms-registry.ts",19562,false],["alerts.ts",549,false],["emitters.ts",12916,false],["catalogue.ts",50858,false]]
PASS [memory] 1.437l · the desk's landing page is the reader's ONLY caller under `src/` — no report, export, route handler, action or second page reads the desk's results — {"files":1423,"callers":["src/app/admin/desk/page.tsx"]}
PASS [memory] 1.437l · the owner's book stays the owner's — no file under `src/app/admin/house/**`, `house-ledger.ts` or `house-book.ts` names the desk's results reader, and the reader's module names none of them — {"files":7,"namesReader":[],"gate":[]}
PASS [memory] 1.437l · CONTROL · each is planted in memory and reported — a `?tab=results` in the alert copy, a `consoleTabHref` of `results` in the catalogue, a second call of the reader in the catalogue, the reader's name in the owner's book page, and `house-ledger` in the reader's module
PASS [memory] 1.437n · LAYOUT · in both results tables the first money cell is the SECOND column and every row lines up with its headers; no table and no money column carries a width floor (the one `min-w` is the Account column's 1.373 floor); the By-account empty state spans every header; and each below-`sm` fold paints the same view-model field as the wide cell it replaces — [[4,4,1,true],[3,3,1,true]]
PASS [memory] 1.437n · CONTROL · the money moved to the THIRD column, a floor on a table, an empty state one column short and a fold that paints a different field are each reported — in copies of the panel, each plant seen to land — [[true,false],[true,false],[true,false],[true,false]]
[audit] ADMIN market.created usr_hb_officer Market#mkt_7e3abfd3e1ddd4e69fd2
[audit] BET market.position.opened usr_hb_14372_134 Position#pos_1734e39d1b14506ee442
[audit] BET market.position.opened usr_hb_14372_126 Position#pos_4a51fff4d7e965316924
[audit] ADMIN market.created usr_hb_officer Market#mkt_0f6df6f027a1fe2ce18f
[audit] BET market.position.opened usr_hb_14372_136 Position#pos_f00972736c32e697a9de
[audit] BET market.position.opened usr_hb_14372_128 Position#pos_1d7a53485975ca831275
[audit] ADMIN market.created usr_hb_officer Market#mkt_6c449706519c99c3d9c5
[audit] BET market.position.opened usr_hb_14372_138 Position#pos_e9f6345f62a65b8b6a3a
[audit] BET market.position.opened usr_hb_14372_130 Position#pos_dbebab166618b380bd70
[audit] ADMIN market.created usr_hb_officer Market#mkt_4122276f873145dbf00c
[audit] BET market.position.opened usr_hb_14372_140 Position#pos_0c5d1af0eb393685206b
[audit] BET market.position.opened usr_hb_14372_132 Position#pos_6c00fb252387667f7cc0
[audit] ADMIN market.created usr_hb_officer Market#mkt_d997c0ae188777512512
[audit] BET market.position.opened usr_hb_14372_142 Position#pos_268fc63c8dbc2e3786f6
[audit] BET market.position.opened usr_hb_14372_128 Position#pos_44ee8bdd246b43a1c244
[audit] ADMIN market.created usr_hb_officer Market#mkt_fbe724dd09c5f9392b77
[audit] BET market.position.opened usr_hb_14372_144 Position#pos_0d0add5dd80f56583ecf
[audit] BET market.position.opened usr_hb_14372_126 Position#pos_552be754b60b30b6471f
[audit] ADMIN market.created usr_hb_officer Market#mkt_c1ec044bf7a77681d700
[audit] BET market.position.opened usr_hb_14372_146 Position#pos_26f7047b2b282c191efc
[audit] BET market.position.opened usr_hb_14372_132 Position#pos_15a3c380b363947027f7
[audit] ADMIN market.created usr_hb_officer Market#mkt_52904b632057df276bf8
[audit] BET market.position.opened usr_hb_14372_148 Position#pos_cf2fe8a042892fa0e17d
[audit] BET market.position.opened usr_hb_14372_132 Position#pos_4faf2364c5a6c7024154
[audit] ADMIN market.created usr_hb_officer Market#mkt_89776a293de50699eeba
[audit] BET market.position.opened usr_hb_14372_150 Position#pos_ac6f4118a1840ce35e62
[audit] BET market.position.opened usr_hb_14372_126 Position#pos_a30cdc1f11dc63d1ffe8
[audit] ADMIN market.adjudicated usr_hb_officer Market#mkt_7e3abfd3e1ddd4e69fd2
[audit] WALLET bet.payout usr_hb_14372_126 Position#pos_4a51fff4d7e965316924
[audit] ADMIN market.resolved system Market#mkt_7e3abfd3e1ddd4e69fd2
[audit] WALLET market.settled system Market#mkt_7e3abfd3e1ddd4e69fd2
[audit] SYSTEM affiliate.settlement_accruals system Market#mkt_7e3abfd3e1ddd4e69fd2
[audit] ADMIN market.adjudicated usr_hb_officer Market#mkt_0f6df6f027a1fe2ce18f
[audit] WALLET bet.payout usr_hb_14372_136 Position#pos_f00972736c32e697a9de
[audit] ADMIN market.resolved system Market#mkt_0f6df6f027a1fe2ce18f
[audit] WALLET market.settled system Market#mkt_0f6df6f027a1fe2ce18f
[audit] SYSTEM affiliate.settlement_accruals system Market#mkt_0f6df6f027a1fe2ce18f
[audit] ADMIN market.adjudicated usr_hb_officer Market#mkt_6c449706519c99c3d9c5
[audit] WALLET bet.payout usr_hb_14372_138 Position#pos_e9f6345f62a65b8b6a3a
[audit] ADMIN market.resolved system Market#mkt_6c449706519c99c3d9c5
[audit] WALLET market.settled system Market#mkt_6c449706519c99c3d9c5
[audit] SYSTEM affiliate.settlement_accruals system Market#mkt_6c449706519c99c3d9c5
[audit] ADMIN market.adjudicated usr_hb_officer Market#mkt_4122276f873145dbf00c
[audit] ADMIN market.resolved system Market#mkt_4122276f873145dbf00c
[audit] WALLET market.settled system Market#mkt_4122276f873145dbf00c
[audit] ADMIN market.adjudicated usr_hb_officer Market#mkt_fbe724dd09c5f9392b77
[audit] WALLET bet.payout usr_hb_14372_144 Position#pos_0d0add5dd80f56583ecf
[audit] ADMIN market.resolved system Market#mkt_fbe724dd09c5f9392b77
[audit] WALLET market.settled system Market#mkt_fbe724dd09c5f9392b77
[audit] SYSTEM affiliate.settlement_accruals system Market#mkt_fbe724dd09c5f9392b77
[audit] ADMIN market.adjudicated usr_hb_officer Market#mkt_c1ec044bf7a77681d700
[audit] ADMIN market.resolved system Market#mkt_c1ec044bf7a77681d700
[audit] WALLET market.settled system Market#mkt_c1ec044bf7a77681d700
[audit] ADMIN market.adjudicated usr_hb_officer Market#mkt_89776a293de50699eeba
[audit] WALLET bet.payout usr_hb_14372_126 Position#pos_a30cdc1f11dc63d1ffe8
[audit] ADMIN market.resolved system Market#mkt_89776a293de50699eeba
[audit] WALLET market.settled system Market#mkt_89776a293de50699eeba
[audit] SYSTEM affiliate.settlement_accruals system Market#mkt_89776a293de50699eeba
PASS [memory] 1.437 · fixture · nine real house stakes against nine real players: seven resolved and settled for real (a WIN, two LOSSES, a VOID, yesterday's loss, day −2's VOID, day −5's WIN), two left OPEN, and C removed after staking — {"settledOk":[true,true,true,true,true,true,true],"statusOf":{"aWin":"WIN","bLoss":"LOSS","cLoss":"LOSS","dVoid":"VOID","bOpen":"OPEN","aYday":"LOSS","dDay2":"VOID","dDay3":"OPEN","aDay5":"WIN"},"returned":[27400,0,0,5000,0,0,1000,0,2740]}
PASS [memory] 1.437b · ONE ARITHMETIC on the WHOLE desk — today's desk result equals minus the day book's realised loss, the sum of every account line's Today (the removed-accounts line included), and minus the Limits tab's settled row — {"desk":-26600,"book":26600,"rows":-26600,"settled":26600}
PASS [memory] 1.437b · CONTROL · the same four-way check reports a desk cell that says anything else, over the same book and the same Limits row — {"nudged":999999,"desk":-26600}
PASS [memory] 1.437a · AUDIENCE · a player, the holder, a trigger player, a FINANCE officer and a signed-out viewer each get `null`, and so does the ADMIN on `/admin/house` (the route belt) — with ZERO control-row, day-book and roster reads between them — {"answered":[],"refusedCalls":{"ctl":0,"day":0,"list":0}}
PASS [memory] 1.437a · CONTROL · the same ADMIN on `/admin/desk` gets seven day rows through the very spies that counted zero — and the audience question ALONE admits that ADMIN on `/admin/house`, so the null there is the belt's — {"rows":7,"controlCalls":{"ctl":1,"day":7,"list":1},"adminOnHouse":true}
PASS [memory] 1.437b · ONE ARITHMETIC — today's desk result equals minus the day book's realised loss, the sum of the account lines' Today, minus the Limits tab's settled row, and an independent walk of the ledger over the fixture's own stakes — {"desk":-16600,"book":16600,"rows":-16600,"settled":16600,"walk":-16600}
PASS [memory] 1.437b · …and each account's Today is minus its OWN account page's settled loss row and the walk of its own stakes — A a profit, B a loss, D even — and the removed-accounts line is the walk of C's stake — {"perAccount":[{"name":"A","today":17400,"settled":-17400,"walked":17400},{"name":"B","today":-30000,"settled":30000,"walked":-30000},{"name":"D","today":0,"settled":0,"walked":0}],"gone":"Loss TZS 4,000","cSettled":null}
PASS [memory] 1.437b · CONTROL · the figure is non-zero with MIXED signs across accounts, the fee is real (A's payout is less than the whole pool of 30,000), and a WIN written as a STATUS with no money moves the desk away from the ledger walk by exactly that stake — and back once it is undone — {"desk":-16600,"payout":27400,"flipped":-19600,"restored":-16600,"walk":-16600}
[audit] COMPLIANCE house_bot.loss_stop system_house_bot HouseBotControl#global
PASS [memory] 1.437b · …and the STOP acts on the same figure: `lossStops` with the global daily loss limit AT today's desk loss switches the test world's desk off, as GLOBAL_LOSS_STOP, with one switched-off alert and no security alert — {"deskLoss":16600,"at":{"bots":0,"global":true},"offCause":"GLOBAL_LOSS_STOP","seen":{"switchedOff":1,"security":0}}
PASS [memory] 1.437b · CONTROL · at today's desk loss PLUS ONE the same stop does not fire and the desk stays on — tried first, while the desk was on — {"deskLoss":16600,"above":{"bots":0,"global":false},"onAfterAbove":true}
PASS [memory] 1.437c · OUTCOMES · a VOID is 0 (D's only stake today was voided and reads Even), a LOSS is minus its stake (B lost 30,000; the removed account lost 4,000), and an OPEN stake is excluded (B's open 3,000 is in no figure) while its day reads Still running — {"d":{"text":"Even","word":"Even","figure":null,"unreadable":false,"muted":false},"b":"Loss TZS 30,000","gone":"Loss TZS 4,000","day0":["Still running","5"]}
PASS [memory] 1.437c · WORDS · a day whose only stake was really voided reads Even and Final; a day whose only stake is still open reads Nothing settled and Still running; a day with a win reads Profit; the two empty days read — with the state No stakes and a count of 0 — [["Loss TZS 16,600","Still running","5"],["Loss TZS 2,000","Final","1"],["Even","Final","1"],["Nothing settled","Still running","1"],["—","No stakes","0"],["Profit TZS 1,740","Final","1"],["—","No stakes","0"]]
PASS [memory] 1.437c · CONTROL · a genuinely level SETTLED day is not Nothing settled, a profit day is not Even, and a day with nothing finished is not Even — each word is its own branch — {"level":"Even","open":"Nothing settled","profit":"Profit TZS 1,740"}
PASS [memory] 1.437d · COHORT · a stake placed at 23:59:30 EAT yesterday and settled today as a real loss is on YESTERDAY's row — Loss TZS 2,000, one stake, Final — and in the account's Last 7 days — {"placedAt":"2026-10-09T20:59:30.000Z","day1":"Loss TZS 2,000","week":"Profit TZS 17,140"}
PASS [memory] 1.437d · CONTROL · …and TODAY's row does not carry it: today is the walk of today's stakes alone and A's Today is its win alone — a fold by the day a stake SETTLED would have put the 2,000 on today — {"desk":-16600,"walkToday":-16600,"bySettlement":-18600}
PASS [memory] 1.437e · WINDOW · exactly SEVEN day rows, newest first — Today, Yesterday, then a weekday and date — and row 0 is the shell's own day key, each row's full date that key walked back one EAT day at a time — {"dayKey":"2026-10-10","titles":["Sat 10 Oct 2026 (EAT)","Fri 9 Oct 2026 (EAT)","Thu 8 Oct 2026 (EAT)","Wed 7 Oct 2026 (EAT)","Tue 6 Oct 2026 (EAT)","Mon 5 Oct 2026 (EAT)","Sun 4 Oct 2026 (EAT)"]}
PASS [memory] 1.437e · CONTROL · an eighth row, a window shifted by one day and rows painted from another day's key are each reported
PASS [memory] 1.437f · ONE READ PER DAY — seven day-book reads for seven rows, seven distinct days, today's read exactly once (the core's own), every one over the whole desk — ["2026-10-09T21:00:00.000Z","2026-10-08T21:00:00.000Z","2026-10-07T21:00:00.000Z","2026-10-06T21:00:00.000Z","2026-10-05T21:00:00.000Z","2026-10-04T21:00:00.000Z","2026-10-03T21:00:00.000Z"]
PASS [memory] 1.437f · CONTROL · a planted second read of today is reported, and the spy was the handle the reader actually called — {"reads":7,"today":"2026-10-09T21:00:00.000Z"}
PASS [memory] 1.437g · ONE FAILED DAY · only day −2's read rejects: that row says `couldn't read — this is not zero` (its count and state are dashes), and every account's Last 7 days says the same — {"failedCalls":1,"row":{"dayText":"Thu 8 Oct","dayTitle":"Thu 8 Oct 2026 (EAT)","result":{"text":"couldn't read — this is not zero","word":"couldn't read — this is not zero","figure":null,"unreadable":true,"muted":true},"stakesText":"—","stateText":"—"},"weeks
PASS [memory] 1.437g · …and everything else is REAL: the six other days and every account's Today are exactly what they are with no failure — {"lines":[31,31]}
PASS [memory] 1.437g · CONTROL · the failed row is not blank, not Even, not No stakes and not — (each would read as a zero), and the same row without the failure is the real Even — {"failed":"couldn't read — this is not zero","real":"Even"}
PASS [memory] 1.437h · REMOVED · C, removed after staking, is still in today's desk result, in ONE removed-accounts line that reads `An account no longer on the desk` — no link, no handle — carrying C's loss — {"gone":{"accountName":"An account no longer on the desk","accountIsOperatorText":false,"accountHandle":null,"accountHref":null,"today":{"text":"Loss TZS 4,000","word":"Loss","figure":"TZS 4,000","unreadable":false,"muted":false},"week":{"text":"Loss TZS 4,000
PASS [memory] 1.437h · the account lines' Last 7 days add up to the day rows — every account on the roster plus the removed-accounts line, and nothing else — {"weeks":-16860,"days":-16860}
PASS [memory] 1.437h · CONTROL · a fold over the ROSTER only would differ from the day rows — by exactly the removed account's 4,000 — {"rosterOnly":-12860,"days":-16860}
PASS [memory] 1.437h · with a SECOND removed account in the window the line reads `Accounts no longer on the desk` — still ONE line, carrying both accounts' money, with every total unchanged — {"gone":{"accountName":"Accounts no longer on the desk","accountIsOperatorText":false,"accountHandle":null,"accountHref":null,"today":{"text":"Loss TZS 4,000","word":"Loss","figure":"TZS 4,000","unreadable":false,"muted":false},"week":{"text":"Loss TZS 4,000",
PASS [memory] 1.437h · CONTROL · the singular and the plural are different words, and the line was the SINGULAR before the second removal — ["An account no longer on the desk","Accounts no longer on the desk"]
PASS [memory] 1.437i · GRAMMAR · every result cell of every state reads Profit or Loss beside an UNSIGNED `TZS` figure, or Even, Nothing settled, No stakes, — or the failed-read sentence — and its text is exactly its word and its figure — {"cells":412,"off":[]}
PASS [memory] 1.437i · CONTROL · `+TZS 1,000`, `−TZS 1,000`, `TZS 0`, `Net TZS 5` and `Profit TZS −1,000` are each refused by the same pattern, and so is a cell whose figure carries a sign
PASS [memory] 1.437j · CONTAINMENT · the roster, activity, limits, history and account views on the same fixture carry no `Profit TZS` / `Loss TZS` phrase — and the results view does — {"carriers":[],"sizes":[["roster",29599],["activity",18293],["limits",8170],["history",7827],["account",41746]]}
PASS [memory] 1.437j · CONTROL · `Profit TZS 1` planted in one activity row is reported — {"rows":20}
PASS [memory] 1.437k · LEXICON · nothing the Results tab paints, in any of its states, names the feature — every day, every cell, every account line, the note and the shell's own strings — {"hits":[],"sizes":[214,211,209]}
PASS [memory] 1.437k · CONTROL · `Bot results` planted in the note, and as one day's name, is reported each time
PASS [memory] 1.437 · teardown · every account the block designated is off the roster again (the 20 slots are shared), the day-book store is the real one, and the master switch is where the block found it — {"designated":4,"onBefore":2,"onAfter":0,"enabled":[false,false],"offCause":["MANUAL","MANUAL"]}

[memory] §2i · ruling 543 — an audit that cannot be signed never reports a landed write as failed
PASS [memory] 2.543.0 · fixture · the audit chain this child has written so far verifies BEFORE this block touches it — so a break found below was made here — {"valid":true}
PASS [memory] 2.543.1 · ⭐ an append that cannot be SIGNED — production, no chain secret — RESOLVES, never rejects, and names its shortfall: recorded false, UNSIGNED, and a ticketed id this very call was issued — {"rejected":null,"recorded":false,"unrecorded":"UNSIGNED","id":"aud_bmv1qc2nf7bec4a_000000125","tickets":[124,125]}
PASS [memory] 2.543.1b · …and the same answer when the chain secret EQUALS the session secret — the other half of the refusal, which a secret that is merely present does not pass — {"rejected":null,"recorded":false,"unrecorded":"UNSIGNED"}
PASS [memory] 2.543.2 · nothing of it was written ANYWHERE: the audit store has no entry for its id, on Postgres the table has no row, and its hash is a word rather than a hash — {"inStore":false,"tableRows":0,"entryHash":"UNSIGNED","prevHash":"UNSIGNED"}
PASS [memory] 2.543.2c · CONTROL · the fault was LIVE for those calls: under the same env the chain's own verifier THROWS the refusal — so the resolve above is the fix, not an env change that never took — AUDIT_CHAIN_SECRET must be set in production and distinct from SESSION_SECRET
[audit] SYSTEM probe.543.signed system 
PASS [memory] 2.543.3 · CONTROL · with the secret back the SAME append is recorded — so the flag is a measurement, not a constant — its entry is in the store, and the chain still verifies, so no unsigned entry ever joined it — {"rejected":null,"recorded":true,"inStore":true,"tableRows":0,"chain":{"valid":true}}
PASS [memory] 2.543.10 · switching the desk ON while its compliance record cannot be signed: the desk IS on, the answer is a success, and it is a WARNING that the record could not be written — with no audit id on the event — {"threw":null,"result":{"ok":true,"on":true,"changed":true,"note":"The desk is on. ⚠️ Its compliance record could not be written — tell whoever keeps the records.","warn":true},"enabled":true,"auditId":null}
[audit] COMPLIANCE house_bot.switch_on usr_hb_officer HouseBotControl#global
[audit] SYSTEM notification.deduped system Notification#ntf_a4864a1070d66850caf6
[audit] SYSTEM notification.deduped system Notification#ntf_8244557e4a3feb1f23cc
[audit] SYSTEM notification.deduped system Notification#ntf_a7a856197013e54afb97
[audit] SYSTEM notification.deduped system Notification#ntf_c4ffcb8c9447fbc40f30
PASS [memory] 2.543.10c · CONTROL · the same switch-on with the secret in place carries no note and no warning, and its event carries an audit id the audit store holds — {"result":{"ok":true,"on":true,"changed":true,"note":null,"warn":false},"auditId":"aud_bmv1qc2nf7bec4a_000000129"}
PASS [memory] 2.543.4a · ⭐ the kill switch while its compliance record cannot be signed: the desk IS off, the stop is reported as landed, the alert still goes out, the event carries no audit id — and the service says the record did not land — {"threw":null,"result":{"ok":true,"changed":true,"drain":"drained","cancelled":0,"message":"House bots are off. No bot will place a bet.","recorded":false},"enabled":false,"alerts":1,"auditId":null}
PASS [memory] 2.543.4b · …and the CONSOLE says both, as a warning: the desk is off and its compliance record could not be written — never "Nothing changed" — the event carries no audit id, and the officer's bell still rang — {"threw":null,"result":{"ok":true,"on":false,"changed":true,"note":"The desk is off. ⚠️ Its compliance record could not be written — tell whoever keeps the records.","warn":true},"enabled":false,"auditId":null,"rang":true}
[audit] COMPLIANCE house_bot.switch_off system_house_bot HouseBotControl#global
[audit] SYSTEM notification.deduped system Notification#ntf_0c9cfb625707c3913a55
[audit] SYSTEM notification.deduped system Notification#ntf_4374c50d62c993dee2ca
[audit] SYSTEM notification.deduped system Notification#ntf_f23da81e54f492c9c823
[audit] SYSTEM notification.deduped system Notification#ntf_7acfe4faab4759d80ce5
PASS [memory] 2.543.4c · CONTROL · the same stop with the secret in place carries no record sentence and no warning, and stamps its event with an id the audit store holds — so the two above are the missing record's doing — {"result":{"ok":true,"on":false,"changed":true,"note":null,"warn":false},"auditId":"aud_bmv1qc2nf7bec4a_000000136"}
PASS [memory] 2.543.5 · ⭐ Start while its compliance record cannot be signed: the account IS running, the answer is a success, and it is a WARNING carrying the record sentence — never "That could not be written. Nothing changed" — {"threw":null,"result":{"ok":true,"changed":true,"note":"It is done. ⚠️ Its compliance record could not be written — tell whoever keeps the records. It is started, but the desk's master switch is off, so nothing will be staked until the desk is switched on.","
[audit] COMPLIANCE house_bot.started usr_hb_officer HouseBot#hb_14372_157
PASS [memory] 2.543.5c · CONTROL · the same Start with the secret in place says nothing about a record — so the sentence above is the missing record's, and not something Start always says — {"ok":true,"changed":true,"note":"It is started, but the desk's master switch is off, so nothing will be staked until the desk is switched on.","warn":true}
PASS [memory] 2.543.6 · ⭐ a designation while its compliance record cannot be signed: the account IS on the desk, the answer is a success, and it is a WARNING carrying the record sentence — never "That could not be written. Nothing changed", which sent the officer to spend another of the holder's attempts — {"threw":null,"result":{"ok":true,"href":"/admin/desk/hb_5965de89bf8fd83eb947f443?tab=rules","note":"It is done. ⚠️ Its compliance record could not be written — tell whoever keeps the records. It is on the desk, stopped, with no limits of its own set yet.","wa
[audit] SECURITY house_bot.password_verified usr_hb_officer User#usr_hb_14372_159
[audit] COMPLIANCE house_bot.designated usr_hb_officer HouseBot#hb_6ac6167536e3184d2b8ac849
PASS [memory] 2.543.6c · CONTROL · the same designation with the secret in place is a plain success — no warning and no record sentence — and the capacity read really was put back — {"threw":null,"result":{"ok":true,"href":"/admin/desk/hb_6ac6167536e3184d2b8ac849?tab=rules","note":"It is on the desk, stopped, with no limits of its own set yet.","warn":false}}
PASS [memory] 2.543.7 · a rules save while its compliance record cannot be signed still LANDS — the new value is on the row — and says the record did not: recorded false, never "Nothing was saved" — {"threw":null,"result":{"ok":true,"rulesVersion":3,"changed":1,"rulesChanged":true,"recorded":false,"warnings":[]},"stored":26}
[audit] COMPLIANCE house_bot.rules_saved usr_hb_officer HouseBot#hb_14372_161
PASS [memory] 2.543.7c · CONTROL · the same save with the secret in place reports its record written — so the flag above is a measurement and not a constant — {"ok":true,"rulesVersion":4,"changed":0,"rulesChanged":true,"recorded":true,"warnings":[]}
PASS [memory] 2.543.9 · Pause and Remove while their compliance records cannot be signed: each account MOVED, each answer is a success carrying the record sentence as a WARNING, and neither event is stamped with the id of a row that does not exist — {"pause":{"ok":true,"changed":true,"note":"It is done. ⚠️ Its compliance record could not be written — tell whoever keeps the records.","warn":true},"remove":{"ok":true,"changed":true,"note":"It is done. ⚠️ Its compliance record could not be written — tell who
[audit] ADMIN house_bot.paused usr_hb_officer HouseBot#hb_14372_167
PASS [memory] 2.543.9c · CONTROL · the same Pause with the secret in place is no warning, and its event carries an audit id the audit store holds — {"result":{"ok":true,"changed":true,"note":null,"warn":false},"auditId":"aud_bmv1qc2nf7bec4a_000000151"}
[audit] ADMIN market.created usr_hb_officer Market#mkt_32e45dd0d235b9ae73ab
PASS [memory] 2.543.11 · the staff cancel while its decision record cannot be signed: the stake IS stopped, the answer is a success whose warning says the record is not written yet, and neither the press nor its event holds the id of a row that does not exist — so the lease repair still writes it — {"threw":null,"result":{"ok":true,"changed":true,"note":"The stake was stopped, but the decision record has not been written yet. It will be.","warn":true},"pressAuditId":"no press","eventAuditId":"no event"}
[audit] COMPLIANCE house_bot.staff_intent_cancelled usr_hb_officer HouseBot#hb_14372_169
PASS [memory] 2.543.11c · CONTROL · the same cancel with the secret in place is no warning, and its press is audited with an id the audit store holds — {"result":{"ok":true,"changed":true,"note":null,"warn":false},"pressAuditId":"aud_bmv1qc2nf7bec4a_000000154"}
PASS [memory] 2.543.t · teardown · every account this block created is off the roster again (the 20 slots are shared), and the master switch is where the block found it — {"created":9,"stillLive":0,"enabled":[false,false],"offCause":["MANUAL","MANUAL"]}
PASS [memory] 2.543.8 · ⛔ every house writer READS the flag: each audit( call under src/lib/server/house-bot/ — the directory walked from disk, the eight known writers among them — is awaited into a name whose .recorded is read in its own block, and no try { wraps one — {"files":40,"writers":["designation.ts","limits-save.ts","outcomes.ts","press-audit.ts","roster-actions.ts","rules-save.ts","sunset.ts","switch-on.ts"],"calls":8,"problems":[]}
PASS [memory] 2.543.8c · CONTROL · the law REPORTS the shapes it forbids — a try planted around a real writer's call, a real writer whose read of the flag is removed, and a caught, an unread and a bare call — and passes a clean one whose string carries a brace — {"caught":["switch-on.ts:121 · a try { directly wraps the call — its catch can never run","switch-on.ts:121 · the call's answer is not awaited into a name"],"synthetic":{"caught":2,"unread":1,"bare":1,"clean":0}}

[memory] §2j · FS-09 — every roster act that lands tells every admin, once, and nobody else
[audit] SECURITY house_bot.password_rejected usr_hb_14372_172 User#usr_hb_14372_174
PASS [memory] 2.fs09.1c · CONTROL · a designation REFUSED on a wrong password tells nobody — no DESIGNATED row in either admin's inbox, and nothing for the holder — {"result":{"ok":false,"field":"password","error":"That password is not right. 2 attempts left before the last two are held for the holder."},"fan":{"officer":[],"actor":0,"holder":0,"bystander":0,"body":null}}
[audit] SECURITY house_bot.password_verified usr_hb_14372_172 User#usr_hb_14372_175
[audit] COMPLIANCE house_bot.designated usr_hb_14372_172 HouseBot#hb_cc85cba8c5aa4e812e909df7
PASS [memory] 2.fs09.1 · DESIGNATED · adding an account tells EVERY admin once — the other admin and the actor each get ONE row linking to the account's DESIGNATED event, naming the officer in all three languages — and the holder and a bystander get nothing (D19c) — {"result":{"ok":true,"href":"/admin/desk/hb_cc85cba8c5aa4e812e909df7?tab=rules","note":"It is on the desk, stopped, with no limits of its own set yet.","warn":false},"fan":{"officer":[["House bot \"Alert check designate\" · DESIGNATED · 04:42:59","/admin/desk/
PASS [memory] 2.fs09.3c · CONTROL · a Start the rules REFUSE tells nobody — the account stays paused and no STARTED row appears anywhere — {"result":{"ok":false,"error":"The saved rules do not allow a start yet. Open Rules, review them, save, then start.","href":"/admin/desk/hb_cc85cba8c5aa4e812e909df7?tab=rules","hrefLabel":"Open Rules"},"fan":{"officer":[],"actor":0,"holder":0,"bystander":0,"bo
[audit] SECURITY house_bot.password_rejected usr_hb_14372_172 HouseBot#hb_cc85cba8c5aa4e812e909df7
PASS [memory] 2.fs09.2c · CONTROL · a re-verify REFUSED on a wrong password tells nobody — {"result":{"ok":false,"error":"That password is not right. 2 attempts left before the last two are held for the holder.","field":"password"},"fan":{"officer":[],"actor":0,"holder":0,"bystander":0,"body":null}}
[audit] SECURITY house_bot.password_verified usr_hb_14372_172 HouseBot#hb_cc85cba8c5aa4e812e909df7
PASS [memory] 2.fs09.2 · VERIFIED · confirming the holder's permission tells EVERY admin once, linking to the VERIFIED event and naming the officer — the holder is told nothing — {"result":{"ok":true,"changed":true,"note":"The holder's permission is confirmed again. Start the account when you are ready.","warn":false},"fan":{"officer":[["House bot \"Alert check designate\" · VERIFIED · 04:42:59","/admin/desk/hb_cc85cba8c5aa4e812e909df7
[audit] COMPLIANCE house_bot.started usr_hb_14372_172 HouseBot#hb_14372_177
PASS [memory] 2.fs09.3 · STARTED · a Start that lands tells EVERY admin once, linking to the STARTED event and naming the officer — the holder is told nothing — {"result":{"ok":true,"changed":true,"note":"It is started, but the desk's master switch is off, so nothing will be staked until the desk is switched on.","warn":true},"fan":{"officer":[["House bot \"Bot 177\" · STARTED · 04:42:59","/admin/desk/hb_14372_177?tab
PASS [memory] 2.fs09.3n · CONTROL · pressing Start on an account that is ALREADY running changes nothing and tells nobody — {"result":{"ok":true,"changed":false,"note":"This account was already running. Nothing changed.","warn":false},"fan":{"officer":[],"actor":0,"holder":0,"bystander":0,"body":null}}
[audit] COMPLIANCE house_bot.rules_saved usr_hb_14372_172 HouseBot#hb_14372_179
PASS [memory] 2.fs09.4 · RULES_SAVED · a rules save that moves several fields tells EVERY admin once, linking to its RULES_SAVED event, with EVERY moved field's before → after in the one sentence — the cap as money, the delay with its unit symbol and its section — {"result":{"ok":true,"rulesVersion":3,"changed":1,"rulesChanged":true,"recorded":true,"warnings":[]},"fan":{"officer":[["House bot \"Bot 179\" · RULES_SAVED · 04:42:59","/admin/desk/hb_14372_179?tab=history&event=hbe_4209e2cb1cebf38d5a2f9a9e"]],"actor":1,"hold
[audit] COMPLIANCE house_bot.rules_saved usr_hb_14372_172 HouseBot#hb_14372_179
PASS [memory] 2.fs09.4b · RULES_SAVED · a save that moves ONE field says exactly that field, from and to, in the copy's own three slots — and nothing it did not move — {"result":{"ok":true,"rulesVersion":4,"changed":0,"rulesChanged":true,"recorded":true,"warnings":[]},"fan":{"officer":[["House bot \"Bot 179\" · RULES_SAVED · 04:42:59","/admin/desk/hb_14372_179?tab=history&event=hbe_043a6aca2603392e5a36defa"]],"actor":1,"hold
[audit] COMPLIANCE house_bot.rules_saved usr_hb_14372_172 HouseBot#hb_14372_179
PASS [memory] 2.fs09.4n · CONTROL · a rules save that moves NOTHING still lands (the version advances) and tells nobody — an alert saying the rules changed would be false — {"result":{"ok":true,"rulesVersion":5,"changed":0,"rulesChanged":false,"recorded":true,"warnings":[]},"fan":{"officer":[],"actor":0,"holder":0,"bystander":0,"body":null}}
PASS [memory] 2.fs09.4c · CONTROL · a rules save REFUSED as stale tells nobody, and the stored delay is untouched — {"result":{"ok":false,"error":"Someone else changed this account while this page was open. Nothing was saved — reload the page and make the change again."},"fan":{"officer":[],"actor":0,"holder":0,"bystander":0,"body":null}}
[audit] COMPLIANCE house_bot.limits_saved usr_hb_14372_172 HouseBotControl#global
PASS [memory] 2.fs09.5 · LIMITS_SAVED · the desk's limits save writes its OWN history row — no account, no holder, the officer as actor — which the save had never written — {"result":{"ok":true,"limitsVersion":51,"changed":1,"recorded":true,"warnings":[]},"event":{"houseBotId":null,"userId":null,"actorId":"usr_hb_14372_172"}}
PASS [memory] 2.fs09.5b · LIMITS_SAVED · and it tells EVERY admin once, as the DESK's change: no account in the title, the link on the desk's own history at that row, the one moved limit from and to — {"fan":{"officer":[["House bots · LIMITS_SAVED · 04:42:59","/admin/desk?tab=history&event=hbe_fd14151a2055811338412854"]],"actor":1,"holder":0,"bystander":0,"body":"The global limits changed — Bell alerts per hour: 20 → 21 by Officer Fs09. Recorded in the hous
[audit] COMPLIANCE house_bot.limits_saved usr_hb_14372_172 HouseBotControl#global
PASS [memory] 2.fs09.5n · CONTROL · a limits save that moves NOTHING still lands (the version advances) and tells nobody — {"result":{"ok":true,"limitsVersion":52,"changed":0,"recorded":true,"warnings":[]},"fan":{"officer":[],"actor":0,"holder":0,"bystander":0,"body":null}}
PASS [memory] 2.fs09.5c · CONTROL · a limits save REFUSED as stale tells nobody, and the limit is untouched — {"result":{"ok":false,"error":"Someone else changed these limits while this page was open. Nothing was saved — reload the page and make the change again."},"fan":{"officer":[],"actor":0,"holder":0,"bystander":0,"body":null}}
[audit] COMPLIANCE house_bot.limits_saved usr_hb_14372_172 HouseBotControl#global
PASS [memory] 2.fs09.5r · putting the limit back is a save like any other — one row per admin, from and to reversed — and the desk is where this block found it — {"result":{"ok":true,"limitsVersion":53,"changed":1,"recorded":true,"warnings":[]},"fan":{"officer":[["House bots · LIMITS_SAVED · 04:42:59","/admin/desk?tab=history&event=hbe_4191499a8926e386e90d8080"]],"actor":1,"holder":0,"bystander":0,"body":"The global li
PASS [memory] 2.fs09.5z · the net · whatever stopped the lines above, the shared bell limit is back where this block found it before any later block reads the desk — {"found":20,"now":20,"stoppedBy":null}
[audit] ADMIN house_bot.paused usr_hb_14372_172 HouseBot#hb_14372_181
PASS [memory] 2.fs09.6 · PAUSED · a Pause by hand tells EVERY admin once, linking to the PAUSED event and naming the officer, and points at the reason its event keeps — {"result":{"ok":true,"changed":true,"note":null,"warn":false},"fan":{"officer":[["House bot \"Bot 181\" · PAUSED · 04:42:59","/admin/desk/hb_14372_181?tab=history&event=hbe_949186e99afb3fc67d88b66a"]],"actor":1,"holder":0,"bystander":0,"body":"The bot was paus
PASS [memory] 2.fs09.6n · CONTROL · pausing an account that is not running changes nothing and tells nobody — {"result":{"ok":true,"changed":false,"note":"This account was not running. Nothing changed.","warn":false},"fan":{"officer":[],"actor":0,"holder":0,"bystander":0,"body":null}}
PASS [memory] 2.fs09.7c · CONTROL · a Remove REFUSED on the wrong typed word tells nobody, and the account is still on the desk — {"result":{"ok":false,"error":"Type REMOVE exactly, in capitals, to confirm.","field":"typed"},"fan":{"officer":[],"actor":0,"holder":0,"bystander":0,"body":null}}
[audit] COMPLIANCE house_bot.removed usr_hb_14372_172 HouseBot#hb_14372_183
PASS [memory] 2.fs09.7 · REMOVED · a Remove tells EVERY admin once, linking to the REMOVED event and naming the officer — {"result":{"ok":true,"changed":true,"note":null,"warn":false},"fan":{"officer":[["House bot \"Bot 183\" · REMOVED · 04:42:59","/admin/desk/hb_14372_183?tab=history&event=hbe_4a0f61df88c14bb21bf927fb"]],"actor":1,"holder":0,"bystander":0,"body":"The bot was rem
PASS [memory] 2.fs09.t · teardown · every account this block created is off the roster again (the 20 slots are shared) — {"created":5,"stillLive":0}
PASS [memory] 2.fs09.8 · the four target codes have no writer to announce them YET — nothing under src/ outside the DAL calls insert, casUpdate, remove or veto on the DAL's targetStore, under any name it is bound to, and the targeting screen is not built — {"files":1423,"bound":["src/lib/server/house-bot/designation.ts","src/lib/server/house-bot/enter-now.ts","src/lib/server/house-bot/fire.ts","src/lib/server/house-bot/oversight.ts","src/lib/server/house-bot/planner.ts","src/lib/server/house-bot/roster-actions.t
PASS [memory] 2.fs09.8a · THE LAW · every file under src/ that reaches the DAL's targetStore — by name, import alias, namespace or dynamic import — and calls an officer writer on it also calls announceRoster with a TARGET_* event; the store never leaves a file as a value, and nothing re-exports it — {"targetCodes":["TARGET_ADDED","TARGET_CHANGED","TARGET_REMOVED","TARGET_STOPPED"],"silentWriters":[],"escaped":[],"reexports":[]}
PASS [memory] 2.fs09.8i · the target store's interface is exactly the fourteen members this law classifies — four officer writers, two system ends, eight readers — so a new writer cannot arrive unclassified — {"members":["activeForMarket","casUpdate","countActive","countForBot","endActive","endAllForBot","everStopped","get","getForUpdate","insert","listActive","listForBot","remove","veto"],"unclassified":[],"gone":[]}
PASS [memory] 2.fs09.8c1 · CONTROL · a planted writer with no alert IS reported for each of the four officer writers — insert, casUpdate (the DAL's real change writer, which the first scan missed), remove and veto — across a line break — [["insert",true],["casUpdate",true],["remove",true],["veto",true]]
PASS [memory] 2.fs09.8c2 · CONTROL · a writer on an ALIASED receiver IS reported — targetStore as X in the file's own DAL import — and so is one through a namespace import, a dynamic import's renamed destructure, and a dynamic import's module object, and one imported from the DAL's .js specifier — [true,true,true,true,true]
PASS [memory] 2.fs09.8c3 · CONTROL · a writer whose file announces only a NON-target code IS reported — an announceRoster with event PAUSED, a TARGET_* word outside the call, or another emitter carrying it, does not cover a target — and neither does a TARGET_* call through a same-named local or through no import at all — [true,true,true,true]
PASS [memory] 2.fs09.8c4 · CONTROL · the store leaving a file as a value IS reported — destructured, handed to a function, put in an object — and so is a re-export of it from the DAL, a spread of it, and a binding of the DAL the scan cannot follow (a require) — [true,true,true,true,true,true,true]
PASS [memory] 2.fs09.8c5 · CONTROL · and the scan is not a blanket — a writer announcing a TARGET_* code (by name or by alias), a reader, a system end, and a same-named local that is not the DAL's are all NOT reported — nor a writer whose announcer is a dynamic import's destructure, nor a type-only import of the DAL beside a local — [false,false,false,false,false,false,false]

[memory] §2k · step 9 — every desk table sorts, and none can grow past a page
[audit] ADMIN market.created usr_hb_officer Market#mkt_6a96cf3ccb391e9b9e06
[audit] BET market.position.opened usr_hb_14372_184 Position#pos_dc69839c7a15a5f3149f
[audit] ADMIN market.created usr_hb_officer Market#mkt_648f724a00eed5ad510c
[audit] BET market.position.opened usr_hb_14372_184 Position#pos_8b5ad35d212f1169b330
[audit] ADMIN market.created usr_hb_officer Market#mkt_4455f010d2a7a22d28d8
[audit] BET market.position.opened usr_hb_14372_184 Position#pos_d1c39901c819bf9406d0
[audit] ADMIN market.created usr_hb_officer Market#mkt_bf56acf81ed2ee575e86
[audit] BET market.position.opened usr_hb_14372_184 Position#pos_d77c52b1166c68e00b09
PASS [memory] 1.s9 · ledger · Stake · every page, concatenated, is in stake order BOTH ways with the panel's own order (newest first, the id last) breaking every tie — computed here from each stake's stored facts, and equal on this store — {"asc":["hbi_s914372_r15","hbi_s914372_r12","hbi_s914372_r10","hbi_s914372_r06"],"want":["hbi_s914372_r15","hbi_s914372_r12","hbi_s914372_r10","hbi_s914372_r06"]}
PASS [memory] 1.s9 · ledger · When · oldest first is the EXACT reverse of the panel's own order, and newest first IS it — {"asc":["hbi_s914372_t1","hbi_s914372_t2","hbi_x_14372_186"]}
PASS [memory] 1.s9 · ledger · Outcome · the chip in lifecycle order — queued, in flight, placed, won, lost, void, then the ways a stake ends unplaced — ranked by the POSITION's result where there is one, both ways — {"asc":["PENDING","PENDING","PENDING","PENDING","PENDING","CLAIMED","PLACED","WIN"]}
PASS [memory] 1.s9 · ledger · Outcome · CONTROL · the painted chips really run in that order down the pages, the four ways a placed stake ended are all on the table, and a planted swap is reported — ["Queued","Queued","Queued","Queued","Queued","In flight","Placed","Won","Lost","Void"]
PASS [memory] 1.s9 · ledger · ties · two stakes of one amount at ONE instant, stored against id order, come back in the id order the default tail names — in BOTH directions of the Stake sort, so the order is total — {"asc":[13,14],"desc":[10,11]}
PASS [memory] 1.s9 · ledger · a bare address is EXACTLY today's order — the panel's own newest-first, on every page — and it marks When in force, newest first — {"current":"when-eat","note":"Newest first."}
PASS [memory] 1.s9 · ledger · CONTROL · the orders really differ from one another and from the bare address, and the population spans two pages — so the equalities above are measurements — {"pages":2}
PASS [memory] 1.s9 · ledger · every row's Opening, Closing, Left today, stake, time and chip are IDENTICAL under every sort and on whichever page it lands — []
PASS [memory] 1.s9 · ledger · CONTROL · the fixture really paints running figures for that to be a measurement, and the comparison fires on a row whose closing is planted — {"withMoney":24}
PASS [memory] 1.s9 · anchored · a bell's row followed onto a SORTED address lands on the page the row holds IN THAT ORDER, flagged, with the sort kept in force — {"page":2,"rankSorted":24,"anchored":["hbi_s914372_anchor"]}
PASS [memory] 1.s9 · anchored · CONTROL · the same bell with NO sort lands on the panel's own page for it (the unchanged counting rank), and the two pages really differ — {"bare":1,"sorted":2,"rankBare":1,"rankSorted":24}
PASS [memory] 1.s9 · anchored · the store's own rank is the row's place in the order it pages by, on this store — and a row outside the population has none — {"rankStore":24,"rankSorted":24,"rankNone":null}
PASS [memory] 1.s9 · notes · the order note says the order IN FORCE — a sorted ledger never says "Newest first." — ["Largest stake first, then newest first.","Oldest first.","By outcome, queued first, then newest first."]
PASS [memory] 1.s9 · links · the sort rides every rail link and the pager's base, a filter rides the headers' parameters, and no link keeps the page — {"href":"/admin/desk/hb_14372_185?tab=activity&sort=stake&dir=asc","params":{"tab":"activity","kind":"filling","sort":"stake","dir":"asc"},"sort":{"columns":{"when":{"field":"when-eat","label":"When (EAT)"},"stake":{"field":"stake","label":"Stake"},"outcome":{
PASS [memory] 1.s9 · links · CONTROL · the rail check reports a link that loses the sort and one that keeps the page
PASS [memory] 1.s9 · validation · a sort word that is no column of THIS table — a person's field, the desk's Account column on the account page, a repeat — is refused as "sort", a direction that is not one as "sort direction", and the ledger keeps its own order — {"sort":"One part of this address was not understood and was ignored: sort. The rest of the filter is in force.","notHere":"One part of this address was not understood and was ignored: sort. The rest of the filter is in force."}
PASS [memory] 1.s9 · validation · a DIRECTION with no column to reverse — the Targets grid is in its own order — is refused as "sort direction" and nothing is in force — {"refusal":"One part of this address was not understood and was ignored: sort direction. The rest of the filter is in force.","params":{"tab":"targets"}}
PASS [memory] 1.s9 · validation · refused sort words travel NOWHERE — not into any panel's parameters, not into a header's parts, not into a rail link — and ONE sentence names both kinds once — {"refusal":"Parts of this address were not understood and were ignored: sort and sort direction. The rest of the filter is in force."}
PASS [memory] 1.s9 · validation · CONTROL · a clean address is refused nothing and EVERY part of it is carried, and the travel scan fires on a planted value — {"feed":{"tab":"activity","sort":"outcome","dir":"asc"},"history":{"tab":"history","hdir":"asc"},"targets":{"tab":"targets","tsort":"poll","tdir":"asc"}}
[audit] ADMIN market.created usr_hb_officer Market#mkt_820f155c4b6f87fb8776
[audit] BET market.position.opened usr_hb_14372_193 Position#pos_266cfe8120f42a20e293
[audit] ADMIN market.created usr_hb_officer Market#mkt_cc2c601fd5d37d724b8f
[audit] BET market.position.opened usr_hb_14372_193 Position#pos_aa50765cd0dbbbe08597
[audit] ADMIN market.created usr_hb_officer Market#mkt_9fc80a077816177522fd
[audit] BET market.position.opened usr_hb_14372_195 Position#pos_766ad6ba9d450bb0a293
PASS [memory] 1.s9 · roster · every one of its six sortable columns orders every page both ways by the figure its CELL paints — the label A to Z ignoring case, the two used amounts, the lifecycle, today's count, the last bet — with designation and then the id breaking every tie — []
PASS [memory] 1.s9 · roster · missing · an account whose limit is not set paints no figure and sorts LAST in BOTH directions, and accounts that never bet have no last bet and sort last both ways too — {"lossAsc":"hb_14372_200","d":"hb_14372_200"}
PASS [memory] 1.s9 · roster · ties · two accounts designated in the SAME millisecond, stored against id order, tie on today's count and come back in id order in BOTH directions — {"asc":[0,1],"desc":[6,7]}
PASS [memory] 1.s9 · roster · Account · CONTROL · case-folding is really exercised — "B-…" sorts between "a-…" and "c-…" though code-unit order would put it first — and the pair checker reports the ascending walk read as descending — ["a-s914372","B-s914372","c-s914372","d-s914372","tie a s914372"]
PASS [memory] 1.s9 · roster · a bare address is EXACTLY today's order — designation, oldest first, as the roster read returns it — with NO header in force, and every account appears exactly once — {"current":""}
PASS [memory] 1.s9 · roster pager · twenty to a page over the WHOLE roster's count — never the page's length — the pages together are the roster exactly once, and a page past the end is the last page with its rows — {"total":34,"roster":34,"past":2}
PASS [memory] 1.s9 · roster pager · CONTROL · a page that is not a whole number is refused BY NAME and page 1 is served — "One part of this address was not understood and was ignored: page. The rest of the filter is in force."
PASS [memory] 1.s9 · roster · validation · a sort word that is no roster column is refused as "sort", a direction with no column as "sort direction", and the roster keeps its own order; a clean pair is honoured and carried — {"sort":"One part of this address was not understood and was ignored: sort. The rest of the filter is in force.","dirOnly":"One part of this address was not understood and was ignored: sort direction. The rest of the filter is in force.","clean":{"rsort":"stat
PASS [memory] 1.s9 · desk ledger · Account · every page, concatenated, is in the ROSTER's label order both ways — A to Z ignoring case, then designation — each account's stakes newest first, and every stake of an account no longer on the desk LAST in BOTH directions — {"asc":[],"desc":[]}
PASS [memory] 1.s9 · desk ledger · Account · CONTROL · the walk covers the whole desk (the bare address's every row), holds several named accounts, and the pair checker reports the ascending walk read as descending — {"rows":98,"bare":98}
PASS [memory] 1.s9 · desk ledger · Stake · the painted stake runs in order down every page both ways, equal stakes newest first — {"first":"TZS 30,000","last":"TZS 1,000"}
PASS [memory] 1.s9 · desk ledger · Outcome · the painted chip runs in lifecycle order down every page, cancelled first when descending — {"first":"Cancelled"}
PASS [memory] 1.s9 · anchored · on the DESK-WIDE ledger under the Account order — the one order that waits for the roster — the bell lands on the page its row holds in that order, flagged — {"deskRank":53,"page":3}
PASS [memory] 1.s9 · desk ledger · links · the desk's own header parts are its four columns, and the Account sort rides the rail and the pager's base with the filter — {"params":{"tab":"activity","outcome":"queued","sort":"account"},"note":"By account, Z to A, then newest first. Accounts no longer on the desk come last."}
PASS [memory] 1.s9 · desk history · Account · every page in the roster's label order both ways, each account's changes newest first, and the desk's OWN changes and every account no longer on the desk LAST in both directions — {"rows":138,"note":"By account, Z to A, then newest first. The desk's own changes, and accounts no longer on the desk, come last."}
PASS [memory] 1.s9 · desk history · When · oldest first is the EXACT reverse of the bare address, and the bare address marks When in force with "Newest first." — {"rows":138}
PASS [memory] 1.s9 · desk history · CONTROL · the history spans pages, and the reverse check reports a sequence that is not reversed — {"pages":7}
PASS [memory] 1.s9 · anchored · a bell's change followed onto the SORTED desk history lands on the page it holds in that order, flagged — and that page is past the first — {"histRank":75,"page":4}
PASS [memory] 1.s9 · account history · oldest first is the exact reverse of its own order, and the desk's Account column is refused here — this table has one sortable column — {"rows":3,"refusal":"One part of this address was not understood and was ignored: sort. The rest of the filter is in force."}
PASS [memory] 1.s9 · targets · Poll · every page in title order both ways — A to Z ignoring case, then code point — with the grid's own order (newest first, the id last) breaking every tie, equal to this block's own computation on this store — {"asc":["Apple","apple","banana","Banana split"],"want":["Apple","apple","banana","Banana split"]}
PASS [memory] 1.s9 · targets · Status and Last change · the lifecycle Active → Ended → Removed and the instant the grid paints, both ways, each tie in the grid's own order — {"status":["hbt_s914372_22","hbt_s914372_21","hbt_s914372_19"],"lastChange":["hbt_s914372_20","hbt_s914372_14","hbt_s914372_09"]}
PASS [memory] 1.s9 · targets · a bare address is EXACTLY today's order, newest target first, with NO header in force — the grid's own order is a column nobody sees — {"current":""}
PASS [memory] 1.s9 · targets · CONTROL · the grid spans two pages, the orders differ from each other and from the bare address, and case-folding is really exercised ("Apple" and "apple" differ only in case)
PASS [memory] 1.s9 · targets · the grid's parameters carry its sort and its tab — the pager's base — never the page, and page 2 continues the same order — {"tab":"targets","tsort":"poll","tdir":"asc"}
PASS [memory] 1.s9 · targets · DAL · a stored title that is not a string sorts LAST in both directions, on this store — {"oddAsc":["a","b","n"],"oddDesc":["b","a","n"]}
PASS [memory] 1.s9 · DAL · a keyset cursor is a position in the DEFAULT order, so a sorted page refuses one on this store — and the default order still takes it — house-bot-dal: a keyset cursor is a position in the default order and cannot page a sorted list
PASS [memory] 1.s9 · results · a bare address is EXACTLY today's two tables — the same as the reader asked with no address at all — the day in force on By day and nothing in force on By account — {"day":"day-eat","acct":""}
PASS [memory] 1.s9 · results · By day oldest first is the EXACT reverse of its own order — and window words on the same address move NOTHING: still the same seven days — {"days":["Sun 4 Oct","Mon 5 Oct","Tue 6 Oct","Wed 7 Oct","Thu 8 Oct","Yesterday","Today"]}
PASS [memory] 1.s9 · results · By day's Result, Stakes placed and State order the seven days both ways by what each cell paints — a day with no result LAST both ways — each tie in the table's own order — []
PASS [memory] 1.s9 · results · By account orders by the account's label, today's result and the week's both ways — and the line folding every account no longer on the desk has no label and sorts LAST in both directions — {"acctBad":[]}
PASS [memory] 1.s9 · results · the two tables sort INDEPENDENTLY on one address — each keeps the other's order in its parameters, the tab rides both, and each header row marks its own column — {"tab":"results","daysort":"stakes-placed","daydir":"asc","acctsort":"today"}
PASS [memory] 1.s9 · results · validation · a sort word that is no column of either table is refused as "sort", both tables keep their own order, and nothing refused rides into the parameters — {"refusal":"One part of this address was not understood and was ignored: sort. The rest of the filter is in force."}
PASS [memory] 1.s9 · the pages · every sortable header on both pages is the kit's `SortTh`, one per column of its table in the reader's own order, every part of it — token, word, column in force, direction, prefix — from ONE sort view of the reader, its parameters that panel's VALIDATED ones and never the raw address, and no header word typed at the call site — [["roster",true],["feedDesk",true],["historyDesk",true],["resultDays",true],["resultAccounts",true],["feedAccount",true],["historyAccount",true],["targets",true]]
PASS [memory] 1.s9 · the pages · CONTROL · the same pin reports a header handed the raw address, a word typed at the call site, and two headers swapped — each planted in a copy, each seen to land
PASS [memory] 1.s9 · the pages · the roster draws the kit pager over its reader's own count with its own page word, the roster and Results panels paint the console's one refusal Callout, and the Targets pager's base is the reader's parameters — not a tab typed at the call site
PASS [memory] 1.s9 · the pages · CONTROL · that pin reports the Targets base typed back at the call site and the roster's refusal Callout taken away
PASS [memory] 1.s9p · phone · each activity ledger draws the kit's card sort rail in its header row's place — after the order note, before the table — below `sm` only and never over an empty table, fed ONLY from the reader's sort view: its columns in the header order, the column in force, the direction, the prefix, the panel's VALIDATED parameters and the headers' own route, at the non-dense rank — [["desk",true,1],["account",true,1]]
PASS [memory] 1.s9p · phone · CONTROL · the same pin reports the rail handed the raw address, options typed at the call site, the rail drawn at every width, the rail drawn over an empty table, the dense rank on the phone, and the account's rail sorting the desk's route — each planted in a copy, each seen to land — {"landed":[true,true,true,true,true,true]}
PASS [memory] 1.410 · amended 2026-09-27 · each activity panel renders exactly ONE `<ActivityFilters` (the section's one filter-rail file) and exactly ONE `<CardSortControl` (the kit's phone sort rail), neither page renders either anywhere else, and the kit rail's file carries `data-filter-rail` once — so a panel's rendered rails are those two and no more — {"desk":{"filters":1,"sorts":1,"filtersInFile":1,"sortsInFile":1},"account":{"filters":1,"sorts":1,"filtersInFile":1,"sortsInFile":1},"kitHooks":1}
PASS [memory] 1.410 · amended · CONTROL · the same pin reports a second filter rail on the desk's panel, a second sort rail on the account's, a sort rail added after the desk's table (seen by the whole-panel slice itself), and a panel with its sort rail gone — each planted in a copy, each seen to land
PASS [memory] 1.s9p · phone · RENDERED · on every address — sorted with a filter and a page asked for, desk-wide, refused, bare — each chip of the phone rail and the header of the same column are ONE address, column for column in the header order, exactly ONE chip is in force naming the column in force with its direction, and no link keeps the page — each address rendered again with the table's own page parameter handed in, which rail and headers must both drop and stay one address — or carries a refused word — [{"name":"account · Stake ascending, a filter, page 2 asked","n":3,"same":true,"on":["Stake↑"],"want":"Stake↑","pageDropped":true},{"name":"desk · Account descending, a filter","n":4,"same":true,"on":["Account↓"],"want":"Account↓","pageDropped":true},{"name":"
PASS [memory] 1.s9p · phone · RENDERED · CONTROL · the comparison reports a rail handed the raw address (a refused window riding it), a rail on another table's prefix, a rail reading its direction backwards, and — handed a page — a rail that keeps it; each rendered and seen to differ — {"keptPaged":"/admin/desk/hb_14372_185?tab=activity&kind=filling&sort=stake&dir=asc&page=2&hsort=when-eat&hdir=desc"}
PASS [memory] 1.s9p · phone · RENDERED · on every address the chip in force — and no other chip — SAYS its direction in words a screen reader reads, visually hidden, the very word `aria-sort` gives the header of its column (the arrow is aria-hidden, and below `sm` no header row is drawn to say it) — [{"name":"account · Stake ascending, a filter, page 2 asked","header":"ascending","said":[{"on":true,"said":[" ascending"]}]},{"name":"desk · Account descending, a filter","header":"descending","said":[{"on":true,"said":[" descending"]}]},{"name":"account · re
PASS [memory] 1.s9p · phone · RENDERED · CONTROL · the same check reports a rail whose direction words are gone, the OTHER word, a word on a chip not in force, and a word with no space before it — each seen to differ — {"said0":[{"on":false,"said":[]},{"on":true,"said":[" ascending"]},{"on":false,"said":[]}]}
PASS [memory] 1.s9p · phone · RENDERED · at the desk's rank every chip of the rail stands on the 44px rung — none on the 32px dense one, which is under the section's 40px tap floor — while a rail handed no rank is still the dense rail the kit's two other consoles draw — {"desk":4,"kit":["min-h-[32px]","min-h-[32px]","min-h-[32px]","min-h-[32px]"]}
PASS [memory] 1.s9p · phone · RENDERED · CONTROL · the floor check reports the desk's rail rendered at the dense rank, and a kit default that is not the dense rank
PASS [memory] 1.s9p · phone · every card sort rail in the product answers to its OWN id — the desk's two among them — so a driver can tell each rail it presses from every other — ["poll-sort-pending","poll-sort-approved","candidate-sort-pending","candidate-sort-approved","desk-activity-sort","account-activity-sort"]
PASS [memory] 1.s9p · phone · CONTROL · the same check reports the account's rail answering to the desk's id
PASS [memory] 1.s9 · teardown · every account this block designated is off the roster again (the slots are shared) and the master switch is where the block found it — {"designated":10,"left":0}

[memory] §3 · nothing the desk renders names the feature, in ANY state
PASS [memory] 3.453 · not one painted string of ANY state carries a house-vocabulary word, or the words bot, house, liquidity or counter-stake — {"states":66,"scanned":15452,"hits":[]}
PASS [memory] 3.453 · …and the scan really did include the OFF sentence, an unset-limit delta, the roster-full sentence, an `unavailable` value and an empty state — {"states":["fresh","strip-on-with-unset","strip-long-reason","limits-unset","limits-panel","limits-unset-required","limits-unset-one","limits-at-over","roster-at-over","limits-unreadable","limits-day-failed","limits-schema","default","roster-failed","money-fai
PASS [memory] 3.453 · C7 437 · …and the scan really did include the Results tab's own words — a profit, a loss, Even, Nothing settled, No stakes, the failed read, both states and both removed-accounts lines — {"states":[["results-rows",278],["results-day-failed",275],["results-removed-many",273]]}
PASS [memory] 3.453 · decision 4 · …and the scan really did include the find step's account list — its heading, both chip rows, its failed and its filtered-empty states, the Never word, an EAT hover title and a rail link — {"states":[["wizard-list-failed",68],["wizard-list-empty",71],["wizard-list",166],["wizard-list-refused",167],["wizard-list-filtered",172],["wizard-list-copy",39]]}
PASS [memory] 3.453 · CONTROL · the top-level sweep reaches every string key of the shell, `rosterFullPlain`, the two hrefs and the day key included — the four a typed list had left out — {"sweptKeys":["stateSentence","limitsHref","limitsFirstUnsetHref","rosterFullReason","rosterFullPlain","designateHref","dayKey"],"copied":472}
PASS [memory] 3.453 · 474 · CONTROL · an operator's typed reason carrying a house word does NOT fire the lexicon — and the same words in the console's OWN copy DO — {"exempted":[],"copy":["bots on for the weekend"]}
PASS [memory] 3.453 · 474 · CONTROL · a row's operator-chosen `label` is outside the scan, while the same words in the row's own STATUS word are inside it
PASS [memory] 3.453 · 474 · CONTROL · the account page's TOP-LEVEL `label` is exempt by NAME, while the same words one key away are not — ["label","switchedReason","marketTitle"]
PASS [memory] 3.453.c1 · CONTROL · the same test fires on each of the shared vocabulary's own samples and on the words 453 adds, and does NOT fire on an innocent word that merely contains one — []

[memory] §4 · the section's source law
PASS [memory] 4.453 · ⛔ RULING 453 · no string that can reach the DOM — in the section OR in the reader that writes its copy — carries a house word, in text, aria-*, title, placeholder or route metadata — {"literals":3459,"files":22,"section":21,"hits":[],"unscannable":[],"walked":["src/app/admin/desk/[id]/account-actions.tsx","src/app/admin/desk/[id]/loading.tsx","src/app/admin/desk/[id]/not-found.tsx","src/app/admin/desk/[id]/page.tsx","src/app/admin/desk/[id
PASS [memory] 4.453 · …and the population includes the page's JSX PROSE, not only its attribute literals — {"pageStrings":383}
PASS [memory] 4.453.c1 · CONTROL · the head title, the switch's aria-label, a table header in JSX TEXT and the gate's OFF sentence each go RED when put back to the words 453 replaced — {"firedTitle":["House bots"],"firedAria":["House bots master switch"],"firedOff":["House bots are off. No bot will place a bet."],"firedText":["House bots"]}
PASS [memory] 4.453 · the three sentences ruling 453 FIXES are the ones in the code, word for word
PASS [memory] 4.453.c2 · CONTROL · ⛔ 513 · a file WRITTEN under src/app/admin/desk/ is picked up by the walk and BOTH its painted house words — an attribute and JSX prose — are reported; the plant is gone again afterwards and the walk is back to what it was — {"before":21,"withPlant":22,"after":21,"hits":["House bots","Liquidity desk"],"threw":""}
PASS [memory] 1.301 · 548 · the resolver still paints a raw record id for a section that declares no mask — the reason the gate's `title` prop exists, measured rather than assumed — ["Admin","KYC","hb_0123456789abcdef01234567"]
PASS [memory] 1.301 · 548 · …and on THIS section the id is neutral for two independent reasons: the gate is handed a literal title, and the crumb builder masks the segment — so losing either alone still leaves the panel neutral — ["Admin","Desk","Account"]
PASS [memory] 1.301 · …so the section layout passes the neutral section word itself, as a literal, and adds no condition of its own
PASS [memory] 1.301 · …and the gate's `title` prop is OPTIONAL, so no other section changes
PASS [memory] 1.551a · the desk's refusal destination is the SECTION — the record id is gone from the `next=` target, with the record's tab — {"bare":"/admin/desk","tabbed":"/admin/desk"}
PASS [memory] 1.551a · …and the SECTION's own deep link is untouched, so nothing legitimate is lost — ["/admin/desk","/admin/desk?tab=limits"]
PASS [memory] 1.551a · CONTROL · a section that does NOT mask its ids still keeps its deep link whole — this is a declared rule, not a blanket truncation of every admin URL — ["/admin/kyc/hb_0123456789abcdef01234567","/admin/players/usr_6e2412ab?tab=audit"]
PASS [memory] 1.551a · every `next=` target the admin shell builds is passed through `adminNextDest` — none is built from the raw href — {"layout":[3,3],"guard":[1,1]}
PASS [memory] 1.300 · the page awaits `houseConsoleAudience` with a literal route BEFORE it calls the gated reader — {"gateAt":6746,"readerAt":6956}
PASS [memory] 1.380 · the route argument is a literal, never a header value
PASS [memory] 1.302 / 1.356 · the route declares `force-dynamic` and a static neutral `metadata.title`
PASS [memory] 1.356 · nothing in the section or the gate names a cache wrapper
PASS [memory] 1.355 · the gated readers combine their reads with a SETTLING combinator, and name `Promise.all` nowhere
PASS [memory] 1.347 · 432(q) · the desk's read set is the four house reads plus EXACTLY ONE `loadParseContext()` and ONE rate read, all inside the one settled set — {"slice":18477}
PASS [memory] 1.305 / 1.349 · no file under the section names a struck reader, a result field or a fee derivation
PASS [memory] 1.340 · NO file under the section imports house data except from the gate module — no `house-bot/*`, no DAL, no book, no cap-precheck
PASS [memory] 1.371 · no house-bot module and no house-bot guard names `houseBotBook`, `HouseBotBook`, `netTzs`, `feeWithheldTzs`, `byEntry`, `feeInputs` or `houseStaffScorecard` as CODE — the results reader and the last of the fee derivation are gone from the tree — {"hits":[],"population":163,"desynced":[]}
PASS [memory] 1.371 · …and `book.ts` itself declares neither of them, while the three readers a console may reach are still exported — the deletion took the results reader, not the day book
PASS [memory] 1.371 · CONTROL · the scan reads CODE, not comments and not guard lists — a planted caller is reported at FOUR depths of each of the four biggest files in the population, while `book.ts`'s own record of the removal and this suite's `STRUCK` array are not — {"blindSpots":[]}
PASS [memory] 1.370 · not one `EngineCode` sentence and not one switch-off sentence carries a formatted amount or an amount placeholder — the words name the cap that stopped the stake, never the money behind it, and the capture is shown to have read EVERY key each block declares — {"engine":67,"engineKeys":67,"off":4,"offKeys":4,"money":[]}
PASS [memory] 1.370 · CONTROL · a sentence written as a TEMPLATE with an interpolated amount — the very form the old capture dropped — is read and IS reported
PASS [memory] 1.370 · `SwitchOffOutcome` carries no money field at all — it answers `changed`, a drain STATE and a COUNT, so there is no held figure for a later render to reach for — {"chars":767}
PASS [memory] 1.370 · and `feed-copy.ts` is reached by NO client file of the section — its literals name house bots, so a client import would put the feature's word in `.next/static` and in a signed-in player's payload — {"needles":14}
PASS [memory] 1.370 · CONTROL · the money shape really fires — on the amount ruling 254 proposed, on an amount placeholder and on a bare thousands figure — and not on the percentage and name placeholders these sentences DO use
PASS [memory] 1.375 · `reimbursement_recorded` has no writer anywhere under `src/` — nothing names its AUDIT KEY, the one file that names the word is the gate module's TOTAL event-word map, and no other file under `src/` names it at all — {"writers":["src/lib/server/house-console-read.ts"],"unaccounted":[],"keyWriters":[]}
PASS [memory] 1.375 · CONTROL · both halves of the accounting really fire — the word planted in a SECOND file is reported, and the audit key planted in the gate module's own body is reported, while the shipped tree is not
PASS [memory] 1.375 · and `HOUSE_AUDIT`'s key set is PINNED at its post-un-build size, so a re-introduction is a ruling rather than one more line in a map — {"keys":31}
PASS [memory] 1.375 · CONTROL · the writer scan really finds the word — planted into a real console file it is reported, and the real file does not carry it
PASS [memory] 1.319 · the console's route segment is typed in ONE module plus the RBAC and nav tables that must hold the prefix, and nowhere else in src/
PASS [memory] 1.319 · CONTROL · the allowance is exactly eight files and every one of them really does hold the literal — a list that can be padded, or that carries a name earning nothing, is not a rule — []
PASS [memory] 1.319 · the two sealed refusals take their href from that module, never from a literal
PASS [memory] 1.319 · `LIMITS_TAB_HREF` is a RE-EXPORT of that module's builder, not a third spelling — /admin/desk?tab=limits
PASS [memory] 1.314 · the roster-full sentence is NOT re-typed under the section, and the eligibility row spells it identically to the exported one
PASS [memory] 1.312 · the rail's options come from the closed list, and the page renders a panel for every key in it — five keys, in rail order — ["roster","activity","limits","history","results"]
PASS [memory] 1.312 · CONTROL · each of the five panels is found and non-empty in the page's own source, so every panel-scoped scan below is measuring a table and not an empty slice — [["roster",6064],["activity",13543],["limits",1251],["history",4315],["results",6653]]
PASS [memory] 1.312 · the closed list holds a key for EVERY panel the page renders, and a panel for every key — neither ahead of the other
PASS [memory] 1.302 · `?tab=undefined` resolves to the roster — never a 404 and never a redirect — "roster"
PASS [memory] 1.302 · `?tab=""` resolves to the roster — never a 404 and never a redirect — "roster"
PASS [memory] 1.302 · `?tab="limitz"` resolves to the roster — never a 404 and never a redirect — "roster"
PASS [memory] 1.302 · `?tab="roster"` resolves to the roster — never a 404 and never a redirect — "roster"
PASS [memory] 1.302 · `?tab=["roster","limits"]` resolves to the roster — never a 404 and never a redirect — "roster"
PASS [memory] 1.302 · `?tab=limits` now resolves to the LIMITS panel, because the panel exists — "limits"
PASS [memory] 1.302 · `?tab=results` resolves to the RESULTS panel, because the panel exists — a landing tab with its own rail link, and never a tab of an account's page — {"tab":"results","detail":"overview"}
PASS [memory] 1.302 · CONTROL · a misspelt, a capitalised and an account-page-only key still fall back to the roster — so the line above is the closed list answering, not a resolver that echoes whatever it is given
PASS [memory] 1.312 · C7 437 · `results` is the LAST key on the rail, after the four control tabs in 312's own order, and it carries NO badge — it controls nothing, so it neither splits the control tabs nor counts anything — ["roster","activity","limits","history","results"]
PASS [memory] 1.312 · C7 437 · CONTROL · a rail with `results` placed third, and a badge expression that names `results`, are each reported
PASS [memory] 1.302 · 399 · `notFound()` is called in exactly ONE file of the section — the account page — and nowhere else — {"others":[],"calls":1}
PASS [memory] 1.399 · the audience verdict is AWAITED, and the refusal returned, BEFORE `notFound()` can be reached — so the 404 is not an id oracle — {"gateAt":5977,"refusedAt":6175,"notFoundAt":6223}
PASS [memory] 1.315 · the tab selection is written in the shipped idiom the served probe discovers tabs by — in the RAW file, comments included — ["roster","activity","limits","history","results","roster","activity","limits","history","results"]
PASS [memory] 1.310 / 1.373 · the roster's headers are the control facts, in order, with money second and third and the way out last — ["Account","Loss today (projected)","Open exposure","Status","Bets today","Last bet","Products",""]
PASS [memory] 1.373 · the basis is NAMED IN THE HEADER — a column headed 'Loss today' with no basis is the ambiguity 366 exists to prevent — Loss today (projected)
PASS [memory] 1.373 · 432(o) · every money-bearing header ON THE ROSTER may WRAP, so a long basis costs thead height and not a clipped figure
PASS [memory] 1.373 · 432(o) · every money column's header IS the label of the tile that measures the same figure — compared, not asserted twice — {"tileLabels":["Stake today","Loss today","Open exposure"],"moneyHeaders":["Loss today","Open exposure"],"headers":["Account","Loss today (projected)","Open exposure","Status","Bets today","Last bet","Products",""]}
PASS [memory] 1.407 · 432(o) · every usage column is right-aligned, so three adjacent usage figures read on ONE axis
PASS [memory] 1.373 · no header reads 'House stake', 'Today net' or 'Live balance'
PASS [memory] 1.373 · the money-bearing TABLE carries no `min-w-*` of its own — a width on the table stretches every column — and EVERY table on this page opens with the kit class and nothing but the declared gutter set, derived from the page rather than asked of one of them — {"openers":["<table className=\"admin-tbl\"","<table className=\"admin-tbl [&_td]:!px-1.5 [&_th]:!px-1.5 max-sm:!text-caption\"","<table className=\"admin-tbl [&_td]:!px-1.5 [&_th]:!px-1.5\""],"count":5}
PASS [memory] 1.373 · CONTROL · the sweep really would report ONE widened table among bare ones, which is what the presence check it replaced could not do
PASS [memory] 1.474 · not one element that carries the Owner's OWN TEXT wears the row-exit class, whose declared job includes rewriting the case — the platform's fixed words keep it, operator data never does — {"rule":"display: inline-flex; align-items: center; min-height: var(--tap-min); font-weight: 500; t","sites":6}
PASS [memory] 1.474 · CONTROL · the class really IS still used on this page for its own purpose — a FIXED word, the roster's way out — so the line above is a rule about what it may WRAP and not a ban that emptied itself — {"rowLinkUses":1}
PASS [memory] 1.474 · …and dropping the class did not drop the tap floor with it: each operator-text link carries the `--tap-min` floor at its own site, the repo's own idiom for exactly that — ["text-text","inline-flex items-center min-h-[var(--tap-min)] font-medium text-body-sm text-royal-300 hover:underline","inline-flex items-center min-h-[var(--tap-min)] font-medium text-royal-300 hover:underline","inline-flex items-center min-h-[var(--tap-min)]
PASS [memory] 1.373 · EVERY panel that paints the subject column carries the SAME floor from `sm` up, in one of two DECLARED spellings, read out of that panel's own slice — a floor deleted from one table can no longer pass on another table still having one — [["roster","text-left p-3 min-w-[150px]"],["activity","text-left p-3 min-w-[104px] sm:min-w-[150px]"],["history","text-left p-3 min-w-[150px]"],["results","text-left p-3 min-w-[104px] sm:min-w-[150px]"]]
PASS [memory] 1.373 · CONTROL · the closed set really would report a phone floor of zero hidden behind the same 150px — which the substring test it replaced accepted
PASS [memory] 1.373 · …and only the SUBJECT and STATUS columns carry a floor — never a money column, which would pin its figure off-screen
PASS [memory] 1.407 / 1.409 · every plain `<th>` carries `scope="col"` and every sortable one is the kit's `SortTh`, one per roster column; the FIGURE alone is `.amount tabular-nums`, its words are not, and no cell is bound by `.tabular`
PASS [memory] 1.407 · 432(h) · the roster carries a way-out link EXACTLY when `/admin/desk/[id]/page.tsx` exists — {"detailPage":true,"rowLink":true}
PASS [memory] 1.407 · 432(h) · …and the same rule for the wizard: no `/admin/desk/new` link while it has no page — {"newPage":true}
PASS [memory] 1.312a · 432(i) · both limits pointers are still GUARDED by the flag, and the flag is derived from the closed list — never typed — {"ready":true}
PASS [memory] 1.312a · 432(i) · the inert form is still BUILT and still reachable from the page, though its branch no longer executes
PASS [memory] 1.306 · 432(i) · 541(b) · every `<Link href=` in the section is pinned BY POSITION — the bar's prop, then the head's tab href, then the strip's FRAGMENT href — {"found":["Link unsetHref as Route","WayOutLink view.limitsHref","Link view.designateHref as Route","Link view.limitsFirstUnsetHref as Route","Link r.inert.href as Route","Link r.href as Route","Link r.accountHref as Route","Link r.marketHref as Route","Link r
PASS [memory] 1.306 · CONTROL · the pin reads the WHOLE list — a door changed in the LAST position is reported, which the truncating comparison this replaced could not see — {"lastEntry":"Link r.accountHref as Route","entries":14}
PASS [memory] 1.306 · CONTROL · the positional pin really is measured on the ELEMENT — the head's way-out href written back as a bare `<Link>` in memory changes the list, and the real tree matches
PASS [memory] 1.306 · CONTROL · a third link-painting element planted in a copy of the page is REPORTED, so the two-element population above is a measurement and not a scan that stopped matching
PASS [memory] 1.306 · CONTROL · a link written with a string-literal href is counted as an opening and NOT as a pinned href, so the count clause really closes that door
PASS [memory] 1.306 · 541(b) · `view.limitsFirstUnsetHref` is spent exactly TWICE — the strip's link and the bars' prop — and `view.limitsHref` exactly once — {"firstUnset":2,"limits":1}
PASS [memory] 1.306 · the first-unset href is a literal the anchor guard can see, and it equals the composed form exactly — /admin/desk?tab=limits#limits-first-unset
PASS [memory] 1.306 · the anchor is rendered as a LITERAL id inside the limits group — the form `test:tab-anchors` can actually see — {"open":33638,"idAt":34637,"close":34898}
PASS [memory] 1.312a · 432(i) · the head paints the LINKED roster-full sentence only inside the one guarded `<Link>`, and the PLAIN one everywhere else — {"paintedOutsideTheLink":false,"reasonPaints":2}
PASS [memory] 1.312a · CONTROL · a second paint of the LINKED sentence outside every link is REPORTED in memory, so the zero above is a measurement and not a stripper that stopped matching
PASS [memory] 1.308 · 432(n) · no auto-off Callout body repeats the strip's own OFF sentence — the strip says the desk is off, the Callout says WHY — ["Its tables are not present here, so nothing can be staked and nothing can be designated. The database this server reads has not had the desk&apos;s migration applied.","{view.engine.body} {view.engine.caption && <span className=\"block text-body-sm text-text
PASS [memory] 1.308 · 432(n) · CONTROL · the Callout bodies were really read, every body this page WORDS ITSELF is a real sentence, and the expression bodies are exactly the reader's own refusals — {"prose":[166,133,110,136,59],"expr":3}
PASS [memory] 1.360 · every money site under the section — a `formatTzs` call, an `.amount` figure, a `…Tzs` prop, a money `title`/`aria-*` — carries a DECLARED role, A to E or the D3 balance bracket, and every declared site is still painted — {"sites":29,"unroled":[],"missing":[]}
PASS [memory] 1.360 · role E — what the desk's stakes came to — is painted by ONE component, declared once, rendered only inside the Results panel and named by no other file of the section — {"inPanel":4,"onPage":4}
PASS [memory] 1.360 · CONTROL · a planted `formatTzs(result)` on the roster, a console-written money `title` — a literal digit group, and a result field — and the result's own component rendered on the roster are each reported — {"format":["src/app/admin/desk/page.tsx · formatTzs · formatTzs(result)"],"title":["src/app/admin/desk/page.tsx · attr · title=\"TZS 42,000\""]}
PASS [memory] 1.361 · no console file or gated reader calls a banned money formatter or declares a local one
PASS [memory] 1.361 · CONTROL · the scan reaches the WHOLE section — a banned formatter planted in the account page, which the page-and-gate scan it replaced never read, is reported
PASS [memory] 1.361 · `formatTzsCompact` appears only in the KPI value slot's one sanctioned home
PASS [memory] 1.437m · the compliance log carries the dated `D20b AMENDED` entry, decided by the session under the owner's delegation of 2026-09-26 — found by its heading, never by a line number — {"heading":"## 2026-09-26 · D20b AMENDED — decided by the session under the owner's delegation of 2026-09-26","entry":8784}
PASS [memory] 1.437m · …the entry grants the view by ROLE in the exact Permitted sentence, and quotes the owner's delegation VERBATIM, typos kept — the session's decision, never dressed as his approval — {"permitted":true,"quote":true}
PASS [memory] 1.437m · the D20b row itself says AMENDED and `(delegated)` — the pointer the next reader of the table meets before the entry — "s won or lost, on ONE view of `/admin/desk` for the desk's ADMIN audience — see the dated entry `2026-09-26 · D20b AMENDED` near the head of this log. Every other tool in this row stays struck, and D20a is untouched.** |"
PASS [memory] 1.437m · C7-SPEC ruling 360 names role **(E)** — the closed set the 1.360 walk enforces is the one the ruling writes — {"ruling360":6712}
PASS [memory] 1.437m · CONTROL · a copy with the Permitted sentence deleted, one whose D20b row says `(owner)` instead of `(delegated)`, and one with the owner's words paraphrased are each reported — the register itself is never edited — {"sentence":true,"row":true,"quote":true}
PASS [memory] 1.306 · no file under the section contains `gold` or `gilt` — gold is earned money only, and `test:gold-is-money` is scoped to two identity files and could never report a tile here
PASS [memory] 1.404 · no `AdminKpi` under the section receives `gold`, `tone`, `pulse` or `series`
PASS [memory] 1.306 · the Toggle is `tone="brand"` — never gold (earned money) and never claret (ON MEANS STOPPED)
PASS [memory] 1.311 · no status word is typed beside a chip under the section, and none of them imports `status-tone` for a house tone
PASS [memory] 1.313 · the roster loader carries the REAL neutral head, and no string in it matches the shared vocabulary
PASS [memory] 1.417 · the loader's ghost sequence matches the page's card sequence, one ghost per card, in order: the head's action, the strip, the band, the rail, the table — ["SkChip","SkCard","SkKpiRow","div","SkTableCard"]
PASS [memory] 1.417 · the loader ghosts the head's action row whenever the page's head renders a control, at that control's own height — {"pageControl":true}
PASS [memory] 1.417 · the table ghost states the page's real facts — the PAGE's own column count, no pager, and a cell padding read from the page's own class — headers=8
PASS [memory] 1.417 · …and the loader's own prose does not contradict it — one statement of the cell padding, not two
PASS [memory] 1.403 · every Swahili gloss the section passes occurs verbatim in a shipped source — nothing invented, nothing machine-translated — ["Dawati","Dawati"]
PASS [memory] 1.403 · the page renders no `<main>`, no `<h1>` and no second header of its own
PASS [memory] 1.359 · 355 · 416 · the wizard's fact grid, its funded state and its footer are all guarded by `accountMissing`, and the missing state paints the cause and the way back instead
PASS [memory] 1.380 · 324 · the wizard's page decides its OWN audience first, on the stored row, with a literal route — before any search param, any read and any JSX — "async function AdminDeskNewContent({ searchParams }: DeskNewProps) { const session = await currentSession(); if (!(await houseConsoleAudience(session?.userId ?? null, \"/admin/desk\"))) return null; const sp = await searchParams; const uRaw = Array.isArray(sp
PASS [memory] 1.359 · the Phone term is drawn only when there is a value for the platform's own gate to decide about — and the branch takes a boolean, so the governed accessor appears NOWHERE outside `Sensitive` — {"outsideSensitive":0}
PASS [memory] 1.359 · CONTROL · the ratchet's CORE detector is reproduced here and shown to FIRE on the shape this page used to have — so the zero above is a measurement and not a scan that stopped matching
PASS [memory] 1.359 · and the five exclusions this control does NOT copy are still declared in test:read-tiers' own source — the detector may not drift on one side of a two-sided pin — {"ratchetChars":31138}
PASS [memory] 1.359 · 456 · the page paints the bonus fact and the way to the holder's own money screen OUTSIDE the funded guard, so an unreadable wallet cannot remove them — {"fundedAt":5710,"guardClose":6067,"bonusAt":6155,"doorAt":6197,"doors":1}
PASS [memory] 1.359 · 456 · CONTROL · the same door dragged back INSIDE the funded guard in memory is REPORTED, so the order above is a measurement and not a probe that stopped matching
PASS [memory] 1.359 · 456 · CONTROL · a SECOND door planted inside the funded guard in memory is REPORTED even with the real one still outside it
PASS [memory] 1.359 · 340 · no file under the wizard imports `eligibility.ts`, `designation.ts`, the DAL or `sensitive-reveal` — the check card is served by the gated reader alone
PASS [memory] 1.313 · the wizard's loader carries the REAL neutral head, and no string in it matches the shared vocabulary
PASS [memory] 1.417 · the wizard loader's ghost sequence matches the page's own order — the head's action, the page's measure, the bar and the bar's own line, the FIND step's card, then the account list's card with its rail and its count line — ["SkChip","FormColumn","div","div","SkBar","div","SkTitle","div","SkBar","SkBar","div","SkBar","SkBar","SkBar","SkTableCard","div","div","SkChip","SkChip","SkBar"]
PASS [memory] 1.417 · …and it ghosts at the PAGE'S OWN MEASURE with the PAGE'S OWN RHYTHM, so the swap cannot jump sideways or re-space itself
PASS [memory] 1.417 · …and neither the loader nor the page ghosts a submit the find step does not have
PASS [memory] 1.417 · decision 4 · the account list's ghost states the list's real facts — the reader's own column count and page size, a sortable header row, a pager, no minimum width and the tap-floor row height — {"tableGhost":"<SkTableCard cols={3} rows={20} minWidth={0} headW=\"w-[96px]\" sw={false} sortable pager rowMinH={65}\r\n            beforeBody=","cols":3,"perPage":20}
PASS [memory] 1.422 · no file under the section renders `ActReadOnlyBanner`, reads `mayAct`, or declares a viewer/role/mayView/isOwner prop
PASS [memory] 1.422 · every state this checkpoint can reach was exercised by a named case in THIS run — loading, error, schema-not-ready, unreadable, empty, read-only (stale and pending are C7 step 4's)
PASS [memory] 1.422 · CONTROL · the roll-call reads the run's own labels, so a state whose case is deleted is reported — 965 labels
PASS [memory] 1.330 · 1.401 · no client file of the section names a house module in ANY import form, or types the console's route or route key — {"clientFiles":["src/app/admin/desk/[id]/account-actions.tsx","src/app/admin/desk/[id]/rules-form.tsx","src/app/admin/desk/activity-filters.tsx","src/app/admin/desk/desk-live.tsx","src/app/admin/desk/limits-form.tsx","src/app/admin/desk/new/designate-wizard.ts
PASS [memory] 1.401 · no client file of the section names a notification KIND or reaches the notification registry (386)
PASS [memory] 1.401 · every money element under the section carries `amount` at its own call site, and none of them is on a tracked or micro rung — ["amount tabular-nums","amount","amount","amount","amount","amount","amount","amount","amount","amount tabular-nums","amount tabular-nums","amount tabular-nums","amount tabular-nums","amount tabular-nums","amount tabular-nums","amount","amount","amount","amoun
PASS [memory] 1.401 · 409 · the limits form chooses its face from the ROW, so a count never lands in `.amount`
PASS [memory] 1.401 · CONTROL · the walked money sites are the ones the section really paints — the roster's figure, the bar caption's figures and the limits form's saved value — ["amount tabular-nums","amount","amount","amount","amount","amount","amount","amount","amount","amount tabular-nums","amount tabular-nums","amount tabular-nums","amount tabular-nums","amount tabular-nums","amount tabular-nums","amount","amount","amount","amoun
PASS [memory] 1.316 · exactly ONE `RefreshPoller` in the whole section, and it is mounted from the strip — ABOVE the rail, with no tab condition between them, so no tab switch remounts it — {"stripAt":9256,"pollerAt":11128,"railAt":13436,"between":false}
PASS [memory] 1.316 · it polls on `LIVE_ROUND_MS` (20s, against ruling 353's 30s staleness threshold), never the component's 30s default
PASS [memory] 1.316 · `enabled` is composed from REACT STATE and the server's own verdict — and no file under the section asks the DOM whether a dialog is open
PASS [memory] 1.316 · 432(h) · 537 · the section raises the poller's HOLD exactly when it renders something that would lose work to a refresh — a dialog or a typed form — {"hasDialog":true,"hasTypedForm":true,"dispatchesHold":true}
PASS [memory] 1.316 · 537 · the hold follows the form's DIRTY state and is released again, in one effect with a cleanup
PASS [memory] 1.362 · the kit's built-in numeric line renders ONLY when no caption is given — never two lines, and never a tracked bare number under a named cap
PASS [memory] 1.362 · the two caption props are a PAIR the type refuses to split — a ReactNode cannot be an aria attribute, and one without the other stamps `[object Object]`
PASS [memory] 1.362 · the one existing caller passes no caption and keeps the kit's own line (§K5: extend the kit, never fork it)
PASS [memory] 1.362 · RENDERED · with a caption the bar paints EXACTLY ONE line, the kit's own tracked number is gone, and `aria-valuetext` carries the PLAIN sentence — {"paragraphs":1}
PASS [memory] 1.362 · RENDERED · CONTROL · without a caption the SAME component paints the kit's built-in line and carries no `aria-valuetext` — so the branch above is a measurement — {"builtIn":true,"valuetext":false}
PASS [memory] 1.409 · every money bar passes BOTH caption props from the same row, names its cap FIRST, and is never claret — 1
PASS [memory] 1.409 · the caption's FIRST text node is the cap's name and each figure sits in its OWN `.amount` span — `label` is `aria-label` and paints nothing
PASS [memory] 1.409 · `captionText` is PLAIN — no markup, no `<span`, and EVERY site the gate builds one at names the cap FIRST, with 361's grammar after it — {"captionAssigns":["`${name} · couldn't read — this is not zero`","name","`${name} · ahead by ${ahead} · limit ${lf}`","`${name} · ${cell.text}`","`${name} · couldn't read — this is not zero`","name","`${name} · ${cell.text}`"]}
PASS [memory] 1.544 · the BAR's at/over clause carries the warning tone the card already spends on a cap that stops money — the geometry saturates and cannot say it — {"barEdge":true,"n":2}
PASS [memory] 1.544 · CONTROL · the ROSTER CELL's clause is NOT toned, and `captionText` gained no markup — a sweep that coloured every clause would fail here — {"cellEdge":true}
PASS [memory] 1.405 · the rail is `variant="line"`, URL-backed from 319's one home, and carries no eyebrow, uppercase or tracking of its own — "<Tabs variant=\"line\" ariaLabel=\"Desk sections\" value={tab} tabs={CONSOLE_TABS.map((k) => ({ value: k, labelEn: TAB_LABEL[k], href: consoleTabHref(k), count: k === \"limits\" ? view.unsetRequired : k ==="
PASS [memory] 1.405 · the rail's labels are the PAGE's own `TAB_LABEL`, one per key of the closed list, each the key in English sentence case — {"parsed":[["roster","Roster"],["activity","Activity"],["limits","Limits"],["history","History"],["results","Results"]],"tabs":["roster","activity","limits","history","results"]}
PASS [memory] 1.405 · CONTROL · the parse really read the page's table — not an empty match set that would pass every term above — [["roster","Roster"],["activity","Activity"],["limits","Limits"],["history","History"],["results","Results"]]
PASS [memory] 1.405 · both badges are `TabItem.count` — the kit's `CountBadge` — each raw count is spent EXACTLY ONCE, a FAILED count paints no badge, and the strip's sentence still comes from the server — {"unsetRequired":1}
PASS [memory] 1.406 · the strip, both Callouts, the band, the rail and the live trigger are ALL rendered before ANY `tab === ` condition in the body — no tab owns a control that stops money — {"bodyAt":9184,"firstTabCond":13980,"inside":[]}
PASS [memory] 1.406 · CONTROL · every panel really is inside its own `?tab=` group, and the FIRST condition in the body is a tab GROUP opener — so the assertion above has something to decide — {"firstPanel":13979,"firstTabCond":13980,"groups":5}
PASS [memory] 1.412 · 537 · a typed control, a wired limits SAVE and the limits form's OWN `UnsavedChangesGuard` exist TOGETHER or not at all — each one is red without the other two — {"typedControl":true,"saveWired":true,"guarded":true,"guardRead":"src/app/admin/desk/limits-form.tsx"}
PASS [memory] 1.412 · every form in the section renders its OWN `PendingChangesBar` and its OWN `UnsavedChangesGuard`, one each — read per file, never over the section joined — {"formFiles":[{"file":"src/app/admin/desk/[id]/rules-form.tsx","forms":1,"bars":1,"guards":1},{"file":"src/app/admin/desk/limits-form.tsx","forms":1,"bars":1,"guards":1}],"sectionForms":2,"sectionBars":2}
PASS [memory] 1.412 · CONTROL · with the bar struck from one form file that file is reported, and the section-wide count it replaced would still have read `bars` as satisfied — {"probed":"src/app/admin/desk/[id]/rules-form.tsx","other":"src/app/admin/desk/limits-form.tsx"}
PASS [memory] 1.412 · the limits column is `FormColumn measure="form"` (640), every control is `size="md"`, and nothing under the section uses the `sm` rungs
PASS [memory] 1.412 · 537 · the read-only reason is gone from the reader AND from the page, in the same change as the form
PASS [memory] 1.412 · 537 · the page renders the form ONLY with a base version, hands it the anchor id as a literal, and passes the action down itself — <DeskLimitsForm rows={limitRows} baseVersion={limitsVersion} id="limits-first-unset" omitSection={LIMITS_CARD_TITLE} recommendCopy={recommendCopy ?? { label: "", filledTitle: "", filledBody: "" }} onSave={saveDeskLimitsA
PASS [memory] 1.412 · §K 7d · every field carries `dataField` and `name` from the SAME server key, and the refusal's result UNION is handled rather than dropped
PASS [memory] 1.412 · 432(n) · the limits card names its section ONCE — the form suppresses the heading the card already carries, from the card's own one home
PASS [memory] 1.537 · 523 · the action is `"use server"`, resolves the session itself, and hands the gated writer the session's USER ID and its own route literal — "\"use server\"; import { revalidatePath } from \"next/cache\"; import { currentSession } from \"@/lib/server/auth-service\"; import { safeError } from \"@/lib/server/safe-error\"; import { houseLimitsSaveForC"
PASS [memory] 1.537 · 522 · the action reads NO role of its own — a cookie's photograph of a role cannot answer the demoted-account question, so the action never asks it
PASS [memory] 1.537 · 340 · the action names no store, no house read module and no column — the reads and the write are behind the door
PASS [memory] 1.537 · only a save that LANDED revalidates the section — a refusal leaves the officer's typing alone
PASS [memory] 1.537 · 259 · the gated writer's FIRST statement is the audience verdict, before any read, any write and any mapping — "export async function houseLimitsSaveForConsole( viewerUserId: string | null | undefined, route: string, input: ConsoleLimitsSaveInput, ): Promise<ConsoleLimitsSaveResult> { if (!(await houseConsoleAu"
PASS [memory] 1.333 · the desk's nav item is `ownerOnly` and carries NO badge — the chrome is shared by 47 routes
PASS [memory] 1.333 · and there is NO `CRUMB_LABELS` entry for it — that is the one place a neutral segment could be mapped back inside a client chunk
PASS [memory] 1.420 · the ON sentence names the actor by id and the module resolves NO name for one — no display name anywhere, the phone only as `Sensitive`'s server-only field, and the computed handle only inside the search matcher — {"phoneLines":["u.id.toLowerCase() === qLower ? 0 : (u.phoneE164 ?","phoneE164: string | null;","const phone = user?.phoneE164 ?? null;","phoneE164: phone,"],"labelLines":["import { displayLabel } from \"@/lib/display-label\"","{ ...u, displayLabel: displayLab
PASS [memory] 1.420 · `playerHandle` is used for the HOLDER only, never for a staff actor — every call takes an account's own id, pinned by position — {"found":["bot.userId","bot.userId","found.userId","u.id","u.id","id"],"want":["bot.userId","bot.userId","found.userId","u.id","u.id","id"]}

[memory] §5 · D19 for the console itself
PASS [memory] 1.381 · the codename is `desk` and it is a hit in NO family of the shared vocabulary — so it names the feature to nobody — []
PASS [memory] 1.381 · the three server-rendered strings take the codename: the route's `metadata.title`, the loader's head, and the crumb the gate computes from the segment
PASS [memory] 1.381 · CONTROL · the vocabulary really can see a codename that DOES name the feature, so the zero above is a measurement
PASS [memory] 1.384 · no client file of the section carries a house module SPECIFIER in any import form — `import`, `import type`, `require` or `import()` — {"clientFiles":["src/app/admin/desk/[id]/account-actions.tsx","src/app/admin/desk/[id]/rules-form.tsx","src/app/admin/desk/activity-filters.tsx","src/app/admin/desk/desk-live.tsx","src/app/admin/desk/limits-form.tsx","src/app/admin/desk/new/designate-wizard.ts
PASS [memory] 1.384 · CONTROL · the same test fires on a planted `import type` — the form 1.1 and 1.2 are blind to, which is the whole reason this assertion exists
PASS [memory] 1.384 · 401 · no house-shaped PROP NAME crosses the client boundary anywhere in this section — not declared in a client file, not read there, and not passed as a JSX attribute by a server one — {"propHits":[],"clientFiles":8,"sectionFiles":21}
PASS [memory] 1.384 · 401 · CONTROL · the pin fires on ALL THREE spellings the old `[?:]` tail was blind to — an imported props alias, a property read and a server call site's JSX attribute — still fires on the inline props type it always caught, and does NOT fire on the server-to-server argument that is not a prop at all
PASS [memory] 1.386 · the strip listens for the GENERIC window event `EVENT_MAP` gives `notification:new`, read from the hook's own map — never the wire type, which nothing dispatches on `window` — {"windowEventName":"50pick:sse:notification"}
PASS [memory] 1.386 · and it inspects NO kind: no `HOUSE_BOT` literal, no `detail.notification.kind`, and no import of the notification registry or its filters
PASS [memory] 1.386 · CONTROL · a planted kind comparison IS a hit in the shared vocabulary, so the absence above is a measurement
PASS [memory] 1.389 · no client file of the section imports `@/lib/utils`' date helpers, which reach server platform config from a chunk (trap E-322) — {"clientFiles":["src/app/admin/desk/[id]/account-actions.tsx","src/app/admin/desk/[id]/rules-form.tsx","src/app/admin/desk/activity-filters.tsx","src/app/admin/desk/desk-live.tsx","src/app/admin/desk/limits-form.tsx","src/app/admin/desk/new/designate-wizard.ts
PASS [memory] 1.389 · the section adds NO countdown component of its own — the kit's `CountdownPill` is the one home, and it takes server-computed seconds
PASS [memory] 1.389 · CONTROL · planting a date-helper import into the REAL client code, and a local Countdown into a REAL section file, makes the same two scans report — and the originals do not — {"clientFiles":8,"sectionFiles":21}
PASS [memory] 1.382 · every exported symbol of every console `"use server"` file, and every literal it passes a guard as an `action`, is house-free by the SHARED vocabulary — {"files":["src/app/admin/desk/actions.ts","src/app/admin/desk/limits-form.tsx","src/app/admin/desk/new/actions.ts"],"exports":["saveDeskLimitsAction","saveBotRulesAction","setDeskSwitchAction","runDeskAccountAction","cancelDeskIntentAction","DeskLimitFields","
PASS [memory] 1.382 · CONTROL · the same measure fires on the name ruling 382 forbids by name, and does NOT fire on the ones actually shipped — ["saveDeskLimitsAction","saveBotRulesAction","setDeskSwitchAction","runDeskAccountAction","cancelDeskIntentAction","DeskLimitFields","DeskLimitsForm","findDeskAccountsAction","designateDeskAccountAction"]
PASS [memory] 1.382 · the console's action files pass NO guard label at all — the audience is decided inside the gated door, which is why that clause has an empty population — {"actionFiles":["src/app/admin/desk/actions.ts","src/app/admin/desk/limits-form.tsx","src/app/admin/desk/new/actions.ts"],"guardLabels":[]}
PASS [memory] 1.382 · CONTROL · the guard-label extractor is proved LIVE on a synthetic source, so the empty population above is a measurement and not a regex that stopped matching — ["startHouseBot"]
PASS [memory] 1.385 · not one sentence the gate module can emit is ALSO typed into a console client file — every word about an account crosses the boundary as a prop — {"serverSentences":465,"clientSentences":92,"shared":[]}
PASS [memory] 1.385 · CONTROL · the intersection CAN fire — the SAME `serverCopy.has` filter reports exactly the planted sentence, and the sentences the client legitimately owns are about the form and the transport, never about an account — {"planted":["src/app/admin/desk/new/designate-wizard.tsx"],"client":["flex items-center gap-2 flex-wrap","font-display text-body-lg font-semibold ","text-body-sm text-text-secondary","text-body-sm text-text-subtle","text-body-sm text-danger-fg","inline-flex it
PASS [memory] 1.388 · not one prop name, type field or string literal of any console client file carries a vocabulary word — the values AND the names are neutral — {"clientFiles":["src/app/admin/desk/[id]/account-actions.tsx","src/app/admin/desk/[id]/rules-form.tsx","src/app/admin/desk/activity-filters.tsx","src/app/admin/desk/desk-live.tsx","src/app/admin/desk/limits-form.tsx","src/app/admin/desk/new/designate-wizard.ts
PASS [memory] 1.388 · every string of 25+ characters in every console client file is either a class list or one of the six the client is ALLOWED to own — every other sentence crosses the boundary as a prop — {"clientFiles":["src/app/admin/desk/[id]/account-actions.tsx","src/app/admin/desk/[id]/rules-form.tsx","src/app/admin/desk/activity-filters.tsx","src/app/admin/desk/desk-live.tsx","src/app/admin/desk/limits-form.tsx","src/app/admin/desk/new/designate-wizard.ts
PASS [memory] 1.388 · CONTROL · the same scan reports a SERVER sentence planted into the real client code, and does NOT report the class lists that file is full of — so the zero above is a measurement and not a filter that swallows everything
PASS [memory] 1.388 · …and the four consent paragraphs, both step headings and all three long hints are the GATE MODULE's, handed down as one prop — {"bullets":4}
PASS [memory] 1.388 · decision 4 · the find step's account list is a SERVER file — no client directive, so neither its prop names nor its strings reach a public chunk — and it types no sentence at all: every 25+ character string in it is a class list — {"prose":[],"classLists":8}
PASS [memory] 1.388 · decision 4 · CONTROL · the same scan reports the list's own empty-state sentence planted into that file, and the client-directive test sees a directive planted at its head
PASS [memory] 1.388 · CONTROL · the measure fires on the prop name ruling 388 forbids, and the arming word is the SERVER's — no console client file types it — {"word":"SWITCH ON"}
PASS [memory] 1.342 · the viewer lookup is wrapped in React `cache()` inside the gate module, is named EXACTLY ONCE there, and is the only call that takes the viewer — {"viewerLookups":1,"allLookups":2}
PASS [memory] 1.342 · …and it is the SAME shape `sensitive.tsx` already uses for the same lookup, so the console did not invent a second memo idiom
PASS [memory] 1.342 · no file under the section resolves the verdict itself or takes it as a prop — the answer stays in the module that gates on it
PASS [memory] 1.342 · CONTROL · MEASURED LIMIT, not a claim · React `cache()` does NOT memoise outside a render pass, so this suite cannot prove the per-pass reduction and does not pretend to — three calls, three invocations — the memo is a render-pass property and is proved by its source, not by a spy here
PASS [memory] 1.343 · every gate call under the section passes the literal `"/admin/desk"` as its route, and there are at least three of them — ["session?.userId ?? null, \"/admin/desk\"","session?.userId ?? null, \"/admin/desk\", sp","session?.userId ?? null, \"/admin/desk\", sp","session?.userId ?? null, \"/admin/desk\", { houseBotId: null }","session?.userId ?? null, \"/admin/desk\", sp","session?.
PASS [memory] 1.343 · and no gate argument is built from a header, a search param or the route module — every gate call's SECOND argument is the literal itself — {"routeArgs":["\"/admin/desk\"","\"/admin/desk\"","\"/admin/desk\"","\"/admin/desk\"","\"/admin/desk\"","\"/admin/desk\""],"literals":6}
PASS [memory] 1.343 · CONTROL · planting a header-derived route argument into the REAL page makes the same scan report, and the real page does not — {"pageChars":45963,"gateCalls":6}
PASS [memory] 1.332 · X13 · designating an account that holds a STAFF role is refused outright — which is why the combination can only arise by PROMOTING an existing holder
PASS [memory] 1.332 · X13 · no holder-exclusion clause exists in the gate: the audience is the STORED ROLE and nothing else
PASS [memory] 1.390 · not one `throw` in the console's server modules or behind its one read door — every failure is a TYPED refusal, so `runAdminAction`'s 140-character echo of `e.message` has nothing of this feature to echo — {"throwSites":[],"serverFiles":13}
PASS [memory] 1.390 · and every refusal SENTENCE the door can hand back is free of the shared vocabulary AND of 453's console lexicon — what an officer reads on a failure names the act, never the feature — {"sentences":204,"hits":[]}
PASS [memory] 1.390 · and the ERASURE door's own refusal — the one house sentence a COMPLIANCE officer can make the platform print — names neither the feature, nor a record id, nor the owner-only route — {"sentences":3,"hits":[]}
PASS [memory] 1.390 · CONTROL · the scan really finds a throw, and really finds a sentence that names the feature — both planted into the REAL sources and RE-EXTRACTED from them, and neither is there
PASS [memory] 1.390 · and every exported console action turns a throw from BEHIND the door into a typed refusal — the `catch … safeError(` is what makes the no-throw law true of the modules 1.390 cannot see, and it is asserted per action rather than assumed — {"actions":7,"unguarded":[]}
PASS [memory] 1.390 · CONTROL · that per-action scan really reports — an action whose catch is removed from the REAL source is named
PASS [memory] 1.391 · no draft module was smuggled into `src/lib/house-bot/`, and nothing under the section writes to browser storage at all today — so there is no key to leak and no TTL to get wrong — {"files":21}
PASS [memory] 1.391 · and the rule the first writer will meet is stated where it binds: the section's OWN client files are walked and shown to reach no browser storage at all and to hold no string carrying the struck `hb:` prefix or the feature's words — the secret and route rules bite on a storage KEY, and the control below shows all four firing on one — {"clientFiles":["src/app/admin/desk/[id]/account-actions.tsx","src/app/admin/desk/[id]/rules-form.tsx","src/app/admin/desk/activity-filters.tsx","src/app/admin/desk/desk-live.tsx","src/app/admin/desk/limits-form.tsx","src/app/admin/desk/new/designate-wizard.ts
PASS [memory] 1.391 · CONTROL · the WALK itself reports — a real client file's own text, given a draft key and a storage write in memory, is named by the same predicate that reports nothing over the real one
PASS [memory] 1.474 · EVERY site under the section that paints the account's own LABEL carries the 474 hook — the population is a walk for the value, not a list of the sites somebody remembered — {"sites":2,"unhooked":[]}
PASS [memory] 1.474 · and the served gate removes the operator's marked text from the SHARED vocabulary scan as well as from 453's — one exemption, both scans
PASS [memory] 1.474 · CONTROL · the label walk really reports — the detail page's own head, with its hook removed in memory, is named, and the real tree is not
PASS [memory] 1.432 · the way-out link is declared ONCE, in the three pages' one shared module, and every page under the section uses it by name — no file re-types the treatment, and no caller can add to it — {"declarers":["src/app/admin/desk/way-out-link.tsx"],"users":["src/app/admin/desk/[id]/not-found.tsx","src/app/admin/desk/[id]/page.tsx","src/app/admin/desk/new/page.tsx","src/app/admin/desk/page.tsx"]}
PASS [memory] 1.432 · CONTROL · the re-typed-treatment scan really fires — the old hover-only class string is reported when it is put back into a real section file in memory
PASS [memory] 1.432 · CONTROL · …and it fires on TODAY's treatment too — the component's own class string pasted into a real section file in memory is reported, and the real tree is not
PASS [memory] 1.432 · CONTROL · the DECLARING file is NOT exempt from the hover-only treatment — the regression planted in way-out-link.tsx itself is reported
PASS [memory] 1.432 · CONTROL · a SECOND declaration planted in a real section file in memory is reported, so the ONE-declaration count is a measurement and not a scan that stopped matching
PASS [memory] 1.432 · CONTROL · and a caller that tries to ADD to the treatment is reported — the `className` the component has no prop for, planted on a real call site in memory
PASS [memory] 1.432 · the account strip's status chip is pinned against the flex shrink that broke the longest status word across two lines at 360
PASS [memory] 1.432 · the LOSS TODAY tile names its ceiling with the SCOPE the figure actually has, and the label itself stays short because the kit truncates a KPI label
PASS [memory] 1.388 · every reason field the console asks for is MARKED required, in the one copy home, and the floor that makes it required is still the shared constant — {"labels":["Why are you switching it off? (required)","Why are you switching it on? (required)","Why are you pausing it? (required)","Why are you removing it? (required)","Why are you stopping it? (required)"]}
PASS [memory] 1.432 · not one curly apostrophe anywhere the console writes its own copy — the section's files and the gate use one glyph — {"dirty":[]}
PASS [memory] 1.432 · CONTROL · that glyph scan really fires — the gate's own text with one curly apostrophe put back is reported
PASS [memory] 1.435 · the removal record's date carries the YEAR, while the two TODAY-scoped times beside it correctly do not
PASS [memory] 1.435 · the saved-rules card is declared ONCE and used by both states, and the caption difference is a named argument rather than a second copy of the markup
PASS [memory] 1.435 · 432(n) · the record card and the rules FORM are the two arms of ONE conditional on `rulesForm`, so no single state paints two cards headed the same way
PASS [memory] 1.435 · CONTROL · with the conditional flattened to two siblings the same read refuses it, so the case rests on the branch and not on the count of cards
PASS [memory] 1.395 · not one route PATH in the walked API inventory carries a vocabulary hit in any segment, and the console's own segment appears in it nowhere — {"routes":78,"hits":[]}
PASS [memory] 1.395 · and no file under `src/app/api/` names the console route or reaches its one read door — the desk is server-component and server-action only — {"scanned":78,"bad":[]}
PASS [memory] 1.395 · CONTROL · the FILE walk reports too — one real API file's own text, given the console route and the door's module name in memory, is named by the same predicate
PASS [memory] 1.395 · CONTROL · the same predicate, run over the REAL inventory with one console route planted into it, reports — and over the real inventory alone it does not — ["/api/admin/admission","/api/admin/agent-doc","/api/admin/campaigns/[id]/step","/api/admin/contacts/export"]
PASS [memory] 1.397 · `enter now` is NOT in the shared words, the module RECORDS why in its own header, and the console really does render it — so the refusal is a measured decision, not an omission — {"hits":[]}
PASS [memory] 1.397 · CONTROL · promoting it WOULD redden the console — the extended pattern finds the desk's own rules row IN THE GATE'S OWN RENDERED ROWS, while today's finds none of them — {"rows":["Products","Targeted stakes","Enter now"]}
PASS [memory] 1.397 · the served probe is inside `VOCABULARY_CONSUMERS`, and the list only ever grows — the six absence instruments are all held to one vocabulary — {"consumers":["scripts/house-bot-surfaces.test.mts","scripts/house-bot-disclosure.test.mts","scripts/verify-house-bot-bundle.mjs","scripts/house-bot-holder-view-shots.mts","scripts/dsar-export-secrets.test.mts","scripts/lib/house-bot-reports-cases.mts","script
PASS [memory] 1.397 · 397(e) · this suite imports the shared vocabulary, re-declares none of its three family sources, and reaches every absence verdict through `houseHits` or the one shared console pattern — {"houseHits":46}
PASS [memory] 1.397 · 397(e) · this file is EITHER inside `VOCABULARY_CONSUMERS` or the reason it is not is written in that list's own source — the deviation lives where the next reader looks, and doing the work the ruling asks for can never turn this red — {"inList":false,"deviationRecorded":true}
PASS [memory] 1.397 · 397(e) · CONTROL · the third state IS reported — neither in the list nor explained fails, while each of the two acceptable states passes
PASS [memory] 1.397 · 397(e) · CONTROL · the family-source detector really fires — each of the four planted into this file's own text is reported, and none of them is there today
PASS [memory] 1.398 · ROLL-CALL · every D19 assertion owed at or before the step this tree has built was PRINTED by this run, and every later one is named with its step and its instrument — {"builtThrough":7,"gaps":[],"dueHere":19,"area5":20,"notInRollCall":[],"missing":[],"later":["1.392@step2:qa:house-bot-console-probe","1.394@step2:qa:house-bot-console-probe","1.396@step2:verify:house-bot-bundle"]}
PASS [memory] 1.398 · LADDER · every rung below the highest one this tree carries is either PRESENT or a hole this repository has recorded — an unrecorded hole is named here, a recorded one that has since been built is named so the record is deleted with the build, and the LADDER ITSELF is shown able to report a hole, so an empty `gaps` is a measurement rather than an instrument switched off — {"builtThrough":7,"gaps":[],"recorded":[],"probe":["5:activity"],"tree":{"closing":true,"wizard":true,"activity":true,"detail":true,"limits":true}}
PASS [memory] 1.398 · LADDER · ⛔ THE LADDER IS COMPLETE AND BOTH HALVES OF STEP 5 ARE READ SEPARATELY: this tree carries the closing step's artefact AND `CONSOLE_TABS`'s two new keys AND `CONSOLE_DETAIL_TABS`'s — no rung is satisfied by the other half's build — {"gaps":[],"landing":["roster","activity","limits","history","results"],"detail":["overview","activity","rules","targets","history"]}
PASS [memory] 1.398 · CONTROL · Area 5 was really parsed out of C7-SPEC §2, `BUILT_THROUGH` is a LADDER over the tree — not a constant, not typed — and the MIXED shape this tree actually has is exercised, which the nested-only vector never was — {"area5Chars":42591,"area5":["1.380","1.381","1.382","1.383","1.384","1.385","1.386","1.387","1.388","1.389","1.390","1.391","1.392","1.393","1.394","1.395","1.396","1.397","1.398","1.399"],"tree":{"closing":true,"wizard":true,"activity":true,"detail":true,"li
PASS [memory] 1.398 · CONTROL · the roll-call reads this run's own labels — an id that was never written IS reported, and one that was is not
PASS [memory] 1.398 · every D19 assertion printed here carries a planted CONTROL of its own in the same run — {"controls":["1.302","1.306","1.308","1.310","1.311","1.312","1.312a","1.314","1.316","1.317","1.319","1.332","1.342","1.343","1.345","1.346","1.348","1.351","1.353","1.354","1.355","1.355.c1","1.356","1.358","1.359","1.360","1.361","1.362","1.363","1.364","1.
PASS [memory] 1.318 · every declared `console-mem` mutation names an assertion THIS run actually printed — an `expect` that matches no label can only ever report WRONG-ASSERTION — {"declared":455,"otherSuites":["disclosure:387-grammar","rbac:322-prefix","rbac:321-nav","admin-nav:326-key","reports-mem:434-refused-ungated","comms-mem:320-href-unresolvable","comms-mem:320-control-resolves","comms-mem:320-population","comms-mem:320-tab-key-
PASS [memory] 1.318 · CONTROL · the roll-call reads this run's own labels and this suite's own source, so a drifted `expect` IS reported and an invented one is never found — {"labels":1089,"mine":455,"firstFound":true,"sentinelRefused":true}

[memory] §4b · ruling 350's two lists, over the console's one door
PASS [memory] 1.350 · not one member of ruling 350's NOT-NEEDED list is called behind the console's one door — {"reached":[],"population":44}
PASS [memory] 1.350 · CONTROL · the detector finds a member the door DOES call, so the zero above is a measurement
PASS [memory] 1.350 · 504 · `lastStoppedAt` is gone from the DAL and `veto` is still the interface plus BOTH twins — the two members 350's mechanism had left undecided — {"veto":3}
PASS [memory] 1.350 · 351 · the one seam member this step added is the one ruling 351 names, and it is the ONLY new one — {"named":3}

[memory] §4c · a pressed link says it is still loading (house-bots build step 10)
PASS [memory] 1.nav.1a · ⭐ the section rail (ui/tabs.tsx) renders the pending mark INSIDE its own link — a pressed tab says it is loading — src/components/ui/tabs.tsx
PASS [memory] 1.nav.1b · ⭐ the sortable header (admin/admin-sort.tsx) renders the pending mark INSIDE its own link — a pressed header says it is loading — src/components/admin/admin-sort.tsx
PASS [memory] 1.nav.1c · ⭐ the pager (ui/pagination.tsx) renders the pending mark INSIDE its own link — a pressed page says it is loading — src/components/ui/pagination.tsx
PASS [memory] 1.nav.1d · ⭐ the filter chip (ui/filter-pill.tsx) renders the pending mark INSIDE its own link — a pressed chip says it is loading — src/components/ui/filter-pill.tsx
PASS [memory] 1.nav.1e · ⭐ the date filter's Custom window (ui/datetime-range-filter.tsx) navigates inside a transition and marks its chip while it is pending — src/components/ui/datetime-range-filter.tsx
PASS [memory] 1.nav.1ex · CONTROL · the same check refuses a Custom chip without the mark, and a navigation made outside the transition
PASS [memory] 1.nav.1x · CONTROL · the same check refuses a mark moved OUTSIDE the link, and a link with no mark at all — so the four above are measurements
PASS [memory] 1.nav.2 · the mark is the ROUTER's own answer (useLinkStatus), rendered ONLY while its link is pending — never a timer, never at rest — aria-hidden and carrying no words
PASS [memory] 1.nav.2x · CONTROL · a mark rendered always, or one keyed on anything but the router's flag, is refused
PASS [memory] 1.nav.3 · the CSS draws it: the panels after a pressed section rail or console filter rail and the rows of a pressed card dim, the mark enters after --t-quick, its loop is the kit's progSweep and stops at the low-end tier
PASS [memory] 1.nav.3x · CONTROL · the same check refuses a stylesheet whose rows no longer dim, and one whose loop runs on at the low-end tier

@@SUMMARY {"pass":1104,"fail":1}

FAILURES — house-bot-console [memory]: 1104 passed, 1 failed
[audit] NOT RECORDED — AUDIT_CHAIN_SECRET must be set in production and distinct from SESSION_SECRET · house_bot.limits_saved · aud_bmv1qc2nf7bec4a_000000014
[house-bot] the limits_saved compliance row could not be written (the limits DID change): UNSIGNED
[email] sendEmailToUser skipped — no email for user usr_hb_14372_1… (user.email=null, phone=+25572…)
[email] sendEmailToUser skipped — no email for user usr_hb_14372_1… (user.email=null, phone=+25574…)
[email] sendEmailToUser skipped — no email for user usr_hb_14372_1… (user.email=null, phone=+25579…)
[email] sendEmailToUser skipped — no email for user usr_hb_14372_1… (user.email=null, phone=+25573…)
[email] sendEmailToUser skipped — no email for user usr_hb_14372_1… (user.email=null, phone=+25573…)
[email] sendEmailToUser skipped — no email for user usr_hb_14372_1… (user.email=null, phone=+25571…)
[email] sendEmailToUser skipped — no email for user usr_hb_14372_1… (user.email=null, phone=+25572…)
[email] sendEmailToUser skipped — no email for user usr_hb_14372_1… (user.email=null, phone=+25575…)
[email] sendEmailToUser skipped — no email for user usr_hb_14372_1… (user.email=null, phone=+25575…)
[email] sendEmailToUser skipped — no email for user usr_hb_14372_1… (user.email=null, phone=+25572…)
[email] sendEmailToUser skipped — no email for user usr_hb_14372_1… (user.email=null, phone=+25574…)
[email] sendEmailToUser skipped — no email for user usr_hb_14372_1… (user.email=null, phone=+25579…)
[email] sendEmailToUser skipped — no email for user usr_hb_14372_1… (user.email=null, phone=+25571…)
[email] sendEmailToUser skipped — no email for user usr_hb_14372_1… (user.email=null, phone=+25575…)
[audit] NOT RECORDED — AUDIT_CHAIN_SECRET must be set in production and distinct from SESSION_SECRET · probe.543.absent · aud_bmv1qc2nf7bec4a_000000125
[audit] NOT RECORDED — AUDIT_CHAIN_SECRET must be set in production and distinct from SESSION_SECRET · probe.543.same · aud_bmv1qc2nf7bec4a_000000126
[audit] NOT RECORDED — AUDIT_CHAIN_SECRET must be set in production and distinct from SESSION_SECRET · house_bot.switch_on · aud_bmv1qc2nf7bec4a_000000128
[house-bot] the switch_on compliance row could not be written (the desk IS on): UNSIGNED
[audit] NOT RECORDED — AUDIT_CHAIN_SECRET must be set in production and distinct from SESSION_SECRET · house_bot.switch_off · aud_bmv1qc2nf7bec4a_000000134
[audit] NOT RECORDED — AUDIT_CHAIN_SECRET must be set in production and distinct from SESSION_SECRET · house_bot.switch_off · aud_bmv1qc2nf7bec4a_000000135
[audit] NOT RECORDED — AUDIT_CHAIN_SECRET must be set in production and distinct from SESSION_SECRET · house_bot.started · aud_bmv1qc2nf7bec4a_000000141
[audit] NOT RECORDED — AUDIT_CHAIN_SECRET must be set in production and distinct from SESSION_SECRET · house_bot.password_verified · aud_bmv1qc2nf7bec4a_000000143
[audit] NOT RECORDED — AUDIT_CHAIN_SECRET must be set in production and distinct from SESSION_SECRET · house_bot.designated · aud_bmv1qc2nf7bec4a_000000144
[audit] NOT RECORDED — AUDIT_CHAIN_SECRET must be set in production and distinct from SESSION_SECRET · house_bot.rules_saved · aud_bmv1qc2nf7bec4a_000000147
[house-bot] the rules_saved compliance row could not be written (the rules DID change): UNSIGNED
[audit] NOT RECORDED — AUDIT_CHAIN_SECRET must be set in production and distinct from SESSION_SECRET · house_bot.paused · aud_bmv1qc2nf7bec4a_000000149
[house-bot] the house_bot.paused compliance row could not be written (the account DID move): UNSIGNED
[audit] NOT RECORDED — AUDIT_CHAIN_SECRET must be set in production and distinct from SESSION_SECRET · house_bot.removed · aud_bmv1qc2nf7bec4a_000000150
[house-bot] the house_bot.removed compliance row could not be written (the account DID move): UNSIGNED
[audit] NOT RECORDED — AUDIT_CHAIN_SECRET must be set in production and distinct from SESSION_SECRET · house_bot.staff_intent_cancelled · aud_bmv1qc2nf7bec4a_000000153
FAIL 0.mem · the memory run exits 0 with assertions and no failure — exit 1 · 1104 passed (at least 1105) · 1 failed
(node:23696) [DEP0190] DeprecationWarning: Passing args to a child process with shell option true can lead to security vulnerabilities, as the arguments are not escaped, only concatenated.
(Use `node --trace-deprecation ...` to show where the warning was created)
PASS 0.pg.migrate · prisma migrate deploy applies every migration to the scratch database — │    npm i @prisma/client@latest                          │ └─────────────────────────────────────────────────────────┘ 
PASS [postgres] 0.store · the store is NAMED and the world agrees (postgres) — onPostgres=true

[postgres] §1 · the audience, decided on the STORED role, through the gate
PASS [postgres] 1.341 · only ADMIN is in the desk's audience — with a live `ops` view grant written for SUPPORT first — {"ADMIN":true,"COMPLIANCE":false,"MODERATOR":false,"FINANCE":false,"GROWTH":false,"AUDITOR":false,"SUPPORT":false,"PLAYER":false,"AGENT":false}
PASS [postgres] 1.341 · …and SUPPORT really did hold the `ops` view grant while that was measured
PASS [postgres] 1.341 · the record route inherits the verdict — true for ADMIN, false for a granted SUPPORT — {"deep":true,"deepSupport":false}
PASS [postgres] 1.341 · a missing account is not in the audience (fail closed)
PASS [postgres] 1.341 · a null viewer is not in the audience
PASS [postgres] 1.341.c1 · the gate's OWN prefix belt answers for the section and everything under it, and for nothing else — /admin/desk
PASS [postgres] 1.341 · …and the belt is consulted BEFORE `isOwnerOnlyPath` and before `canView`, so losing the roles.ts entry cannot widen it
PASS [postgres] 1.341 · both belts really are in place today — the roles.ts entry AND the gate's own prefix
PASS [postgres] 1.341 · teardown · the `ops` grant is back to its default
PASS [postgres] 1.300 · the reader refuses a PLAYER with `null` and performs ZERO store calls — the verdict comes before the reads — {"refused":null,"calls":0}
PASS [postgres] 1.300 · …and for the Owner it performs its reads and returns a view model — {"got":true,"calls":3}

[postgres] §2 · the strip, the band, the roster and every failure
PASS [postgres] 1.306 · `REQUIRED_FOR_MASTER_ON` is the list the count is derived over, and it is longer than the six money globals — 8: gCapDailyStakeTzs,gCapDailyLossTzs,gCapOpenExposureTzs,gCapPerMarketTzs,gMaxBetsPerMinute,gMaxBetsPerDay,gCounterPerPlayerPerDay,gCounterPerPlayerTzsPerDay
PASS [postgres] 1.306 · with every required limit unset the strip counts 8 — {"got":8,"want":8}
PASS [postgres] 1.306 · with ONLY the two counterparty limits unset it counts 2, not nothing — {"got":2}
PASS [postgres] 1.306 · with exactly two required limits unset it counts 2 — {"got":2}
PASS [postgres] 1.306 · 432(m) · with two required limits unset and the switch OFF the strip says so in words — the LINKED form, and the plain form without its arrow — {"linked":"Set 2 global limits first →","plain":"Set 2 global limits first"}
PASS [postgres] 1.306 · ONE unset required limit is singular — `limit`, not `limits` — and the sentence is built from the count, not typed twice — {"got":"Set 1 global limit first →"}
PASS [postgres] 1.306 · with every required limit unset the sentence counts 8, read from REQUIRED_FOR_MASTER_ON and never typed — {"got":"Set 8 global limits first →"}
PASS [postgres] 1.306 · 432(m) · with the switch ON the sentence is NOT painted, though the limit is still unset — the strip never gives two opposite instructions — {"on":true,"unsetRequired":1,"reason":null}
PASS [postgres] 1.306 · CONTROL · …and the badge's number survives that, so the two are not the same decision — {"sentence":"On since 10 Oct 04:43:16 EAT · switched by usr_hb_officer · reason: test"}
PASS [postgres] 1.474 · exactly THREE operator-typed values are exempted from 453, each NAMED with where it paints and the bound it paints under — [{"value":"label","where":"the Account column's first line","maxCodePoints":32},{"value":"switchedReason","where":"the ON sentence's reason tail","maxCodePoints":120},{"value":"marketTitle","where":"the Activity row's Game cell and the Targets grid's Poll cell
PASS [postgres] 1.474 · the clamp cuts at CODE POINTS, keeps the text verbatim up to the bound, and its ellipsis is inside it — {"short":"abc…","astral":"😀😀😀…"}
PASS [postgres] 1.474 · a 300-code-point switch reason is BOUNDED at the render site — verbatim up to the bound, never censored, never the whole 300 — {"painted":120,"bound":120,"stored":300}
PASS [postgres] 1.304 · all three money limits NULL renders three 'Not set' tiles whose text carries no TZS — [{"label":"Stake today","value":"Not set","delta":"nothing can be staked until this limit is set"},{"label":"Loss today","value":"Not set","delta":"nothing can be staked until this limit is set"},{"label":"Open exposure","value":"Not set","delta":"nothing can 
PASS [postgres] 1.304 · …and each names the CONSEQUENCE, never a used amount beside no limit and never an arrow to nowhere — ["nothing can be staked until this limit is set","nothing can be staked until this limit is set","nothing can be staked until this limit is set"]
PASS [postgres] 1.303 · four tiles, in order, labelled as the neutral lexicon requires — ["Stake today","Loss today","Open exposure","Accounts"]
PASS [postgres] 1.404 · no delta carries a currency-prefixed amount, and no tile carries two amounts — [{"label":"Stake today","value":"TZS 0","delta":"0% of daily stake limit"},{"label":"Loss today","value":"TZS 0","delta":"0% of daily loss limit (projected)"},{"label":"Open exposure","value":"TZS 0","delta":"0% of open exposure limit"},{"label":"Accounts","va
PASS [postgres] 1.303 · the band's text contains no net, no lifetime and no bare balance — [{"label":"Stake today","value":"TZS 0","delta":"0% of daily stake limit"},{"label":"Loss today","value":"TZS 0","delta":"0% of daily loss limit (projected)"},{"label":"Open exposure","value":"TZS 0","delta":"0% of open exposure limit"},{"label":"Accounts","va
PASS [postgres] 1.346 · exactly ONE `listNonRemoved` and ZERO `countLive` per render — two reads of one question can disagree inside a render — {"list":1,"live":0,"day":1,"exposure":1,"wallet":0,"user":1}
PASS [postgres] 1.347 · exactly ONE day read and ONE exposure read per render — {"list":1,"live":0,"day":1,"exposure":1,"wallet":0,"user":1}
PASS [postgres] 1.356 · ZERO wallet reads — the roster paints no balance and no floor state, so it reads none — {"list":1,"live":0,"day":1,"exposure":1,"wallet":0,"user":1}
PASS [postgres] 1.346 / 1.356 · CONTROL · the render itself fired a `db.user` read through the very object the wallet spy watches — so `wallet === 0` is a measurement on the module under test, not an unreached patch — {"list":1,"live":0,"day":1,"exposure":1,"wallet":0,"user":1}
PASS [postgres] 1.346 · CONTROL · the `countLive` spy CAN fire through the same handle the render reads, so its zero above is a measurement — {"list":1,"live":1,"day":1,"exposure":1,"wallet":0,"user":1}
PASS [postgres] 1.310 · the roster holds every non-REMOVED account and the REMOVED one is ABSENT — [["hb_9432_11","Active"],["hb_9432_13","Paused"],["hb_9432_15","Auto-paused"]]
PASS [postgres] 1.310 · …oldest first — the rendered order is non-decreasing in the stored `designatedAt`, the only order both twins define — {"ids":["hb_9432_11","hb_9432_13","hb_9432_15"],"stamps":[1791596596968,1791596596982,1791596596993]}
PASS [postgres] 1.310 · CONTROL · the fixture's three instants are not all equal, so the order above has something to decide — [1791596596968,1791596596982,1791596596993]
PASS [postgres] 1.310 · the three statuses render the ONE display map's word and chip, never a word typed beside a chip — [["Active","success"],["Paused","warning"],["Auto-paused","claret"]]
PASS [postgres] 1.310 · no row carries a net or a bare balance, and each holder is a handle, never a name or a phone — ["Player #432_10","Player #432_12","Player #432_14"]
PASS [postgres] 1.310 / 432(h) · EVERY row carries an `href` exactly when the detail page exists — today not one of them does — {"detailPage":true,"hrefs":3}
PASS [postgres] 1.310 · 416 · a rule set the reader cannot parse renders ONE sentence-cased unknown, the way every other failure string on this page reads — [["Couldn't read"],["None"],["None"]]
PASS [postgres] 1.310 · 416 · CONTROL · the plant really did reach the parser — the other two rows still name their products, so the cell above is the parse failure and not an empty roster — [["Couldn't read"],["None"],["None"]]
PASS [postgres] 1.310 · an account with NO stakes today reads used TZS 0 of its limit — a documented zero, not a failure — {"id":"hb_9432_11","label":"Bot 11","handle":"Player #432_10","statusWord":"Active","statusChip":"success","lossCell":{"text":"used TZS 0 of TZS 50,000","used":"used TZS 0","limit":"of TZS 50,000","money":true,"halves":[{"word":"used","figure":"TZS 0","suffix"
PASS [postgres] 1.409 · each usage half carries its connective WORD apart from its FIGURE, and the halves rebuild `text` exactly — {"text":"used TZS 0 of TZS 50,000","used":"used TZS 0","limit":"of TZS 50,000","money":true,"halves":[{"word":"used","figure":"TZS 0","suffix":""},{"word":"of","figure":"TZS 50,000","suffix":""}],"edgeText":""}
PASS [postgres] 1.409 · a COUNT usage is not money: its halves carry the noun as a WORD and the cell is not marked money — {"text":"used 0 of 200 bets","used":"used 0","limit":"of 200 bets","money":false,"halves":[{"word":"used","figure":"0","suffix":""},{"word":"of","figure":"200","suffix":" bets"}],"edgeText":""}
PASS [postgres] 1.310 · an account whose loss limit is UNSET reads 'Not set', never a bar at zero, and hands the page NO figure to paint — {"id":"hb_9432_13","label":"Bot 13","handle":"Player #432_12","statusWord":"Paused","statusChip":"warning","lossCell":{"text":"Not set","used":"Not set","limit":null,"money":true,"halves":[],"edgeText":""},"exposureCell":{"text":"used TZS 0 of TZS 300,000","us
PASS [postgres] 1.361 · every usage cell matches the one fixed grammar — lower-case 'used', no percentage, no 'remaining', no arrow — ["used TZS 0 of TZS 50,000","used TZS 0 of TZS 300,000","used 0 of 200 bets","used TZS 0 of TZS 300,000","used TZS 0 of TZS 50,000","used TZS 0 of TZS 300,000","used 0 of 200 bets"]
PASS [postgres] 1.347 · a rendered account's own cells are ITS figures, in 361's grammar, painted from the day and exposure reads — ["used TZS 12,000 of TZS 300,000","used TZS 29,000 of TZS 50,000","used 3 of 200 bets"]
PASS [postgres] 1.347 · the REMOVED account is still absent from the table — ["hb_9432_11","hb_9432_13","hb_9432_15"]
PASS [postgres] 1.347 · 432(l) · the band measures the GATE's population — every bot in the day and exposure maps, the REMOVED one included — {"stake":"TZS 49K","loss":"TZS 38K","exposure":"TZS 21K","want":["TZS 49K","TZS 38K","TZS 21K"]}
PASS [postgres] 1.347 · …and each of the three is STRICTLY MORE than the roster-only sum, which is the defect this case exists for — {"rosterOnly":["TZS 40K","TZS 29K","TZS 12K"]}
PASS [postgres] 1.404 · the delta is the FLOORED proportion of its OWN GLOBAL cap, named, with no second amount — {"label":"Open exposure","value":"TZS 21K","delta":"99% of open exposure limit"}
PASS [postgres] 1.404 · CONTROL · this fixture DISCRIMINATES floor from round — 21,000 of 21,001 floors to 99% and rounds to 100%, so a rounding reader cannot pass the case above — "99% of open exposure limit"
PASS [postgres] 1.314 · at the configured maximum the reason is `DESIGNATE_COPY.rosterFull(n, max)`, character for character — {"got":"The roster is full (3 of 3). Remove an account or raise the roster limit on Limits →","want":"The roster is full (3 of 3). Remove an account or raise the roster limit on Limits →"}
PASS [postgres] 1.314 · …and the Accounts tile reads the same pair, from the SAME one read — {"label":"Accounts","value":"3 of 3","delta":"designated and the maximum"}
PASS [postgres] 1.314 · below the maximum there is no reason and the action is not disabled — null
PASS [postgres] 1.355 · a failed ROSTER read RESOLVES — the reader settles its reads, so one rejection never propagates out of it — {"threw":false}
PASS [postgres] 1.355 · a failed ROSTER read is `rows === null` — the page's AdminLoadError — never an empty state and never zero rows — {"rows":null,"empty":null}
PASS [postgres] 1.355 · …and the strip still renders its own state, so one failure does not blank the page — "The desk is off. Nothing will be staked."
PASS [postgres] 1.355 · a failed ROSTER read blanks the ACCOUNTS tile alone; the three money tiles are still real — [{"label":"Stake today","value":"TZS 0","delta":"0% of daily stake limit"},{"label":"Loss today","value":"TZS 0","delta":"0% of daily loss limit (projected)"},{"label":"Open exposure","value":"TZS 0","delta":"0% of open exposure limit"},{"label":"Accounts","va
PASS [postgres] 1.355 · a failed MONEY read renders the kit's `unavailable` tile and the cell '—' — never a fabricated TZS 0 — [{"label":"Stake today","value":"n/a","unavailable":true},{"label":"Loss today","value":"n/a","unavailable":true},{"label":"Open exposure","value":"TZS 0","delta":"0% of open exposure limit"},{"label":"Accounts","value":"3 of 5","delta":"designated and the max
PASS [postgres] 1.355 · …and the roster still renders its rows: one tile's failure suppresses neither the others nor the table — 3
PASS [postgres] 1.355 · …and that failed money read RESOLVED too — {"threw":false}
PASS [postgres] 1.355 · a failed EXPOSURE read blanks the exposure tile ALONE and renders every exposure cell '—' — never a fabricated zero — {"tiles":[["Stake today",false],["Loss today",false],["Open exposure",true],["Accounts",false]],"cell":{"text":"—","used":"—","limit":null,"money":false,"halves":[],"edgeText":""}}
PASS [postgres] 1.355.c1 · CONTROL · with no rejection the same tiles carry real figures and no `unavailable` — ["TZS 0","TZS 0","TZS 0","3 of 5"]
PASS [postgres] 1.421 · a `HouseSchemaNotReady` renders the schema STATE: no tile at all, no switch, NO ROSTER ROW, and an empty state naming that cause — {"tiles":0,"on":null,"rows":0,"empty":{"title":"No roster","body":"The desk's tables are not on this database — see the notice above."}}
PASS [postgres] 1.421 · 432(n) · the schema state's empty box says what the TABLE is and points at the notice — it does not restate the cause — {"title":"No roster","body":"The desk's tables are not on this database — see the notice above."}
PASS [postgres] 1.421 · a GENERIC control failure is NOT collapsed into the schema state — {"schemaMissing":false,"controlUnreadable":true}
PASS [postgres] 1.421 · …and it says NOTHING about whether the desk is on — never the OFF sentence, never a chip, never a Toggle — {"sentence":"The desk's own state could not be read, so nothing here says whether it is on.","on":null,"chip":null}
PASS [postgres] 1.421 · …and the band is FOUR `unavailable` tiles, never suppressed — a failed figure is the kit's own state, not an absent card — [{"label":"Stake today","value":"n/a","unavailable":true},{"label":"Loss today","value":"n/a","unavailable":true},{"label":"Open exposure","value":"n/a","unavailable":true},{"label":"Accounts","value":"n/a","unavailable":true}]
PASS [postgres] 1.421 · …and the roster it CAN read is still rendered, with no fabricated figure in it — 3
PASS [postgres] 1.306 · the OFF sentence is the one fixed sentence, whatever the cause — "The desk is off. Nothing will be staked."
PASS [postgres] 1.306 · the ON sentence names the DAY and the time, and the ACTOR BY ID — never a display name, a phone or an email (ruling 420) — "On since 10 Oct 04:43:17 EAT · switched by usr_hb_officer · reason: test"
PASS [postgres] 1.306 · 432(p) · a list never breaks onto a dangling separator — the no-break space is AFTER every '·', so the dot belongs to the word that FOLLOWS it — "On since 10 Oct 04:43:17 EAT · switched by usr_hb_officer · reason: test"
PASS [postgres] 1.306 · 432(p) · CONTROL · the same test REJECTS the no-break space on the wrong side, and rejects a plain space on both sides
PASS [postgres] 1.308 · an AUTO-off cause is carried to the page so its own Callout renders — {"offCause":"GLOBAL_LOSS_STOP"}
PASS [postgres] 1.308 · a MANUAL off carries NO cause — an officer who switched it off does not need to be told why by a Callout — {"offCause":null}
PASS [postgres] 1.308 · a STALE cause left on the row while the switch is ON renders none — the switch's state decides, not the column — {"offCause":null,"on":true}
PASS [postgres] 1.308 · 'ENGINE_FAULT' reaches the page as its own cause — {"got":"ENGINE_FAULT"}
PASS [postgres] 1.308 · 'ENGINE_ERRORS' reaches the page as its own cause — {"got":"ENGINE_ERRORS"}
PASS [postgres] 1.308 · 'SUNSET' reaches the page as its own cause — {"got":"SUNSET"}
PASS [postgres] 1.420 · 432(k) · with no recorded actor the ON sentence reads 'switched by System' and carries no house word — "On since 10 Oct 04:43:17 EAT · switched by System · reason: test"
PASS [postgres] 432(m) · a SUNSET desk at its maximum offers NO roster-full remedy, and the head still carries a reason — {"reason":null,"action":"The desk has been withdrawn, so no account can be designated."}
PASS [postgres] 432(m) · CONTROL · the same roster at the same maximum with an ordinary off cause DOES carry the remedy — "The roster is full (3 of 3). Remove an account or raise the roster limit on Limits →"
PASS [postgres] 432(j) · 432(n) · a DISABLED master switch carries exactly one reason beside it — its own or the limits sentence, never both and never neither — and an OPERABLE one carries none — [["off · ready","ON",0],["off · withdrawn","disabled",1],["off · a required limit unset","disabled",1],["on","OFF",0]]
PASS [postgres] 432(j) · 432(n) · ⭐ THE HEAD ACTION OBEYS THE SAME RULE NOW THAT IT WORKS — a LIVE link carries no sentence, and a disabled one carries exactly one — [["off · ready",false,1],["off · withdrawn",false,1],["off · a required limit unset",true,0],["on",true,0]]
PASS [postgres] 432(j) · CONTROL · the four states really are four different answers — two operable in opposite directions, one disabled with its own sentence and one disabled with the limits sentence — so the rule above was exercised and not satisfied by an empty population — {"plain":"ON","on":"OFF","sunset":"The desk has been withdrawn. It cannot be switched on again.","unset":"Set 1 global limit first →"}
PASS [postgres] 1.454 · the typed word is SWITCH ON — it names the ACT, not the feature — and it is the SERVER's, handed to the dialog as a prop — {"WORD":"SWITCH ON","dialog":"SWITCH ON"}
PASS [postgres] 1.454 · …and the draft's feature-shaped confirmation phrase is struck everywhere under the section and in the gate module — which matters precisely because it is not a needle any guard can see — {"hits":[],"scanned":22}
PASS [postgres] 1.454 · CONTROL · the same scan FINDS the phrase when it is planted in a copy of a real section file, so the zero above is a measurement and not an unreached walk
PASS [postgres] 1.415 · the way OFF takes NO typed word and the way ON does — a stop is the SAFE direction, and ceremony in front of it is money still moving — {"off":null,"on":"SWITCH ON"}
PASS [postgres] 1.415 · both directions still require a reason, with ONE pair of bounds shared by the field, its live count and the server's own refusal — {"MIN":5,"MAX":300}
PASS [postgres] 1.415 · 454 · the confirm arms only on a reason of the required length AND the word typed EXACTLY — never case-folded, because 'switch on' must not arm a control that exists so it cannot be armed by habit
PASS [postgres] 1.454 · the SERVER refuses a word that only looks right, and a reason outside the bounds — the dialog's own arming is a courtesy, not the gate — {"wrongWord":"Type SWITCH ON exactly, in capitals, to confirm.","short":"Say why, in 5 characters or more. It is kept with the change.","long":"Keep the reason under 300 characters."}
PASS [postgres] 1.454 · CONTROL · the desk is still OFF after all three refusals — a refusal that wrote something would be the worst possible pass here
PASS [postgres] 1.415 · 300 · a signed-in PLAYER's ceremony is refused, and the refusal names no state, no count and no figure — {"ok":false,"error":"You can't change the desk's master switch."}
PASS [postgres] 1.306 · 454 · with a required limit unset the ceremony is REFUSED by the server, with the SAME derived count the strip paints — and the desk stays off — {"error":"Set 1 global limit first. Until every required limit is set, nothing can be staked.","unsetRequired":1,"dialog":null}
[audit] COMPLIANCE house_bot.switch_on usr_hb_officer HouseBotControl#global
PASS [postgres] 1.415 · ⭐ THE CEREMONY MOVES THE SWITCH: the desk goes ON, the officer's own id and reason are on the row, and the off cause is cleared — {"ok":true,"changed":true,"by":"usr_hb_officer","reason":"weekend cover","offCause":null}
PASS [postgres] 1.415 · …and the scope starts with it (04 A11, ruling 92) — a switch-on that left scope NULL would put every stake out of scope, and one that left an old instant would replay history
PASS [postgres] 1.415 · a second ON changes NOTHING and says so — one ON, one event, one alert, whichever officer landed second — {"changed":false,"note":"The desk was already on. Nothing changed."}
PASS [postgres] 1.415 · 547 · with the desk switched ON through the CEREMONY, no usage caption and no limits row says the master switch cannot be turned on — the state ruling 547 was written about, reached through the console for the first time — {"on":true,"captions":["Not set — nothing can be staked until this limit is set.","Not set — nothing can be staked until this limit is set.","Not set — targeted and manual stakes cannot be placed."]}
[audit] COMPLIANCE house_bot.switch_off system_house_bot HouseBotControl#global
PASS [postgres] 1.415 · ⭐ THE KILL SWITCH STOPS THE DESK: off, with the officer's id and reason on the row and the MANUAL cause recorded — {"ok":true,"changed":true,"offCause":"MANUAL"}
PASS [postgres] 1.415 · 266 · a stop reports what it cancelled as a COUNT or says nothing at all — never an amount, here or anywhere on this section — {"note":null}
PASS [postgres] 1.415 · a second OFF changes nothing and says so — and it is never refused, because a stop that is refused is the one refusal this console must not have — {"ok":true,"on":false,"changed":false,"note":"The desk was already off. Nothing changed.","warn":false}
PASS [postgres] 1.415 · 453 · a kill switch whose WRITE FAILED says so in the console's own neutral words, and names the remedy — never the shared sentence, which names the feature three words in — {"ok":false,"error":"The database could not be reached, so the desk was NOT switched off. Try again, or turn on Maintenance mode."}
PASS [postgres] 1.415 · 453 · CONTROL · the shared sentence this branch replaced DOES name the feature, so the case above is a comparison with something rather than with nothing — "Could not reach the database. House bots were NOT switched off. Try again, or turn on Maintenance mode."
PASS [postgres] 1.415 · 453 · not one word of either ceremony names the feature, and the scan really had both dialogs' whole copy in it — {"scanned":25,"hits":[]}
PASS [postgres] 1.415 · 453 · CONTROL · the same scan fires on the kill switch's SHARED copy, which names the feature three times over — which is exactly why the console builds its own sentence from the structured result instead of passing that table through — ["House bots are off. No bot will place a bet.","House bots were already off. No bot will place a bet.","Could not reach the database. House bots were NOT switched off. Try again, or turn on Maintenance mode."]
PASS [postgres] 1.353 · 414 · a STALE engine paints the DANGER Callout with `role="alert"`, and its meta says when the planner was last seen — {"caption":null,"noticeKey":"STALE","tone":"danger","alert":true,"meta":"Last seen: 45 s ago","title":"The engine is not running","body":"No account will place a bet while this stands, and nothing already queued will be acted on. The desk is on, so this is not
PASS [postgres] 1.353 · …and a live planner with NO poller beat at all paints NOTHING — the idle-engine false alarm PLAN.md:450's OR would have printed on the console's gravest statement — null
PASS [postgres] 1.414 · a boot inside the grace is NEUTRAL and does NOT announce — an alert that fires on every deploy trains an officer to ignore the one that matters — {"caption":null,"noticeKey":"BOOTING","tone":"neutral","alert":false,"meta":"04:42:57 EAT","title":"The engine has just started","body":"Its first pass runs within the minute. Nothing is wrong; this notice clears itself."}
PASS [postgres] 1.353 · M1 · the engine notice ages the durable beats against the DATABASE's clock: a planner beat that is 5 s old by this container's clock is painted as NOT RUNNING when the database says ten minutes have passed — and the clock really was asked — {"calls":1,"notice":{"caption":null,"noticeKey":"STALE","tone":"danger","alert":true,"meta":"Last seen: 10 min ago","title":"The engine is not running","body":"No account will place a bet while this stands, and nothing already queued will be acted on. The desk
PASS [postgres] 1.353 · M1 · CONTROL · the SAME rows with the database agreeing with this container paint NOTHING — so the danger above is the clock and not the rows — null
PASS [postgres] 1.353 · M1 · CONTROL · the spy was removed: the store's own `dbClock` is back on the handle the reader calls
PASS [postgres] 1.414 · ⭐ 514 · a poller ERROR newer than its own beat is DANGER and announces — the condition A24 exists for, and the one that had no writer at all before this step — {"caption":null,"noticeKey":"POLLER_FAILING","tone":"danger","alert":true,"meta":"04:43:13 EAT","title":"A server cannot take work","body":"It failed 11 times in a row and nothing has succeeded since. Queued stakes may be placed late, or not at all."}
PASS [postgres] 1.414 · ⭐ X1 · a live engine whose last pass failed a duty is a WARNING that does not announce, and the duties are named in the console's own words — never as identifiers and never as the database's message — {"caption":null,"noticeKey":"DUTY_FAILED","tone":"warning","alert":false,"meta":"04:43:12 EAT","title":"Part of the last pass did not finish","body":"The engine is running, and these did not complete: the hourly summaries, checking the day's losses against the
PASS [postgres] 1.354 · 309 · beats that could NOT be read paint the DANGER Callout with meta 'Last seen: unknown' — never an absent card, and never a healthy band — {"caption":null,"noticeKey":"UNREADABLE","tone":"danger","alert":true,"meta":"Last seen: unknown","title":"The engine could not be read","body":"Nothing here says whether it is running, so nothing here says whether a stake would be placed. Treat the desk as un
PASS [postgres] 1.354 · CONTROL · the same render with the read WORKING does not paint that meta, so the sentence above came from the failure and not from every render
PASS [postgres] 1.414 · 432(n) · with the desk OFF the engine Callout is not painted at all — the strip one card up already says 'The desk is off. Nothing will be staked.' — null
PASS [postgres] 1.309 · exactly ONE beat read per render pass, inside the one settled set — the engine facts are not a second door (435(e)) — {"instanceReads":1}
PASS [postgres] 1.414 · X1 · every member of the planner's own `DutyName` union has a neutral phrase, over a population DERIVED from that union rather than typed here — {"duties":15,"missing":[]}
PASS [postgres] 1.414 · X1 · CONTROL · the union really was parsed (it names the money duties by their own spellings) and an INVENTED duty falls through to its bare name, which is the window the case above keeps one run long — ["deadline","stale","poison","press"]
PASS [postgres] 1.414 · 453 · not one word of any engine Callout names the feature, and the scan had five distinct verdicts' copy in it — {"scanned":15,"hits":[]}
PASS [postgres] 1.414 · 453 · CONTROL · the scan really covered five different verdicts, each with its own stable key, so a refresh cannot re-announce a state that has not changed (309)
PASS [postgres] 1.548 · not one crumb this console can render paints a record id — the population is every href its ONE route home builds, not a typed list of paths — {"paths":12,"painted":[]}
PASS [postgres] 1.548 · …and the id segment renders a NEUTRAL word instead, the way ruling 313 already gives the detail route a ghost title — never a blank, which would read as a broken trail — ["Admin","Desk","Account"]
FAIL [postgres] 1.548 · the fix is in the crumb builder's own home, keyed by the SECTION KEY — not a prefix added to `looksLikeId`, which the next prefix would walk straight past — {"hasTable":true}
PASS [postgres] 1.548 · CONTROL · a section that does NOT declare its ids maskable still paints them — so the zero above is a masked section and not a crumb builder that has stopped rendering ids at all
PASS [postgres] 1.548 · CONTROL · the mask's own population is the ROUTE TABLE: an entry naming a key no route emits is reported, and the real table is not — []
PASS [postgres] 1.432f · every sentence `eligibility.ts` can put on a screen is WALKED, and the ones carrying a house word are COUNTED rather than taken from the ruling — which named two — {"dirty":14,"scanned":273}
PASS [postgres] 1.432f · CONTROL · the walk really read that module and can say NO — a module SPECIFIER is not copy, its neutral sentences are not counted, and a planted sentence IS — {"all":273,"dirty":14}
PASS [postgres] 1.432f · the section renders an eligibility row ⟺ the console's own override for those sentences exists — so C7 step 6 can ship neither half alone — {"sectionNamesEligibility":true,"overrideExists":true,"files":22}
PASS [postgres] 1.432f · CONTROL · each detector fires on the REAL gate module and STOPS firing when its own subject's lines are removed from a copy — so the equality above is a measurement, not two unreached scans
PASS [postgres] 1.415 · the action row offers exactly the acts this account's CURRENT state allows — Pause only on a running account, Start and Confirm permission only on a stopped one, Remove on anything that is still on the desk — {"live":["PAUSE","REMOVE"],"paused":["START","REVERIFY","REMOVE"],"auto":["START","REVERIFY","REMOVE"]}
PASS [postgres] 1.415 · 358 · a REMOVED account gets NO row at all — not a row of dead buttons, which is what a read-only page would otherwise be — []
PASS [postgres] 1.415 · 415 · Remove is the ONE act that wears claret and the one that arms on a typed word; everything else is primary and takes no word — [["PAUSE","brand",null],["REMOVE","claret","REMOVE"]]
PASS [postgres] 1.415 · 432(j) · an AUTO-PAUSED account whose cause has since cleared carries an honest sentence, and it can be Started right now — a claret chip with nothing under it reads as a broken page — {"note":"It was stopped automatically, and whatever stopped it has since cleared. Nothing is stopping it now — Start it when you are ready.","wayOut":null}
PASS [postgres] 1.415 · 432(j) · …and the two are NEVER both painted: a running account has neither, and a state with a LIVE cause carries the way out instead — {"live":[null,null],"removed":null,"paused":"An officer stopped this account. Nothing is stopping it now — Start it when you are ready."}
[audit] ADMIN house_bot.paused usr_hb_officer HouseBot#hb_9432_20
PASS [postgres] 1.415 · ⭐ PAUSE STOPS A RUNNING ACCOUNT: PAUSED with the MANUAL reason, written by the officer — never the engine's AUTO_PAUSED, which carries a cause, no actor and a SYSTEM audit — {"ok":true,"changed":true,"status":"PAUSED","reason":"MANUAL"}
PASS [postgres] 1.415 · a second Pause changes NOTHING and says so — the write is conditional, so two officers produce one act, one event and one alert — {"ok":true,"changed":false,"note":"This account was not running. Nothing changed.","warn":false}
PASS [postgres] 1.415 · 266 · what an act cancelled is reported as a COUNT or not at all — never an amount, here or anywhere on this section — {"a":null,"b":"This account was not running. Nothing changed."}
PASS [postgres] 1.415 · 388 · Remove is refused by the SERVER without the typed word and without a reason of the required length — a ceremony verified only in a browser is one a crafted POST walks straight through — {"noWord":"Type REMOVE exactly, in capitals, to confirm.","noReason":"Say why, in 5 characters or more. It is kept with the change."}
[audit] COMPLIANCE house_bot.removed usr_hb_officer HouseBot#hb_9432_22
PASS [postgres] 1.415 · ⭐ REMOVE takes the account off the desk, with the officer's id and free text on the row and the MANUAL cause recorded — {"ok":true,"status":"REMOVED","by":"usr_hb_officer","cause":"MANUAL"}
PASS [postgres] 1.415 · …and a second Remove changes nothing rather than refusing — an act that already happened is not an error
PASS [postgres] 1.415 · 453 · every re-verify refusal is the CONSOLE's own sentence, names the field to fix, and carries no house word — the service's own copy says 'This bot was removed.' and 'the bot is running' — {"wrong":"Something on the holder's own account is stopping this. Open the account to see what.","empty":"Enter the holder's password.","removed":"This account was removed from the desk. Nothing on it can be changed."}
PASS [postgres] 1.415 · 453 · CONTROL · the shared sentences those replaced DO name the feature, so the case above is a comparison with something rather than with nothing — {"removed":"This bot was removed.","running":"The bot is running. It pauses itself when the password changes — try again in a moment."}
[audit] SECURITY house_bot.password_rejected usr_hb_officer HouseBot#hb_9432_28
PASS [postgres] 1.CA19 · ⛔ a DOUBLE-TAPPED Confirm is ONE attempt against the holder's three — the copy is refused as already sent, and the holder's counter moves by 1 — {"dup":"That was already sent — wait for its answer.","before":0,"after":1,"a":"That password is not right. 2 attempts left before the last two are held for the holder.","b":"That was already sent — wait for its answer."}
[audit] SECURITY house_bot.password_rejected usr_hb_officer HouseBot#hb_9432_30
[audit] SECURITY house_bot.password_rejected usr_hb_officer HouseBot#hb_9432_30
PASS [postgres] 1.CA19 · ⭐ POSITIVE CONTROL · two DISTINCT presses are still two attempts, and NEITHER is refused as a duplicate — {"before":0,"after":2,"a":"That password is not right. 1 attempt left before the last two are held for the holder.","b":"That password is not right. 2 attempts left before the last two are held for the holder."}
[audit] SECURITY house_bot.password_rejected usr_hb_officer HouseBot#hb_9432_32
[audit] SECURITY house_bot.password_rejected usr_hb_officer HouseBot#hb_9432_32
PASS [postgres] 1.CA19 · ⭐ POSITIVE CONTROL · a caller that sends NO id — or an empty one — is refused nothing: both reach the password check, as this row behaved before — {"before":0,"after":2,"a":"That password is not right. 2 attempts left before the last two are held for the holder.","b":"That password is not right. 1 attempt left before the last two are held for the holder."}
PASS [postgres] 1.CA19 · …and the DIALOG mints a fresh nonce per press and spends it on either answer — never one derived from what was typed
[audit] COMPLIANCE house_bot.started usr_hb_officer HouseBot#hb_9432_34
PASS [postgres] 1.415 · ⭐ C10 · START moves a stopped account, and when the desk's master switch is OFF the officer is TOLD so rather than left reading a green chip beside a switch that is off — {"ok":true,"changed":true,"note":"It is started, but the desk's master switch is off, so nothing will be staked until the desk is switched on.","warn":true,"status":"ACTIVE"}
PASS [postgres] 1.420.unit · the saved-rules card renders a TIME cap with its own unit word — `freqMinGapSec` is stored as 20 and reads "20 seconds", never a bare "20" — {"row":{"section":"Frequency","name":"Min gap","value":"20 seconds","unset":false,"caption":null,"face":"count"}}
PASS [postgres] 1.420.unit.c1 · CONTROL · the SAME predicate REPORTS a planted unit-less render — "20", which is exactly what this code produced before the fix — so the assertion above is a measurement and not a filter — {"planted":"20","plantedCarries":false,"fixed":"20 seconds"}
PASS [postgres] 1.420.unit.c2 · POSITIVE CONTROL · a COUNT cap in the SAME card is still BARE and must stay so — the label already carries the noun, and "200 count" would be worse than "200". An assertion that demanded a word on every row would have refused this one — {"field":"freqMaxPerHour","row":{"section":"Frequency","name":"Bets per hour","value":"60","unset":false,"caption":null,"face":"count"}}
PASS [postgres] 1.420.unit.c3 · the refusal sentence for that same field spells the unit from the SAME source (`unitSuffix`), so the card and the refusal cannot drift to two spellings of one value — {"suffix":" seconds","value":"20 seconds"}
PASS [postgres] 1.420.unit.c4 · CONTROL · and it is SINGULAR at one — the refusal built "1 seconds" with an unconditional plural, and a floor of 1 is reachable — {"s1":" second","min1":" minute","s30":" seconds","count":""}
PASS [postgres] 1.415 · 453 · a Start the service refuses answers in the CONSOLE's own words, never the service's — {"ok":false,"error":"This account was removed from the desk. Nothing on it can be changed."}
PASS [postgres] 1.415 · 453 · every refusal code the four services can answer has the console's OWN sentence, over a population DERIVED from their source unions rather than typed in this case — {"codes":22,"missing":[]}
PASS [postgres] 1.415 · 453 · CONTROL · the unions really were parsed — they name the codes this case drove — and an INVENTED code is reported missing, so the zero above is a measurement — ["EMPTY","DUPLICATE_SUBMIT","ACCOUNT_MISSING","BOT_REMOVED","NOTHING_TO_VERIFY","BLOCKED"]
PASS [postgres] 1.415 · the confirm arms only when every field the act ASKS FOR is filled — and a field it does not ask for is never a reason to refuse
PASS [postgres] 1.415 · 453 · not one word of any act's dialog names the feature, and the scan had all four acts' whole copy in it — {"scanned":64,"hits":[]}
PASS [postgres] 1.415 · 300 · a signed-in PLAYER's act is refused, the account does not move, and the refusal names no state and no figure — {"ok":false,"error":"You can't change this account."}
PASS [postgres] 1.314 · 432(i) · the PLAIN form of the roster-full sentence is the linked one WITHOUT its tail — an arrow on inert text promises a navigation that resolves back to this page — {"linked":"The roster is full (3 of 3). Remove an account or raise the roster limit on Limits →","plain":"The roster is full (3 of 3). Remove an account or raise the roster limit on Limits"}
PASS [postgres] 1.314 · 432(i) · CONTROL · with no roster-full state there is no sentence in either form, so the pair cannot drift apart — {"linked":null,"plain":null}
PASS [postgres] 1.310 · with NO account the OFF state's own title wins over 'none yet' — the switch's state beats the count — {"off":{"title":"The desk is off","body":"No account has been designated yet."},"on":{"title":"No accounts yet","body":"Designated accounts appear here, oldest first."}}
PASS [postgres] 1.310 · 432(n) · no empty state tells the reader to designate an account or to switch the desk on — ["No account has been designated yet.","Designated accounts appear here, oldest first."]
PASS [postgres] 1.310 · 432(n) · and no empty state repeats the strip's own sentence — ["The desk is off. Nothing will be staked.","No account has been designated yet."]
PASS [postgres] 1.372 · the usage reader refuses a viewer outside the audience with `null` and performs ZERO store calls — {"refused":null,"calls":0}
PASS [postgres] 1.306 · 1.312 · each render pass reads the control row EXACTLY ONCE — the strip's count and the rail's badge can never be two different reads — {"roster":1,"usage":1,"results":1,"sawSpy":3,"sawReal":0}
PASS [postgres] 1.306 · CONTROL · IDENTITY · all three reads went through the patched handle itself — not through a second copy of the DAL, and not through a control that called its own patch — {"roster":1,"usage":1,"results":1,"sawSpy":3,"sawReal":0}
PASS [postgres] 1.306 · 1.312 · …and all three panels report the SAME derived count, which is the number the badge and the sentence both paint — {"roster":2,"usage":2,"results":2}
PASS [postgres] 1.406 · the strip, the auto-off cause and the band are the SAME values on all three panels — one shell, built once — {"roster":"On since 10 Oct 04:43:18 EAT · switched by usr_hb_officer · reason: test","usage":"On since 10 Oct 04:43:18 EAT · switched by usr_hb_officer · reason: test","results":"On since 10 Oct 04:43:18 EAT · switched by usr_hb_officer · reason: test"}
PASS [postgres] 1.364 · every member of `REQUIRED_FOR_MASTER_ON` gets the master-switch caption while the desk is OFF, and the list is not empty — []
PASS [postgres] 1.364 · every member of `CLEAR_EXEMPT` gets the targeted-and-manual caption — the blanket sentence would be a LIE on a staff-chosen cap — []
PASS [postgres] 1.364 · every cap the seam reads UNCONDITIONALLY gets the third caption, and it says `account` — ruling 453 outranks 364's own wording — ["Not set — this account cannot place a bet.","Not set — this account cannot place a bet.","Not set — this account cannot place a bet.","Not set — this account cannot place a bet.","Not set — this account cannot place a bet.","Not set — this account cannot pla
PASS [postgres] 1.547 · with the desk ON, a required limit's unset caption states the CONSEQUENCE — never that a switch already on cannot be turned on — ["Not set — nothing can be staked until this limit is set."]
PASS [postgres] 1.547 · …and the OFF reading is unchanged, so the split is a BRANCH and not a rewrite — {"on":"Not set — nothing can be staked until this limit is set.","off":"Not set — the master switch cannot be turned on."}
PASS [postgres] 1.547 · RENDERED · with the chip reading ON, neither the usage bar nor the limits list says the master switch cannot be turned on — {"on":true,"strip":null,"row":"Not set — nothing can be staked until this limit is set.","bar":"Not set — nothing can be staked until this limit is set."}
PASS [postgres] 1.547 · CONTROL · that sentence is the KPI tile's own delta for an unset limit — ONE home, compared on one render, never typed twice — {"caption":"Not set — nothing can be staked until this limit is set.","delta":"nothing can be staked until this limit is set"}
PASS [postgres] 1.547 · CONTROL · switched OFF, the very same row says the master switch cannot be turned on — and the strip says it too — {"on":false,"row":"Not set — the master switch cannot be turned on.","strip":"Set 1 global limit first →"}
PASS [postgres] 1.364 · CONTROL · the three populations are disjoint and the three captions differ, so the branch order is not what makes the case pass — {"req":8,"exempt":7,"uncond":7}
PASS [postgres] 1.364 · CONTROL · the unconditional population is DERIVED from `cap-precheck.ts` — at least seven caps, each really read OUTSIDE `if (f.staffChosen)` — {"derived":["stakeMinTzs","stakeMaxTzs","capPerMarketTzs","balanceFloorTzs","capDailyStakeTzs","capDailyLossTzs","capOpenExposureTzs"]}
PASS [postgres] 1.364 · the panel carries the five all-account usage rows — the daily stake cap, the loss cap TWICE, the exposure cap scoped, and the targeted-and-manual cap — ["Daily stake limit","Daily loss limit (projected)","Daily loss limit (settled)","Open exposure limit (open now)","Targeted and manual daily limit"]
PASS [postgres] 1.365 · and NO usage row for a per-market, per-player or counterparty-share cap — this console renders no such figure — ["Daily stake limit","Daily loss limit (projected)","Daily loss limit (settled)","Open exposure limit (open now)","Targeted and manual daily limit"]
PASS [postgres] 1.364 · an UNSET cap renders NO bar and one of the three captions — never a bar at zero, which would say headroom where the gate refuses everything — {"name":"Targeted and manual daily limit","usedTzs":null,"limitTzs":null,"halves":[],"edgeText":"","captionText":"Targeted and manual daily limit","unsetCaption":"Not set — targeted and manual stakes cannot be placed.","unsetLinked":false,"unreadable":false}
PASS [postgres] 1.364 · a REQUIRED cap's unset caption names the master switch and carries the link to the field that fixes it — {"name":"Daily stake limit","usedTzs":null,"limitTzs":null,"halves":[],"edgeText":"","captionText":"Daily stake limit","unsetCaption":"Not set — the master switch cannot be turned on.","unsetLinked":true,"unreadable":false}
PASS [postgres] 1.306 · exactly ONE row of the limits list carries the anchor, and it is the FIRST unset REQUIRED limit in form order — with TWO of them unset, so the `!firstUnsetTaken` term is doing the deciding — {"flagged":["Daily stake limit"],"list":[["Daily stake limit",true,true],["Daily loss limit",false,false],["Open exposure limit",true,false],["Per-market limit",false,false],["Bets per minute",false,false],["Bets per day",false,false],["Stakes against one play
PASS [postgres] 1.306 · with exactly ONE required limit unset the anchor is on it, and the strip's count agrees — {"one":1,"two":2}
PASS [postgres] 1.306 · CONTROL · with every limit set no row carries the anchor and no row carries a caption — {"rows":14,"want":14}
PASS [postgres] 1.409 · every limit row says whether it is MONEY, derived from `FIELD_META`'s own unit — never a count in the money face — [["Daily stake limit",true,"TZS 900,000,000"],["Daily loss limit",true,"TZS 900,000,000"],["Open exposure limit",true,"TZS 900,000,000"],["Per-market limit",true,"TZS 900,000,000"],["Bets per minute",false,"20"],["Bets per day",false,"28,800"],["Stakes against
PASS [postgres] 1.364 · 453 · every limit name, section and value the panel paints is neutral, over the WHOLE limit table — []
PASS [postgres] 1.364 · CONTROL · every `FIELD_META` label this overrides really DOES carry a word, and every label that carries one IS overridden — the population is derived, never a typed four — {"needs":["gCounterPerPlayerPerDay","gCounterPerPlayerTzsPerDay","maxDesignatedBots","gCapStaffChosenPerDay","gCapStaffChosenDailyTzs","gTargetsMaxActive","gStaffChosenMaxCounterpartyShare","capStaffChosenPerDay","capStaffChosenDailyTzs"],"overridden":["gCount
PASS [postgres] 1.364 · 539 · the three labels that were painting the mechanism on the limits tab are each overridden, and each original still reads as a hit — [["Counters per player per day","Stakes against one player per day"],["Counter TZS per player per day","TZS against one player per day"],["Counterparty share limit","One player's share limit"]]
[audit] ADMIN market.created usr_hb_officer Market#mkt_1ff76819b4fdebe8d994
PASS [postgres] 1.348 · `staffChosenPlacedToday` answers the day it is GIVEN, and a day it was not given is a different answer — on this store — {"forYesterday":{"count":1,"stakeTzs":7000},"forToday":{"count":1,"stakeTzs":3000},"forNow":{"count":1,"stakeTzs":3000},"yKey":"2026-10-09","todayKey":"2026-10-10"}
PASS [postgres] 1.348 · the limits panel's fifth read is handed the RENDER's own day key — the page cannot straddle EAT midnight and paint two days on one card — {"passed":[{"houseBotId":null,"dayKey":"2026-10-10"}],"dayKey":"2026-10-10"}
PASS [postgres] 1.348 · CONTROL · the spy IS the handle the reader called (an identity check — a control that calls through its own patch fires either way) — {"recorded":1,"restored":true}
PASS [postgres] 1.348 · the targeted-and-manual usage row is the figure for the render's OWN day, read back through the same door — {"row":3000,"direct":3000,"dayKey":"2026-10-10"}
PASS [postgres] 1.366 · the two loss rows are separate, share ONE cap, and the SETTLED one STATES a profit — never rendered as zero (owner ruling, 2026-09-23) — {"projected":"Daily loss limit (projected) · used TZS 1,000 of TZS 50,000","settled":"Daily loss limit (settled) · ahead by TZS 11,000 · limit TZS 50,000"}
PASS [postgres] 1.366b · CONTROL · a settled loss of exactly zero is ordinary usage, not 'ahead' — the new grammar is for a PROFIT and nothing else — "Daily loss limit (projected) · used TZS 1,000 of TZS 50,000"
PASS [postgres] 1.366 · CONTROL · the READER is not clamped — `foldDayBook` still returns the negative realised loss the gates and stops read
PASS [postgres] 1.367 · usage EQUAL to its limit says so in words, and carries the true amount in full — "Daily stake limit · used TZS 40,000 of TZS 40,000 — at the limit"
PASS [postgres] 1.367 · usage OVER its limit says so in words, and is NOT clamped to the limit — the bar saturates and cannot tell 100% from 140% — "Open exposure limit (open now) · used TZS 12,000 of TZS 10,000 — over the limit"
PASS [postgres] 1.367 · and a row UNDER its limit carries no clause at all, so the clause is a signal and not decoration — "Daily loss limit (projected) · used TZS 1,000 of TZS 50,000"
PASS [postgres] 1.367 · the SAME clause lands in a roster cell, where there is no bar and it is the only signal there is — {"exposure":"used TZS 400,000 of TZS 300,000 — over the limit","bets":"used 200 of 200 bets — at the limit"}
PASS [postgres] 1.367 · CONTROL · the clause is written with a real em dash from `String.fromCharCode`, not a hyphen, and the same three sites agree on it — " — over the limit"
PASS [postgres] 1.372 · a failed day read makes the stake and both loss rows say so — and NEVER `used TZS 0 of TZS 50,000` — [["Daily stake limit",true,"Daily stake limit · couldn't read — this is not zero"],["Daily loss limit (projected)",true,"Daily loss limit (projected) · couldn't read — this is not zero"],["Daily loss limit (settled)",true,"Daily loss limit (settled) · couldn't
PASS [postgres] 1.372 · …and the exposure row, whose own read succeeded, is still REAL — one failure never blanks the panel — {"name":"Open exposure limit (open now)","usedTzs":0,"limitTzs":900000000,"halves":[{"word":"used","figure":"TZS 0","suffix":""},{"word":"of","figure":"TZS 900,000,000","suffix":""}],"edgeText":"","captionText":"Open exposure limit (open now) · used TZS 0 of T
PASS [postgres] 1.421 · a missing schema leaves the limits panel with nothing to LIST — empty, not failed, and never the kit's failure treatment — {"schemaMissing":true,"usage":[],"limits":[]}
PASS [postgres] 1.421 · CONTROL · a GENERIC control failure is NOT that state: usage and limits are `null`, which is what the kit's failure treatment is for — {"schemaMissing":false,"unreadable":true}
PASS [postgres] 1.316 · the poller's predicate is pure and all three of its branches answer — live and unheld polls, a hold stops it, and nothing live never polls
PASS [postgres] 1.316 · `live` is true with the switch ON, and true with the switch OFF while an account is ACTIVE or AUTO_PAUSED — the engine can still move it — {"on":true,"off":true}
PASS [postgres] 1.316 · CONTROL · with the switch off and no account at all `live` is FALSE — so a 20s refresh is not registered on a page nothing can change — {"live":false,"rows":0}
PASS [postgres] 1.393 · no non-owner staff role is in the audience of ANY console route — the section, the wizard and a record path alike — {"SUPPORT":false,"COMPLIANCE":false,"MODERATOR":false,"FINANCE":false,"GROWTH":false,"AUDITOR":false}
PASS [postgres] 1.393 · CONTROL · the same six roles ARE in the audience of a route their domain grants, so the six falses above are a measurement and not an unreachable call
PASS [postgres] 1.332 · X13 · an ADMIN who HOLDS a live account is still in the console's audience, and still reads its rows — {"verdict":true,"rows":10}
PASS [postgres] 1.332 · X13 · CONTROL · that account really is a live holder in this run, so the verdict above is the combination X13 names and not an ordinary ADMIN

[postgres] §2b · the limits save
PASS [postgres] 2.537 · fixture · the panel hands the form a base version and one row per limit, each with a neutral key of its own — {"version":33,"rows":14}
PASS [postgres] 2.537 · a PLAYER, a signed-in AUDITOR and an anonymous caller are each REFUSED, with ZERO store calls and not one column touched — {"calls":0,"version":33,"player":{"ok":false,"error":"You can't change these limits."},"auditor":{"ok":false,"error":"You can't change these limits."}}
[audit] COMPLIANCE house_bot.limits_saved usr_hb_officer HouseBotControl#global
PASS [postgres] 2.537 · CONTROL · the spy was live — the SAME body from the Owner reaches the store and lands
[audit] COMPLIANCE house_bot.limits_saved usr_hb_officer HouseBotControl#global
PASS [postgres] 2.537 · the Owner's save lands: the column moves, the version advances by exactly one, the result counts what changed and says its record was written — {"done":{"ok":true,"limitsVersion":35,"changed":1,"recorded":true,"warnings":["Targeted and manual daily limit TZS 100,000 is below “Bot 11”'s own setting of TZS 900,000,000. Stakes from that account will be refused until one of the two is changed.","Targeted 
PASS [postgres] 2.537 · …and it writes the COMPLIANCE row `house_bot.limits_saved` — which had a classification and no writer at all until now — {"found":2,"entry":{"action":"house_bot.limits_saved","category":"COMPLIANCE","target":"global"}}
PASS [postgres] 2.537 · 420 · the row names the ACTOR BY ID and the payload carries only the version and the fields that moved — no label, no handle, no name — {"actorId":"usr_hb_officer","payload":{"limitsVersion":35,"changes":[{"field":"gCapDailyStakeTzs","before":123000,"after":777000}]}}
PASS [postgres] 2.537 · a save whose COMPLIANCE ROW cannot be written still reports the truth: it LANDED, and it says the record did not — {"landed":{"ok":true,"limitsVersion":36,"changed":2,"recorded":false,"warnings":["Per-market limit TZS 44,000 is below “Bot 11”'s own setting of TZS 10,000,000. Stakes from that account will be refused until one of the two is changed.","Targeted and manual dai
[audit] COMPLIANCE house_bot.limits_saved usr_hb_officer HouseBotControl#global
PASS [postgres] 2.537 · CONTROL · with the chain secret back, the same save reports its record WRITTEN — so the flag above is a measurement and not a constant — {"ok":true,"limitsVersion":37,"changed":1,"recorded":true,"warnings":["Per-market limit TZS 45,000 is below “Bot 11”'s own setting of TZS 10,000,000. Stakes from that account will be refused until one of the two is changed.","Targeted and manual daily limit TZ
[audit] COMPLIANCE house_bot.limits_saved usr_hb_officer HouseBotControl#global
PASS [postgres] 2.537 · TWO REAL WRITERS on ONE base version: exactly one lands, the other is REFUSED with the server's own sentence, and nothing is clobbered or merged — {"ra":{"ok":true,"limitsVersion":38,"changed":2,"recorded":true,"warnings":["Targeted and manual daily limit TZS 100,000 is below “Bot 11”'s own setting of TZS 900,000,000. Stakes from that account will be refused until one of the two is changed.","Targeted an
PASS [postgres] 2.537 · …and the loser is TOLD, in one sentence that says nothing was saved and names no field to fix — {"ok":false,"error":"Someone else changed these limits while this page was open. Nothing was saved — reload the page and make the change again."}
PASS [postgres] 2.537 · a tab rendered from an older version is refused before the roster is read at all, and its value never reaches the row — {"stale":{"ok":false,"error":"Someone else changed these limits while this page was open. Nothing was saved — reload the page and make the change again."},"listCalls":0}
PASS [postgres] 2.537 · a cross-field rule REFUSES, names the field by its NEUTRAL key, gives the validator's own sentence — and writes nothing — {"ok":false,"error":"Daily loss can't exceed daily stake.","field":"daily-loss"}
PASS [postgres] 2.537 · 453 · a refusal whose SHARED copy names the mechanism is painted in the console's own words — and the copy it replaced really does carry one — {"painted":"Stakes against one player per day can't be above bets per day.","shared":"Counters per player per day can't exceed bets per day."}
PASS [postgres] 2.537 · a bound refusal comes back on its own field, in the validator's own words, and needs no override — {"ok":false,"error":"At least TZS 1,000 — the platform minimum.","field":"daily-stake"}
PASS [postgres] 2.537 · 453 · clearing a required limit while the desk is ON is refused in the console's own words, and the shared sentence it replaces carries a word — {"painted":"A limit can't be cleared while the desk is on. Switch the desk off first.","shared":"Can't clear a limit while bots are on. Switch off first."}
PASS [postgres] 2.537 · a post missing a field, and a post carrying a COLUMN NAME as a key, are both refused — and neither writes — {"missing":{"ok":false,"error":"This form is out of date. Reload the page and make the change again — nothing was saved."},"unknown":{"ok":false,"error":"This form is out of date. Reload the page and make the change again — nothing was saved."}}
PASS [postgres] 2.537 · D19 · every key the form posts is neutral, is not the column's own name, and the fourteen are distinct — ["daily-stake","daily-loss","open-exposure","per-market","bets-per-minute","bets-per-day","one-player-bets-per-day","one-player-tzs-per-day","max-accounts","alerts-per-hour","targeted-bets-per-day","targeted-daily-tzs","max-active-targets","one-player-share"]
PASS [postgres] 2.537 · D19 · CONTROL · the column names the keys stand in for DO carry a word, so the substitution is doing work — ["gCapStaffChosenPerDay","gCapStaffChosenDailyTzs","gStaffChosenMaxCounterpartyShare"]
PASS [postgres] 2.537 · D19 · every hint and every saved value the form paints is neutral too — the half a label-only scan misses — []
PASS [postgres] 2.537 · RENDERED · D19 · every field's `name` and `data-field` is the server's neutral key, one per limit, and not one house word reaches the markup — {"names":["daily-stake","daily-loss","open-exposure","per-market","bets-per-minute","bets-per-day","one-player-bets-per-day","one-player-tzs-per-day","max-accounts","alerts-per-hour","targeted-bets-per-day","targeted-daily-tzs","max-active-targets","one-player
PASS [postgres] 2.537 · RENDERED · CONTROL · the same render with ONE key put back to a house word DOES fire the lexicon — so the clean markup above is a measurement
PASS [postgres] 2.537 · RENDERED · the strip's fragment lands on the FIRST unset required limit, exactly once — the field the sentence promises the officer will find — {"anchored":"open-exposure","want":"open-exposure"}
PASS [postgres] 2.537 · RENDERED · 412 · the refusal is painted under ITS OWN field, money fields carry the kit's TZS prefix, the percent field its suffix, and every box is on the 44px rung — {"tzs":6,"pct":true}
PASS [postgres] 2.537 · RENDERED · 364 · an unset REQUIRED limit paints the caption naming what it costs, and a set one paints its saved value in the money face
PASS [postgres] 2.537 · RENDERED · 432(n) · the group whose name the card already carries loses its heading, and every other group keeps one — {"withoutOmit":["Global limits","Roster and alerts","Targeted and manual"],"withOmit":["Roster and alerts","Targeted and manual"]}
PASS [postgres] 2.537 · RENDERED · 432(n) · an UNSET limit says "Not set" ONCE — the caption keeps it, the box's placeholder gives it up — {"placeholders":11,"optionalSet":11,"optionalUnset":1,"unsetKeys":["open-exposure"]}
PASS [postgres] 2.537 · RENDERED · CONTROL · …and a row that is optional and SET still carries the placeholder, so the suppression is keyed on the STATE and not on the field
PASS [postgres] 2.537 · 453 · every shared HINT that names the feature or carries a placeholder is replaced, and every replacement really did replace one — the population is derived, never typed — {"needs":["gCapDailyLossTzs","bellAlertsPerHour","gCapStaffChosenPerDay","gCapStaffChosenDailyTzs","gTargetsMaxActive","gStaffChosenMaxCounterpartyShare"],"overridden":["gCapDailyLossTzs","bellAlertsPerHour","gCapStaffChosenPerDay","gCapStaffChosenDailyTzs","g
PASS [postgres] 2.537 · 432(n) · not one hint this panel renders says "Not set" — the unset consequence has ONE home, and a hint is true in every state — []
PASS [postgres] 2.537 · 432(n) · CONTROL · the ONE home really does say it — every caption `unsetCaptionFor` produces opens with "Not set", so the absence above is a measurement and not an empty population — ["Not set — the master switch cannot be turned on.","Not set — this account cannot place a bet.","Not set — targeted and manual stakes cannot be placed."]
PASS [postgres] 2.537 · 453 · CONTROL · exactly three of the limits scope's refusal sentences name the feature, and they are the three the console substitutes for — a fourth would be reported here — {"rules":["N1-c","L-LOSS-LE-DAY","L-DAY-GE-MIN","L-CPP-LE-DAY","X-CLEAR-ON"],"needsCopy":["N1-c","L-CPP-LE-DAY","X-CLEAR-ON"]}
PASS [postgres] 2.537 · 453 · the third feature-naming refusal is painted in the console's own words too, on its own neutral key — {"painted":"The targeted and manual daily limit can't be above the daily stake limit.","shared":"Staff-chosen daily limit can't exceed the global daily stake limit."}
[audit] COMPLIANCE house_bot.limits_saved usr_hb_officer HouseBotControl#global
PASS [postgres] 2.537 · setting the FIRST unset required limit clears it everywhere at once: the count, the badge's number, the anchor and the usage bar — {"before":1,"after":0,"anchored":"open-exposure"}

[postgres] §2c · botRateUsage — the market-free rate reader (ruling 351)
[audit] ADMIN market.created usr_hb_officer Market#mkt_0b77fc0fbea7cef5a97c
[audit] BET market.position.opened usr_hb_9432_49 Position#pos_84021f7cdeb218866cee
[audit] ADMIN market.created usr_hb_officer Market#mkt_04923e1104dafd99bcad
[audit] BET market.position.opened usr_hb_9432_49 Position#pos_d643360f81786424cf72
[audit] ADMIN market.created usr_hb_officer Market#mkt_46fce63576da7c164a68
[audit] BET market.position.opened usr_hb_9432_49 Position#pos_8a315dcf73a198138cde
[audit] ADMIN market.created usr_hb_officer Market#mkt_63569c20d6a83f33961b
PASS [postgres] 1.351 · one account's rate usage: the HOUR and DAY windows are counted separately, on the database clock, and the NEWEST placement comes back with them — {"row":{"houseBotId":"hb_9432_50","placedLastHour":1,"placedLastDay":2,"lastPlacedAt":"2026-10-10T01:43:18.833Z"},"placed":3}
[audit] BET market.position.opened usr_hb_9432_51 Position#pos_4a20d1879ad8e41d2210
PASS [postgres] 1.351 · …and every one of those three terms EQUALS what `botUsage` computes for the same account — the same windows, read two ways — {"rate":{"houseBotId":"hb_9432_50","placedLastHour":1,"placedLastDay":2,"lastPlacedAt":"2026-10-10T01:43:18.833Z"},"usage":{"lastPlacedAt":"2026-10-10T01:43:18.833Z","placedLastHour":1,"placedLastDay":2,"countOnMarket":0,"stakeOnMarket":0}}
PASS [postgres] 1.351 · a NULL account reads the whole roster in ONE call, ordered by account, with a row only for an account that has placed — {"calls":1,"ids":["hb_9432_50","hb_9432_52"]}
PASS [postgres] 1.351 · CONTROL · the spy really fires, so the ONE above is a measurement and not an uncalled counter — {"calls":1,"rows":2}
PASS [postgres] 1.351 · `botUsage` still NAMES its market and gives it no default — this reader is why it did not have to become optional — async botUsage({houseBotId,marketId},tx){const rows=await sql(tx,`SELECT max("pl

[postgres] §2d · the way out of a pause, neutral (ruling 432(f))
PASS [postgres] 1.311 · 432(f) · the population is not empty: the SHARED table really does carry a forbidden word in more than one row — ["ACCOUNT_MISSING","WALLET_MISSING","ACCOUNT_CLOSED","IDENTITY_REFUSED","HOLDER_ERASURE_REQUEST","HOLDER_WITHDREW","UNMAPPED_REFUSAL"]
PASS [postgres] 1.311 · 432(f) · not one way-out sentence the console paints carries a house-vocabulary word, over the WHOLE table — []
PASS [postgres] 1.311 · 432(f) · CONTROL · the two sets are EQUAL — every dirty sentence is overridden, and no already-clean one is — {"dirty":["ACCOUNT_MISSING","WALLET_MISSING","ACCOUNT_CLOSED","IDENTITY_REFUSED","HOLDER_ERASURE_REQUEST","HOLDER_WITHDREW","UNMAPPED_REFUSAL"],"overridden":["ACCOUNT_MISSING","WALLET_MISSING","ACCOUNT_CLOSED","IDENTITY_REFUSED","HOLDER_ERASURE_REQUEST","HOLDE
PASS [postgres] 1.311 · 432(f) · CONTROL · `pause-reasons.ts` is UNTOUCHED — the fix is an override in the console's copy home, not a rewrite of the engine's own words
PASS [postgres] 1.311 · 432(f) · the override key separates the two SHARED way-outs from the codes that reach them
PASS [postgres] 1.311 · 432(f) · no painted sentence carries an unresolved placeholder, and the one row that HAS a placeholder still fills it — "Account one is paused: its rules were saved in an older format. Open Rules, review the converted values, Save, then Start."

[postgres] §2e · the account page (rulings 358, 363, 368, 399, 507, 508)
[audit] ADMIN market.created usr_hb_officer Market#mkt_3935e3e819f9a154ad5e
PASS [postgres] 1.399 · for a viewer OUTSIDE the audience a real id and an invented one answer IDENTICALLY — the page is not an id oracle — {"real":null,"invented":null}
PASS [postgres] 1.399 · CONTROL · the ADMIN can tell them apart, which is what makes the two nulls above a measurement — {"real":true,"invented":false}
PASS [postgres] 1.541 · a viewer OUTSIDE the audience receives `null` and nothing else, and a real id answers exactly as an invented one — this panel is no more an id oracle than the page it sits on — {"refused":null,"inventedWhy":null}
PASS [postgres] 1.541 · CONTROL · the officer DOES get an answer — which is what makes the two nulls above a measurement — and it is a FINISHED SENTENCE, never an engine code handed to the page to translate — {"headline":"The desk is switched off. Nothing is staked from any account until an officer switches it back on.","reasons":[],"scanned":""}
PASS [postgres] 1.541 · a switched-off DESK is the whole answer, given with no walk behind it: no reasons, no counts, nothing that could be read as a fault in the rules of this one account — {"headline":"The desk is switched off. Nothing is staked from any account until an officer switches it back on.","reasons":[],"scanned":""}
PASS [postgres] 1.541 · CONTROL · switching the desk back ON changes the answer — so the sentence above was read off the switch and is not a constant this door paints whatever the state — {"off":"The desk is switched off. Nothing is staked from any account until an officer switches it back on.","backOn":"This account has never been started, so no market is in its scope yet. Start it and it takes the markets that open from that moment on, never 
PASS [postgres] 1.541 · an account whose saved rules CANNOT be read is told so, and pointed at the tab that now repairs it — never answered with an unchanged page — {"headline":"This account's saved rules cannot be read, so nothing is staked from it. Its Rules tab draws the form again, seeded from the closest readable values — open it, check every figure, and save.","reasons":[],"scanned":""}
PASS [postgres] 1.541 · CONTROL · the SAME account with its document readable answers something else entirely — so the sentence above is read off the document and is not what this door says to everyone — {"unreadable":"This account's saved rules cannot be read, so nothing is staked from it. Its Rules tab draws the form again, seeded from the closest readable values — open it, check every figure, and save.","readable":"This account has never been started, so no
PASS [postgres] 1.541 · a REMOVED account is not explained — the door answers `null`, because there is nothing left for it to stake on (358) — {"removedWhy":null}
PASS [postgres] 1.541 · CONTROL · the same account NOT removed does get an answer — so the null above is the removal, not a door that answers nothing — {"backOn":"This account has never been started, so no market is in its scope yet. Start it and it takes the markets that open from that moment on, never the ones already running."}
PASS [postgres] 1.456f · the account page carries a door to the platform's own funding control, and it is a PLATFORM route — never a route of this section — {"funds":"/admin/players/usr_hb_9432_59","read":"/admin/transactions?q=usr_hb_9432_59"}
PASS [postgres] 1.456f · CONTROL · the two doors are DIFFERENT screens — reading a holder's money and changing it are not the same act, and one href for both would send an officer to the wrong one — {"read":"/admin/transactions?q=usr_hb_9432_59","funds":"/admin/players/usr_hb_9432_59"}
PASS [postgres] 1.456f · …and the page RENDERS it as a link, so the model field is not a value nothing paints — the account page draws no holderFundsHref door
PASS [postgres] 1.626 · a document this build CANNOT read still draws the rules form, seeded from the defaults, and SAYS so — {"basis":"default","reason":"These settings could not be read at all, so the values below are the starting ones and this account's saved numbers are not shown. Review every one of them and Save to repair this account. Nothing is stored until you press Save."}
PASS [postgres] 1.626 · ⭐ DISCRIMINATES · a document that CAN be carried forward is seeded from the CONVERTED values, not the defaults — the two are different answers and the officer is told which they are reading — {"basis":"converted","reason":"These settings were saved in an older format. The values below are the converted ones — review every one of them and Save to repair this account. Nothing is stored until you press Save."}
PASS [postgres] 1.626 · CONTROL · the account whose document PARSES is untouched — still `saved`, still its own sentence, so the branch above is the failure path and not a form everyone now gets — {"basis":"saved"}
PASS [postgres] 1.399 · a refused viewer's answer holds no label, no handle and no figure — "null"
PASS [postgres] 1.363 · the card carries exactly FIVE money rows, in the seam's own order, and the loss cap is read TWICE against ONE limit — ["Daily stake cap","Daily loss cap (projected)","Daily loss cap (settled)","Open exposure cap (open now)","Targeted and manual daily cap"]
PASS [postgres] 1.363 · every money row's NAME is the field table's own label, never typed beside the field — so a cap renamed in `rules.ts` moves here — {"names":["Daily stake cap","Daily loss cap (projected)","Daily loss cap (settled)","Open exposure cap (open now)","Targeted and manual daily cap"],"labels":["Daily stake cap","Open exposure cap"]}
PASS [postgres] 1.363 · the exposure row is scoped `open now`, the two loss rows are told apart by theirs, and no other row spends a scope word its own cap already carries — ["Daily stake cap","Daily loss cap (projected)","Daily loss cap (settled)","Open exposure cap (open now)","Targeted and manual daily cap"]
PASS [postgres] 1.363 · 432(n) · CONTROL · the two count rows spend NO scope at all — their caps are named `per hour` and `per day`, so a scope word would say it twice — ["Bets per hour","Bets per day"]
PASS [postgres] 1.363 · 433(b) · the targeted-and-manual cap is selected by PROPERTY and that selection is UNIQUE — typing its id would put the shared vocabulary's own word in a literal of the gate module — "capStaffChosenDailyTzs"
PASS [postgres] 1.363 · 351 · the two count rows are the hour and day windows, in the same grammar, with the noun outside the figure — ["Bets per hour · used 0 of 30 bets","Bets per day · used 0 of 200 bets"]
PASS [postgres] 1.408 · 266 · no row of the account page carries a net, a result or a bare balance — money is usage against a configured limit and nothing else — ["Daily stake cap","Daily loss cap (projected)","Daily loss cap (settled)","Open exposure cap (open now)","Targeted and manual daily cap"]
PASS [postgres] 1.368 · with the balance above the floor the page says so, names the FLOOR — a configured limit — and never the balance — "Balance is above the floor of TZS 1,000."
PASS [postgres] 1.368 · 459 · the holder's own balance appears NOWHERE in this page's painted view model, in any form — "Balance is above the floor of TZS 1,000."
PASS [postgres] 1.368 · CONTROL · with the balance BELOW the floor the sentence flips and says the account cannot place a bet — "Balance is below the floor of TZS 9,000,000 — this account cannot place a bet."
PASS [postgres] 1.368 · 364 · an UNSET floor renders no sentence and no amount — it renders the unconditional-cap caption, which this page is the first surface to reach — "Not set — this account cannot place a bet."
PASS [postgres] 1.356 · the account page reads the holder's wallet EXACTLY ONCE, and that one read is what the floor STATE is built from — {"calls":1}
PASS [postgres] 1.356 · CONTROL · the spy really fires, so the ONE above is a measurement and not an uncalled counter — {"calls":1}
PASS [postgres] 1.507 · X6 · a MISSING holder wallet is painted as a STATE on the account's own page — {"blocked":true}
PASS [postgres] 1.507 · X6 · CONTROL · with the wallet present the same state is FALSE, so the chip is a measurement and not a decoration — {"normal":false}
PASS [postgres] 1.507 · X6 · CONTROL · `WALLET_MISSING` is not a member of the live-cause list at all, which is why the state is read off the wallet row — ["ACCOUNT_CLOSED","HOLDER_ERASURE_REQUEST","SELF_EXCLUDED","COOLING_OFF","IDENTITY_REFUSED","HOLDER_WITHDREW","CONSENT_VOID","PASSWORD_CHANGED","ACCOUNT_SUSPENDED","WALLET_FROZEN","ROLE_CHANGED","OWNER_LOSS_LIMIT"]
PASS [postgres] 1.368 · 355 · with no wallet to read, the floor sentence says the check could not be made — never `above the floor`, and never an amount — "The balance floor could not be checked."
PASS [postgres] 1.508 · the rules panel lists every saved cap, the five scope facts, the six entry modes, EVERY numeric rule and the schedule, as VALUES — the record the overview, a REMOVED account and the unparseable fallback all read — {"rows":55,"expected":55}
PASS [postgres] 1.508 · …and the same facts arrive as INPUTS: one named field per cap, the ten switches, the version the save is conditional on, and a reason that says what Start needs — {"caps":14,"flags":10,"reason":"Every stake this account places is held to these limits and to the desk's own. Tick a product, turn on how it enters, and choose the markets it may touch — a product with nothing chosen reaches no market at all."}
PASS [postgres] 1.508 · the form marks exactly the caps `REQUIRED_FOR_START` as required — the count read off that list, and one member and one non-member each asserted by name — {"required":11,"want":11,"member":true,"nonMember":false}
PASS [postgres] 1.508 · CONTROL · the form's value is the raw number while the card's is the formatted figure, and an unset cap is the empty string in the form — {"form":"50000","card":"TZS 50,000"}
PASS [postgres] 1.508 · 453 · not one label, section, key or sentence the FORM paints carries a house-vocabulary word — {"words":114,"hits":[]}
PASS [postgres] 1.508 · 453 · not one rule name, section or value the panel paints carries a house-vocabulary word — []
PASS [postgres] 1.508 · the targets panel reads this account's targets and counts the live ones — and an account with none is an EMPTY list, never a failed read — {"targets":[],"active":0}
PASS [postgres] 1.grid22 · the Targets grid serves ONE page of 20 and says how many there are in all — the total is a COUNTING read, never the page's own length — {"rows":20,"total":22,"page":1,"per":20}
PASS [postgres] 1.grid22 · page 2 is a DIFFERENT set of rows, and the two pages together are the whole set with nothing repeated and nothing lost — {"p2":2,"union":22}
PASS [postgres] 1.grid22 · the tab count is the account's own ACTIVE total and does not change as the officer pages — {"p1":22,"p2":22}
PASS [postgres] 1.grid22 · `?tpage=99` is served as the LAST page with its rows, and a page number that is not one reads as page 1 — {"over":2,"overRows":2,"junk":1}
PASS [postgres] 1.508 · 432(f) · not one target-end caption the console paints carries a house-vocabulary word, over the WHOLE table — []
PASS [postgres] 1.508 · 432(f) · CONTROL · the two sets are EQUAL — every dirty caption is overridden and no already-clean one is, and the shared table still says what it always said — {"dirty":["BOT_REMOVED","OUT_OF_SCOPE","SUNSET"],"overridden":["BOT_REMOVED","OUT_OF_SCOPE","SUNSET"]}
PASS [postgres] 1.508 · 432(f) · no painted target-end caption carries an unresolved placeholder
PASS [postgres] 1.432g · an account that has never staked has NO last placement — the page paints an em dash, never a fabricated date — null
[audit] ADMIN market.created usr_hb_officer Market#mkt_cb7f9bbe6e3b64077c01
[audit] BET market.position.opened usr_hb_9432_59 Position#pos_04c0981f474d80f84f6b
PASS [postgres] 1.432g · after one stake the page paints a RELATIVE phrase with the absolute EAT instant in its title — both built on the server — {"text":"just now","title":"10 Oct 04:43:19 EAT"}
PASS [postgres] 1.432g · the roster's `Last bet` cell is the SAME phrase as the account page's, from the same reader — {"roster":{"text":"just now","title":"10 Oct 04:43:19 EAT"},"page":{"text":"just now","title":"10 Oct 04:43:19 EAT"}}
PASS [postgres] 1.432h · every roster row carries a way-out href to its own account page, now that that page exists — ["/admin/desk/hb_9432_11","/admin/desk/hb_9432_13","/admin/desk/hb_9432_15"]
PASS [postgres] 1.432g · CONTROL · a FUTURE instant reads `just now`, never `in N minutes` — a clock behind the database must not make the phrase run backwards — {"text":"just now","title":"10 Oct 04:45:19 EAT"}
PASS [postgres] 1.358 · a REMOVED account renders — `get(id)` reads it, and `listNonRemoved` would have made this page 404 on a row that exists — {"removed":true,"word":"Removed"}
PASS [postgres] 1.358 · its read set is the row, its final state and its SAVED RULES — ZERO wallet, day-book, exposure, rate, target and targeted-and-manual reads — {"wallet":0,"day":0,"exposure":0,"rate":0,"targets":0,"staff":0}
PASS [postgres] 1.358 · CONTROL · every one of those six spies FIRES on a LIVE account in the same run, so the six zeros above are a measurement
PASS [postgres] 1.358 · it carries a terminal sentence and NO control: no usage, no counts, no last placement, no targets — {"note":"Removed on 10 Oct 2026 04:43 EAT. Nothing can be staked from this account and none of its limits applies any more.","usage":null,"targets":null}
PASS [postgres] 1.358 · CONTROL · the same account is ABSENT from the roster, so the page really is its only door — ["hb_9432_11","hb_9432_13","hb_9432_15","hb_9432_20","hb_9432_24"]
PASS [postgres] 1.435 · 358 · every card of the account page is guarded by `removed` — the rail, the usage card, the floor sentence, the last placement and all four other panels — {"guards":11,"whyPanelHandedRemoved":true}
PASS [postgres] 1.435b · a REMOVED account is told nothing, even when handed a live answer — the panel's own guard, not the door's, is what stands here — {"onRemoved":""}
PASS [postgres] 1.435b · CONTROL · the SAME answer on a live account paints the panel, headline and reason — so the empty render above is the guard, not a panel that paints nothing — {"onLive":"<div role=\"note\" class=\"flex items-start border gap-2.5 rounded-md px-3 py-2.5 border-dashed border-border bg-bg-elevated/40\"><span aria-hidden=\"true\" class=\"sh"}
PASS [postgres] 1.435 · 433(e) · every tab test is the tab and NOTHING else, so no panel reads as `above the rail` — ["{tab === \"overview\" && (<>","{tab === \"activity\" && (<>","{tab === \"rules\" && (<>","{tab === \"targets\" && (<>","{tab === \"history\" && (<>"]
PASS [postgres] 1.435 · 433(e) · the RAW account page yields exactly the closed tab list — no comment invents a key no panel answers — ["overview","activity","rules","targets","history"]
PASS [postgres] 1.435 · 355 · the account page carries no `AdminLoadError` a REMOVED account can reach — a read that was never taken has not failed — {"loadErrors":5}

[postgres] §2e2 · the account page's activity and history panels
PASS [postgres] 1.312 · the account page's rail is FIVE keys in rail order — overview · activity · rules · targets · history — and nothing else — ["overview","activity","rules","targets","history"]
PASS [postgres] 1.312 · a panel for every key AND a key for every panel, in the SAME order — read off the page as TEXT, which is how the served probe reads it too — {"panelKeys":["overview","activity","rules","targets","history"],"tabs":["overview","activity","rules","targets","history"]}
PASS [postgres] 1.312 · CONTROL · the both-ways comparison really fires — a key with no panel and a panel with no key are each reported, and the shipped page is not
PASS [postgres] 1.302 · `?tab=activity` and `?tab=history` resolve to themselves now that their panels exist — the fallback is for values with no panel, not for these
PASS [postgres] 1.302 · …and every value with no panel still resolves to the default — absent, empty, misspelled, a repeated parameter and a struck key alike, never a 404 and never a redirect
PASS [postgres] 1.312 · 329 · the design gate holds the console's PAGES and no `?tab=` of them — ruling 312's own Proof clause, asserted here for the first time — ["/admin/desk","/admin/desk/new"]
PASS [postgres] 1.312 · 329 · CONTROL · the scan really reads that file and would see a query entry — planted, it is reported; the shipped list is not
PASS [postgres] 1.405 · the account rail's labels are the PAGE's own `TAB_LABEL`, one per key of the closed list, each the key in English sentence case — [["overview","Overview"],["activity","Activity"],["rules","Rules"],["targets","Targets"],["history","History"]]
PASS [postgres] 1.405 · CONTROL · the parse really read the page's table, and a label that is NOT the key in sentence case is reported — 5
PASS [postgres] 1.315 · the RAW account page still yields exactly the closed list after two panels were added — no comment on either invents a key — ["overview","activity","rules","targets","history"]
PASS [postgres] 1.317 · the console's event word map is TOTAL over `EVENT_KINDS` — every kind has a word and no word names a kind that does not exist, compared member for member — {"kinds":30,"words":30}
PASS [postgres] 1.317 · CONTROL · the totality comparison reads the WHOLE key set — a kind renamed 600 characters in is reported, and the suite's 260-character DISPLAY helper would have hidden exactly that
PASS [postgres] 1.317 · 453 · not one of its words carries a house-vocabulary word, or the words this section additionally may not render — []
PASS [postgres] 1.317 · ⛔ MEASURED · the lexicon is BLIND to `HOLDER_AGAINST_BOT` — an underscore is a word character, so `\bbots?\b` has no boundary before BOT — which is exactly why the map is TOTAL and tsc-enforced instead of scanned — {"blind":true,"spaced":true}
PASS [postgres] 1.317 · CONTROL · the same scan DOES fire on a word that names the feature, so the zero above is a measurement and not an empty walk
PASS [postgres] 1.317 · 453 · no raw-enum fallback survives anywhere the two panels are built — no `?? kind`, no `?? e.kind`, and no `?? code`
PASS [postgres] 1.317 · CONTROL · that scan really fires on the fallback it forbids
PASS [postgres] 1.317 · 370(c) · the ENGINE's own event words are NOT the console's — that table is partial and at least one of its words is a needle of the shared vocabulary, and no file under the section imports it — {"partial":8,"kinds":30,"needles":["Staff-chosen stake cancelled"]}
PASS [postgres] 1.344 · the activity panel serves ONE page of 20 and says how many there are in all — the total is a COUNTING read, never the page's own length — {"rows":20,"total":41,"page":1}
PASS [postgres] 1.344 · …and the total does not move as the officer pages, because it is not read off the page — {"p2":20,"p3":1,"totals":[41,41,41]}
PASS [postgres] 1.344 · the three pages together are the whole set with nothing repeated and nothing lost — {"union":41}
PASS [postgres] 1.344 · the total and the rows are scoped to THIS account — the second account's stake is in neither, so the count is a scoped count and not a table count — {"total":41}
PASS [postgres] 1.411 · `?page=99` is served as the LAST page with its rows, and a page number that is not one reads as page 1 AND is reported as a refusal — {"over":3,"junk":1,"refusal":"One part of this address was not understood and was ignored: page. The rest of the filter is in force."}
PASS [postgres] 1.345 · the listing reader and the COUNTING reader are called with the same facets, so the rows and the total move together over each one — type, product, outcome, and two at once — {"byKind":{"total":10,"rows":10,"want":10,"ok":true},"byProduct":{"total":9,"rows":9,"want":9,"ok":true},"byOutcome":{"total":8,"rows":8,"want":8,"ok":true},"byBoth":{"total":2,"rows":2,"want":2,"ok":true}}
PASS [postgres] 1.345 · CONTROL · the facets really NARROW — each of the four answers fewer rows than the unfiltered 41, and the two-facet answer is narrower than either of its halves — {"all":41,"byKind":10,"byProduct":9,"byOutcome":8,"byBoth":2}
PASS [postgres] 1.345 · SOURCE · there is ONE filter object: the count takes it whole and the page read spreads it with only the paging words added — {"countCalls":4}
PASS [postgres] 1.355 · a failed activity read is `feed === null` — the page's AdminLoadError — and NEVER an empty list, which says a different thing — {"failed":null,"ok":true}
PASS [postgres] 1.355 · …and the failure is attributed to ITS figure: a failed PAGE read leaves the rest of the account page whole, and a failed COUNT leaves the rows — {"countRows":20,"countTotal":null}
PASS [postgres] 1.355 · CONTROL · both planted failures RESOLVED — the reader settles its reads, so one rejection never propagates out of the door
PASS [postgres] 1.355 · an account with nothing to show answers an EMPTY LIST and its own empty state — never null, which is a failed read — {"title":"Nothing staked yet","body":"Every stake this account tries appears here, newest first, with what happened to it."}
PASS [postgres] 1.355 · 432(j) · a FILTER that matched nothing says so in different words, and offers the way back — an empty list and an empty filter are not the same state — {"filtered":{"title":"Nothing matches this filter","body":"No stake on this account matches what the rail above is set to. Widen the window or clear a chip."},"bare":{"title":"Nothing staked yet","body":"Every stake this account tries appears here, newest firs
PASS [postgres] 1.302 · a bypassed client smuggles NOTHING past the door: three crafted axes narrow nothing, and the answer is the unfiltered list — {"total":41,"filtered":false}
PASS [postgres] 1.302 · 432(j) · …and every refused axis is NAMED, by its own screen word, in one sentence — never a silent narrowing — "Parts of this address were not understood and were ignored: type, product and outcome. The rest of the filter is in force."
PASS [postgres] 1.302 · a REPEATED parameter is one value for nobody — it is refused and named, never resolved to whichever arrived first — {"total":41,"refusal":"One part of this address was not understood and was ignored: outcome. The rest of the filter is in force."}
PASS [postgres] 1.302 · CONTROL · the SAME axes with real values are honoured and NOTHING is refused, so the refusals above are a measurement and not a door that refuses everything
PASS [postgres] 1.302 · a window preset the rail does not offer is refused and named, and the panel stays on the window it was on — {"refusal":"One part of this address was not understood and was ignored: window. The rest of the filter is in force."}
PASS [postgres] 1.302 · M2 · a custom window whose bounds cannot be read is REFUSED and named `window`, the rail falls back to its own DEFAULT preset rather than a silent 24 hours, and the unreadable pair does not travel into the links this rail builds — {"refusal":"One part of this address was not understood and was ignored: window. The rest of the filter is in force.","params":{"tab":"activity"},"fallback":"all"}
PASS [postgres] 1.302 · M2 · CONTROL · the SAME two bounds in the shape the parser accepts are honoured in full — nothing refused, the preset reads `custom`, and both bounds travel — so the refusal above is the parse and not a door that refuses every custom window — {"refusal":null,"params":{"tab":"activity","range":"custom","from":"2026-09-20T13:00","to":"2026-09-20T14:00"}}
PASS [postgres] 1.302 · M2 · …and `range=custom` with NO bounds at all is refused too: it names a window and states none, which is the same address that cannot be honoured — {"refusal":"One part of this address was not understood and was ignored: window. The rest of the filter is in force.","params":{"tab":"activity"}}
PASS [postgres] 1.410 · the rail is THREE axes, each an 'Any …' option plus one per member of its own closed list, with the live one marked — [{"param":"kind","options":5,"on":1},{"param":"product","options":3,"on":1},{"param":"outcome","options":8,"on":1}]
PASS [postgres] 1.411 · every rail link carries the tab and every OTHER live filter, and DROPS the page — a filter change that kept the page lands on one the narrowed list no longer has — ["/admin/desk/hb_9432_68?tab=activity&outcome=failed","/admin/desk/hb_9432_68?tab=activity&kind=responding&outcome=failed","/admin/desk/hb_9432_68?tab=activity&kind=filling&outcome=failed"]
PASS [postgres] 1.453 · every option KEY and every link the rail builds is neutral too — a token is the option's own painted word slugged, never the enum lowercased — []
PASS [postgres] 1.453 · CONTROL · the token the first build shipped IS a hit and the token it ships now is not — so the zero above is a measurement and not a scan that stopped matching
PASS [postgres] 1.453 · …and each axis's tokens are DISTINCT, so two members can never slug to one address and silently filter for each other — [{"param":"kind","keys":["","responding","filling","opening","manual"]},{"param":"product","keys":["","polls","up-down"]},{"param":"outcome","keys":["","queued","in-flight","placed","skipped","expired","failed","cancelled"]}]
PASS [postgres] 1.453 · the rail's token and the door's parse are ONE table — every option the rail publishes round-trips through the door and narrows the list it says it will — ["kind=","kind=responding","kind=filling","kind=opening","kind=manual","product="]
PASS [postgres] 1.410 · 453 · not one option label, group label or empty-state sentence of either panel names the feature — []
PASS [postgres] 1.453 · D20 · no feed row carries the engine's composed sentence, its decision blob or another player's id — and the fixture PLANTED all three, so this is a measurement — ["when","whenTitle","stake","leftToday","leftTodayTitle","resultWord","resultChip","closing","closingTitle","opening","roundNo","statusWord","statusChip","typeWord","productWord","marketName","marketHref","note","due","anchored"]
PASS [postgres] 1.453 · CONTROL · the planted sentence really IS a lexicon hit and really IS on the stored row, so its absence above is an omission that was checked
PASS [postgres] 1.453 · every painted feed field is a FINISHED string or a boolean — no id, no raw enum and no number crosses into the view model — ["anchored","closing","closingTitle","due","leftToday","leftTodayTitle","marketHref","marketName","note","opening","productWord","resultChip","resultWord","roundNo","stake","statusChip","statusWord","typeWord","when","whenTitle"]
PASS [postgres] 1.626b · every activity row names the GAME its stake was on, read from the intent's own snapshot, and carries a door to the PLATFORM's market page — never a route of this section — [{"name":"QQQQQQQQQQQQQQQQQQQQQQQQQQQQQQQQQQQQQQQQQQQQQQQQQQQQQQQQQQQQQQQQQQQQQQQQQQQQQQQ…","href":"/admin/markets/mkt_panel_41"},{"name":"Will panel market 39 resolve YES?","href":"/admin/markets/mkt_panel_39"},{"name":"Will panel market 38 resolve YES?","hre
PASS [postgres] 1.626b · the game name is BOUNDED BY THE READER — a 200-code-point market title comes back at the bound, verbatim up to it, with the ellipsis inside — {"bound":80,"longest":80,"clamped":"QQQQQQQQQQQQ"}
PASS [postgres] 1.626b · CONTROL · the game name is the MARKET's own title — not the product word, not the type word, and not the same string on every row — {"names":["QQQQQQQQQQQQQQQQQQQQQQQQQQQQQQQQQQQQQQQQQQQQQQQQQQQQQQQQQQQQQQQQQQQQQQQQQQQQQQQ…","Will panel market 39 resolve YES?","Will panel market 38 resolve YES?","Will panel market 36 resolve YES?"],"product":"Polls"}
PASS [postgres] 1.626g · a row that stored a round number paints it, in the staff format `#1524`, read off the intent's own snapshot — {"named":["#1,539","#1,536","#1,533","#1,530"],"total":20}
PASS [postgres] 1.626g · CONTROL · a hostile snapshot, a MALFORMED round number and a row with no round all answer `null` — never `#undefined`, never `#-3`, never an empty badge — {"nulls":14,"named":6,"shapes":["null","figure"]}
PASS [postgres] 1.626g · CONTROL · the figure is the SNAPSHOT's own number, not a row counter or a constant — ["#1,539","#1,536","#1,533","#1,530"]
PASS [postgres] 1.626b · CONTROL · a row whose stored decision holds no usable title answers `null` rather than an empty cell pretending to be a name — and its door still stands — {"rows":20,"named":13,"unnamed":7}
[audit] ADMIN market.created usr_hb_officer Market#mkt_060a50f0bd91e3b31998
[audit] BET market.position.opened usr_hb_9432_73 Position#pos_82e4099104167ea6006e
[audit] ADMIN market.created usr_hb_officer Market#mkt_929a922d00f555b3214e
[audit] BET market.position.opened usr_hb_9432_73 Position#pos_bf177851d01e07db5597
[audit] ADMIN market.created usr_hb_officer Market#mkt_2870ff86576c34767f39
[audit] BET market.position.opened usr_hb_9432_73 Position#pos_0e6de6a4f23606a2a9c2
[audit] ADMIN market.created usr_hb_officer Market#mkt_afefb14554d108619717
[audit] ADMIN market.created usr_hb_officer Market#mkt_bee8939785108832e1b4
PASS [postgres] 1.626c · every placed row says what was LEFT of the day's stake budget after it — the exact ceiling less every stake up to and including that row — {"want":[40000,42000,45000],"got":["TZS 45,000","TZS 42,000","TZS 40,000"],"stakes":["TZS 5,000","TZS 3,000","TZS 2,000"]}
PASS [postgres] 1.626c · a QUEUED row from today carries the budget too — unchanged, because nothing was staked after it, and never blank — {"idle":"TZS 40,000","newestPlaced":"TZS 40,000","status":"In flight"}
PASS [postgres] 1.626c · CONTROL · a row from an EARLIER day answers nothing — today's ceiling was never the one in force then — {"old":null,"stake":"TZS 6,000"}
PASS [postgres] 1.626c · the figure DECREASES with every stake — the thing an officer watches, asserted as a strict order and not as a shape — {"oldestToNewest":["TZS 40,000","TZS 42,000","TZS 45,000"]}
PASS [postgres] 1.626c · the newest row's title is the SAME day total the cap row above the table renders — one arithmetic for one day, in 361's untouched grammar — {"title":"used TZS 10,000 of TZS 50,000","used":10000,"limit":50000}
PASS [postgres] 1.626c · the desk-wide table carries the SAME figure per row as the account's own page — each row counts against ITS OWN account's ceiling, never a total swept down the page — {"deskWide":[{"stake":"TZS 2,000","left":"TZS 40,000"},{"stake":"TZS 3,000","left":"TZS 42,000"},{"stake":"TZS 5,000","left":"TZS 45,000"}],"onAccount":[["TZS 9,000","TZS 40,000"],["TZS 2,000","TZS 40,000"],["TZS 3,000","TZS 42,000"],["TZS 5,000","TZS 45,000"]
PASS [postgres] 1.626c · an account the day book holds NO row for reads the same on the desk as on its own page — absent from the book is nothing staked, and only a FAILED read is no answer — {"onAccount":"TZS 900,000,000","onDesk":"TZS 900,000,000","stake":"TZS 1,041"}
PASS [postgres] 1.626c · the figure is the same under a FILTER — it is the day's budget, not a running total of whatever rows happen to be on screen — {"unfiltered":["TZS 45,000","TZS 42,000","TZS 40,000"],"filtered":["TZS 40,000","TZS 42,000","TZS 45,000"]}
[audit] ADMIN market.created usr_hb_officer Market#mkt_15f5bf3a20e455cd36a5
[audit] BET market.position.opened usr_hb_9432_80 Position#pos_72d6d02bd50ab43002e7
PASS [postgres] 1.626c · CONTROL · an account with NO daily stake cap gets no figure at all — never a zero, and never a budget it was never given — [{"stake":"TZS 4,000","left":null}]
PASS [postgres] 1.626c · EVERY row of today carries the budget, whatever its outcome — the column is a running line, not a payment receipt — ["Placed=figure","Queued=figure","Cancelled=figure","Failed=figure","Skipped=figure"]
PASS [postgres] 1.626d · every placed row says what the account had left AFTER IT — read from that stake's own ledger movement, never derived — {"want":[4995000,4992000,4990000],"got":["TZS 4,995,000","TZS 4,992,000","TZS 4,990,000"]}
PASS [postgres] 1.626d · a QUEUED row carries the balance forward — the wallet stood where the last movement left it — {"idle":"TZS 4,990,000","lastMovement":"TZS 4,990,000"}
PASS [postgres] 1.626f · Opening − Stake = Closing, exactly, on every row that moved money — the ledger line's own arithmetic, asserted as an identity — [{"opening":"TZS 5,000,000","stake":"TZS 5,000","closing":"TZS 4,995,000"},{"opening":"TZS 4,995,000","stake":"TZS 3,000","closing":"TZS 4,992,000"},{"opening":"TZS 4,992,000","stake":"TZS 2,000","closing":"TZS 4,990,000"}]
PASS [postgres] 1.626f · CONTROL · a queued row has a carried-forward closing and NO opening — there is no bracket around a stake that never left — {"closing":"TZS 4,990,000","opening":null}
PASS [postgres] 1.626d · CONTROL · a row older than every recorded movement answers nothing — never a zero — {"old":null}
PASS [postgres] 1.626d · the cell's title names the INSTANT the figure belongs to, in EAT — "after the movement at 10 Oct 04:43:20 EAT"
PASS [postgres] 1.368b · D3 · CONTROL · the population is REAL — the ledger paints at least three distinct balances, and every exempted field is one the row really carries — {"needles":["TZS 4,990,000","TZS 4,992,000","TZS 4,995,000","TZS 5,000,000"],"missing":[]}
PASS [postgres] 1.368b · 459 · D3 · on the activity view the holder's balance appears in the Opening/Closing cells and NOWHERE ELSE — the amendment is one exception, not a withdrawal of the rule — {"leaked":[]}
PASS [postgres] 1.368b · D3 · CONTROL · the same scan DOES report a painted balance put back into any other field
[audit] ADMIN market.created usr_hb_officer Market#mkt_d14bb46b62e437f5e170
PASS [postgres] 1.626d · CONTROL · a refund the ledger never recorded BLANKS the carried figure — a failed withdrawal returns cash with no row, and a stale smaller balance is the one answer this column may not give — {"carriedOnOlderRow":"TZS 4,990,000","strandedRow":null}
PASS [postgres] 1.626d · CONTROL · …and with that same row CONFIRMED the figure comes back — so the blank above was the unrecorded refund and not the fixture merely existing — {"afterConfirm":"TZS 4,990,000"}
PASS [postgres] 1.626e · a settled stake says how it ENDED, in the chip that used to say only that it was placed — Won and Lost, each in its own tone — {"won":"Won","wonChip":"success","lost":"Lost","lostChip":"danger"}
PASS [postgres] 1.626e · a LOST stake is named even though it left NO transaction behind — the outcome is read from the position, never inferred from the money — {"lost":"Lost","txnTypes":["BET_PLACED"]}
PASS [postgres] 1.626e · CONTROL · a stake still running carries NO result and keeps its own word — nothing is invented for an undecided bet — {"open":null,"word":"Placed"}
PASS [postgres] 1.626e · CONTROL · a queued row has no position and therefore no result — the chip stays the intent's own — {"queued":null}
PASS [postgres] 1.626h · a SETTLED stake's Opening and Closing still bracket THAT stake — the payout or refund that settled it carries the same position and is never read as the stake's own movement — {"won":{"opening":"TZS 5,000,000","closing":"TZS 4,995,000","want":"TZS 4,995,000"},"void":{"opening":"TZS 4,992,000","closing":"TZS 4,990,000","want":"TZS 4,990,000"}}
PASS [postgres] 1.626h · CONTROL · each settled position carries its settlement as its NEWEST movement, at a balance no stake row holds — so the bracket above is a measurement, not a fixture that never settled — {"won":[["BET_PLACED",4995000],["BET_PAYOUT",4981500]],"void":[["BET_PLACED",4990000],["BET_REFUND",4983500]]}
[audit] ADMIN market.created usr_hb_officer Market#mkt_c2ade4e0fc5d7ed0a581
PASS [postgres] 1.626h · a PLACED row whose own stake movement is not in view answers NOTHING — it never borrows the balance from before its own stake left — {"closing":null,"opening":null}
PASS [postgres] 1.626h · CONTROL · a queued row minted just after it DOES carry a figure — so the blank above is the placed row refusing, not a ledger with nothing in it — {"closing":"TZS 4,983,500","opening":null}
PASS [postgres] 1.317 · every row's outcome word and type word come from the console's own TOTAL maps, and its note is the console's own sentence — never a raw enum — ["Placed","Queued","Cancelled","Failed","Skipped"]
PASS [postgres] 1.302 · a bell's `&intent=` resolves the row's page SERVER-SIDE and lands on it — page 3 of 41, with the row itself marked — {"page":3,"marked":1}
PASS [postgres] 1.302 · CONTROL · the same panel WITHOUT the anchor is on page 1 and marks nothing, so the jump above came from the anchor
PASS [postgres] 1.302 · an explicit `?page=` WINS over the anchor — an officer who typed a page is not moved off it
PASS [postgres] 1.302 · an anchor naming ANOTHER account's row, and one that is not an id at all, both leave the panel where it was — and the malformed one is refused and named — {"foreign":1,"junk":1,"refusal":"One part of this address was not understood and was ignored: link. The rest of the filter is in force."}
PASS [postgres] 1.317 · the history panel serves ONE page of 20 with a COUNTING total, and page 2 holds the rest — {"p1":20,"total":24,"p2":4,"base":1}
PASS [postgres] 1.317 · the two pages are the whole set with nothing repeated, and the panel is scoped to THIS account — the second account's event and the desk-wide SWITCH_ON are in neither — {"union":24,"total":24}
PASS [postgres] 1.317 · every Event cell is the console's own word — the blind kind `HOLDER_AGAINST_BOT` included — and NOT one raw enum reaches a row — ["The holder staked against this account","Rules saved","Paused by an officer","Started","The holder's money moved"]
PASS [postgres] 1.369 · 266 · no history row carries an amount or the holder's wallet balance — the fixture planted 500,000 and 9,900,000 on every money event and neither reaches the view — ["when","whenTitle","eventWord","change","who","moneyHref","anchored"]
PASS [postgres] 1.369 · 456 · a money row carries a DOOR instead: the platform's own transactions screen, by transaction id — "/admin/transactions?q=txn_panel_19"
PASS [postgres] 1.369 · SOURCE · no file under the section, and no line of the gate module, reads `payload.amountTzs` or `payload.balanceTzs`, and neither `?tab=money` nor `formatTzsSigned` survives anywhere under the section
PASS [postgres] 1.369 · CONTROL · that scan fires on each of the four things it forbids
PASS [postgres] 1.453 · 474 · no history row paints the officer's free-text reason — the fixture wrote one on every event and the panel carries who, what and when from typed fields alone — ["anchored","change","eventWord","moneyHref","when","whenTitle","who"]
PASS [postgres] 1.317 · the Change cell is the ONE status map's words, never a raw status, and an event that changed no status carries none — [null,"Active → Paused","Active","Paused"]
PASS [postgres] 1.420 · every actor cell is a raw account ID or the console's word for the engine — never a display name, and the reader resolves no name for one — ["usr_panel_actor_23","usr_panel_actor_22","usr_panel_actor_21","usr_panel_actor_20"]
PASS [postgres] 1.420 · CONTROL · the same scan rejects a display name, so the shape above is a measurement
PASS [postgres] 1.373 · both panels' `When` cell states SECONDS, and its `title` carries the absolute EAT instant — a time column under a 'newest first' order that cannot tell two rows apart is a claim the screen does not support — {"feed":"10 Oct 04:43:20","history":"10 Oct 04:43:21"}
PASS [postgres] 1.373 · CONTROL · the minute-only form the targets grid keeps is NOT accepted by that scan, and the shipped form is
PASS [postgres] 1.317 · a history page past the end is served as the LAST page — the same idiom, never a second one — {"page":2,"rows":4}
PASS [postgres] 1.302 · a bell's `&event=` lands on the page its row is on and marks it — {"page":2,"marked":1}
PASS [postgres] 1.355 · a failed history read is `history === null` — the kit's failure treatment — and never an empty list — {"failed":null}
PASS [postgres] 1.355 · an empty history READ answers an EMPTY LIST and its own empty state — never null, which is what a FAILED read answers one line above — {"empty":[],"failed":null}
PASS [postgres] 1.355 · CONTROL · the store really was restored — the same call answers the whole set again, so the two answers above came from the plants and not from a reader that lost its rows
PASS [postgres] 1.306 · the overview tab takes NEITHER list read — the two panels' reads are taken only for the tab in view — {"feed":null,"history":null}
PASS [postgres] 1.340 · both desk-wide readers refuse a viewer outside the audience with `null` and perform ZERO store calls — a refused payload carries no label, no handle, no amount and no sentence — {"feed":null,"history":null,"calls":0}
PASS [postgres] 1.411 · both landing pagers take `total` from a COUNTING reader and never from the page: the desk feed serves ONE page of 20 out of a total larger than it, and the total does not move as the officer pages — {"rows":20,"total":58,"lastPage":3,"lastRows":18}
PASS [postgres] 1.411 · the pages together are the whole desk with nothing repeated and nothing lost — they tile the total exactly, a second read returns the identical sequence, and no page repeats its neighbour's boundary row — {"total":58,"perPage":[20,20,18],"stable":true}
PASS [postgres] 1.411 · the desk feed is the DESK's population and not one account's: the second account's stake is IN it, and the desk's total is strictly larger than either account's — {"deskTotal":58,"acctTotal":41,"otherTotal":1}
PASS [postgres] 1.411 · `?page=999` on the desk feed is served as the LAST page with its rows, and a page number that is not one reads as page 1 AND is reported as a refusal — {"over":3,"lastPage":3,"junk":1,"refusal":"One part of this address was not understood and was ignored: page. The rest of the filter is in force."}
PASS [postgres] 1.345 · the desk-wide feed's rows and total move together over every facet — type, outcome, and two at once — because ONE filter object feeds the page read and the count — {"dKind":{"total":12,"rows":12,"want":12,"ok":true},"dOutcome":{"total":8,"rows":8,"want":8,"ok":true},"dBoth":{"total":2,"rows":2,"want":2,"ok":true}}
PASS [postgres] 1.345 · CONTROL · the facets really NARROW the desk's own population, and the two-facet answer is narrower than either of its halves — {"all":58,"dKind":12,"dOutcome":8,"dBoth":2}
PASS [postgres] 1.312 · the activity badge is the desk's QUEUED stakes, counted by a COUNTING reader over the same predicate the feed pages over, and it is the SAME number on all four tabs — one read in the shell, never one per panel — {"queued":8,"feed":8,"roster":8,"limits":8,"history":8}
PASS [postgres] 1.312 · …and it does NOT move as the officer filters: a bell's own narrowed address cannot change the number beside the tab it points at — {"filtered":8,"rowsThatFilter":[12,8,2],"queued":8}
PASS [postgres] 1.312 · CONTROL · the badge counts PENDING ALONE and not the LIVE pair, and the two are really different populations of this store — {"pending":8,"live":12}
PASS [postgres] 1.355 · a FAILED desk read paints the kit's failure treatment and never an empty state: a failed page read answers `null` rows with the total intact, and a failed COUNT answers `null` for the total AND `null` for the badge — never a zero — {"listFailed":{"feed":null,"total":58},"countFailed":{"total":null,"badge":null}}
PASS [postgres] 1.355 · CONTROL · the store really was restored — the same call answers the whole desk again, so the two answers above came from the plants and not from a reader that lost its rows
PASS [postgres] 1.355 · 416 · an empty desk list and a filter that matched nothing say DIFFERENT things, and BOTH of the desk's sentences name the DESK — body included, which is where the account page's sentence was found painted on the landing page — {"filtered":"No stake anywhere on the desk matches what the rail above is set to. Widen the window or clear a chip.","unfiltered":"Every stake the desk tries appears here, newest first, with what happened to it."}
PASS [postgres] 1.355 · 416 · CONTROL · the ACCOUNT page's own pair names the ACCOUNT in both states and never the desk, so the line above is a swap that would be reported in either direction and not a word that happens to appear — {"acctFiltered":"No stake on this account matches what the rail above is set to. Widen the window or clear a chip.","acctPlain":"Every stake this account tries appears here, newest first, with what happened to it."}
PASS [postgres] 1.317 · the desk history carries the CONTROL ROW's own events — the switch, a limits save, the withdrawal — which belong to no account, and the per-account read correctly drops them — {"desk":61,"account":24}
PASS [postgres] 1.317 · 474 · every desk row NAMES the account it is about, and the desk's own rows say so in the console's own word rather than being blank or borrowing an account's name — [["The desk",false,false],["The desk",false,false],["Bot 70",true,true],["Bot 68",true,true]]
PASS [postgres] 1.317 · 432(n) · M6 · not one of the console's four ACCOUNT words is also one of its event words — checked over the whole of both TOTAL maps, so the row that records a removal cannot print the same sentence in the subject column and the event column — {"accountWords":["Could not be read","An account no longer on the desk","Accounts no longer on the desk","The desk"],"collisions":[],"eventWords":30}
PASS [postgres] 1.317 · M6 · a REMOVED account's desk-history rows name it as a SUBJECT the roster no longer holds, in the console's own word rather than the Owner's text, and on the very row that records the removal the Account cell and the Event cell are two different sentences — {"rows":9,"sample":[["An account no longer on the desk","Removed from the desk","/admin/desk/hb_9432_87"],["An account no longer on the desk","Added to the desk","/admin/desk/hb_9432_87"]]}
PASS [postgres] 1.317 · the desk history pages against a COUNTING reader in the same declared order, and a page past the end is served as the LAST page — {"total":61,"perPage":20}
PASS [postgres] 1.369 · not one desk history row carries an amount or a wallet balance — an OWNER_MONEY row carries a DOOR to the platform's own transactions screen instead — [{"when":"10 Oct 04:43:21","whenTitle":"10 Oct 2026 04:43:21 EAT","eventWord":"Desk limits saved","change":null,"who":"usr_hb_officer","moneyHref":null,"anchored":false,"accountName":"The desk","accountIsOperatorText":false,"accountHref":null},{"when":"10 Oct 
PASS [postgres] 1.453 · not one desk feed row carries the engine's own sentence, its decision blob or another player's raw id — the projection is finished strings and booleans — {"when":"10 Oct 04:43:20","whenTitle":"10 Oct 2026 04:43:20 EAT","stake":"TZS 17,000","leftToday":null,"leftTodayTitle":null,"resultWord":null,"resultChip":null,"closing":"TZS 4,983,500","closingTitle":"after the movement at 10 Oct 04:43:20 EAT","opening":null
PASS [postgres] 1.415 · the stop control is offered on exactly the rows the badge counts — a QUEUED stake carries the id the control posts and every other row carries `null`, so no control is drawn over a stake the service could only refuse — {"offered":8,"queued":8}
PASS [postgres] 1.415 · 453 · not one word of the stop dialog names the feature, and the id it posts is never PAINTED — no row renders it — {"label":"Stop it","title":"Stop this queued stake","body":"This stake has not been placed yet. Stopping it means it never will be, and the record keeps who stopped it and why.","confirmLabel":"Stop the stake","cancelLabel":"Cancel","reasonLabel":"Why are you 
PASS [postgres] 1.415 · the cancel door validates the reason with the SAME bounds the control arms on, refuses a malformed idempotency key before it reads anything, and refuses a viewer outside the audience — each by its own sentence — {"tooShort":"Say why, in at least 5 characters.","tooLong":"That is longer than 300 characters.","noId":"That stake is no longer on record. Reload the page.","badSubmit":"Nothing was stopped. Reload the page and try again.","outsider":"You do not have access t
PASS [postgres] 1.415 · CONTROL · the refusals really are refusals — the stake is still QUEUED after all five, so none of them wrote anything
[audit] COMPLIANCE house_bot.staff_intent_cancelled usr_hb_officer HouseBot#hb_9432_68
PASS [postgres] 1.415 · the stop LANDS: the queued stake is CANCELLED, the result says so, and the badge falls by exactly one because it counts the same population the control acts on — {"stopped":{"ok":true,"changed":true,"note":null,"warn":false},"status":"CANCELLED","badge":7,"queued":8}
PASS [postgres] 1.415 · a repeat of the SAME press is not a second cancel — the idempotency key is consulted BEFORE the row's status, so the officer is told what their own press did rather than that the stake had already left the queue — {"repeat":{"ok":true,"changed":true,"note":null,"warn":false},"badge":7,"queued":8}
PASS [postgres] 1.415 · a NEW press over a stake that has already left the queue is refused BY NAME — the officer is told what happened rather than met with a silent no-op, and its sentence is not the repeat's — {"secondAttempt":{"ok":false,"error":"It had already left the queue, so nothing was stopped. Reload the page to see where it went."}}
PASS [postgres] 1.382 · the cancel's audit action is a `HOUSE_AUDIT` key — `house_bot.staff_intent_cancelled`, the one the press builder already maps this purpose to — and it names the ACTOR BY ID with no free text in the payload — {"found":1,"row":{"action":"house_bot.staff_intent_cancelled","category":"COMPLIANCE","payload":{"botId":"hb_9432_68","marketId":"mkt_panel_40","intentId":"hbi_panel_40","side":"YES","stakeTzs":1040}}}
PASS [postgres] 1.382 · CONTROL · the writerless ADMIN twin is still written by NOBODY, so the key above was chosen and not defaulted into
PASS [postgres] 1.382 · INT-10 · the officer's typed sentence is on the EVENT and never in the audit payload — erasure rewrites one and structurally cannot rewrite the other — {"events":1,"reason":"stopped by the officer for a test"}
PASS [postgres] 1.411 · both paged panels render the shared `AdminPagination`, each with its OWN page parameter, and the account page now draws three pagers in all — targets, activity and history — {"pagers":3}
PASS [postgres] 1.411 · every `total` is a COUNTING field of the view and never a rendered array's length, and the page and page size come from the view too — never `parsePage`, whose module is client-reachable
PASS [postgres] 1.411 · CONTROL · that scan fires on a total taken from the rows, which is the defect ruling 344 exists for
PASS [postgres] 1.411 · each pager's `baseHref` carries its own panel's live parameters, built from the VIEW and never re-typed at the call site
PASS [postgres] 1.410 · exactly ONE file under the whole section carries `data-filter-rail` — the rail's own file, once — and the `<Tabs>` element carries none (the kit's phone sort rail is the one other RENDERED `data-filter-rail` on an activity panel, by design, and its file is outside the section) — ["src/app/admin/desk/activity-filters.tsx"]
PASS [postgres] 1.410 · every rank-taking control on the rail takes the SHARED rank and `replace` — the dense 32px exception is refused here, because this section's own visual gate holds every control to the 40px tap floor — {"controls":2,"ranks":0}
PASS [postgres] 1.410 · the rail is DECLARED in the filter-language gate's own surface list, which is what subjects it to that suite's §6 rules at all — src/app/admin/desk/activity-filters.tsx
PASS [postgres] 1.453 · the rail file types no route, no closed list and no house module — every label and every href arrives as a finished server-built string
PASS [postgres] 1.453 · CONTROL · each of those three scans fires on the thing it forbids
PASS [postgres] 1.373 · the activity table's headers are the control facts in order, with the money column SECOND and headed exactly `Stake` — ["When (EAT)","Opening","Stake","Closing","Left today","Outcome","Round","Game"]
PASS [postgres] 1.373 · EVERY money cell on the row is the kit's own money shape — `tabular text-right` with `.amount` — derived from the panel rather than asked of one cell — {"moneyCells":4}
PASS [postgres] 1.373 · CONTROL · the derived sweep really would report ONE money cell losing the shape, which the single-cell `.test()` it replaced could not
PASS [postgres] 1.373 · neither activity table takes a `min-w-*` on the table itself — asserted on the OPENER, because the gutter classes made the old adjacency test unmatchable
PASS [postgres] 1.373 · 432(o) · every money header on the ACTIVITY table may WRAP — a nowrap header sets the column's minimum and pins the right-aligned figure to the card's edge — {"moneyHeaders":4}
PASS [postgres] 1.373 · CONTROL · the header scan really read the ACTIVITY table and not the history one, so the order above is that table's — ["When (EAT)","Opening","Stake","Closing","Left today","Outcome","Round","Game"]
PASS [postgres] 1.373 · the first `.amount` cell is the SECOND wide cell — the claim this ruling rests on, measured for the first time, and measured against the layout it is about — {"firstAmountAt":1,"wideCells":8,"headers":8}
PASS [postgres] 1.373 · CONTROL · the scan really would report money leaving the second wide cell
PASS [postgres] 1.373 · every `colSpan` in the activity panel equals that panel's own header count — the empty state and the phone stack span the whole row, derived rather than typed — {"spans":[8,8,8],"headers":8}
PASS [postgres] 1.373 · CONTROL · the span scan really would report a stale number — the defect invisible to every gate, because a spanning cell renders as one cell whatever it says
PASS [postgres] 1.373 · 266 · the history table carries NO money column at all — who, what, when and the change, and a door where an amount would have been — ["When (EAT)","Event","Change","Who"]
PASS [postgres] 1.302 · 432(n) · the refusal card's heading is number-agnostic and comes from the reader, so it can never disagree with the sentence beneath it — "This address was not used in full"
PASS [postgres] 1.302 · CONTROL · the heading the first build shipped IS reported by that scan
PASS [postgres] 1.355 · each panel paints the kit's EMPTY state only on a `length === 0` branch and the kit's FAILURE state only on a `=== null` branch — the two can never be reached by the same condition

[postgres] §2e3 · the desk landing page's activity and history panels
PASS [postgres] 1.410 · the landing activity panel renders the SAME rail file the account page does, with the reader's own groups, presets and default — and the section still holds exactly one rail file — {"rail":"src/app/admin/desk/activity-filters.tsx","hooks":["src/app/admin/desk/activity-filters.tsx"]}
PASS [postgres] 1.410 · CONTROL · the scan really reads the landing page — a rail rendered with its own typed options instead of the reader's is reported
PASS [postgres] 1.411 · each landing pager's `baseHref` carries its own panel's live parameters, built from the VIEW and never re-typed at the call site, and each list owns its own page parameter
PASS [postgres] 1.411 · the three paged landing panels draw the shared `AdminPagination`, each total is a COUNTING field of its view, and none is a rendered array's length — {"pagers":3}
PASS [postgres] 1.411 · the limits and results panels draw NO pager — a numbered control over a list that is never paged is a control with nothing behind it — and the roster's is the kit pager over its reader's own count, its own page word and its validated parameters
PASS [postgres] 1.355 · each landing panel paints the kit's EMPTY state only on a `length === 0` branch and `AdminLoadError` only on a `=== null` branch — a failed read can never render as an empty table
PASS [postgres] 1.355 · every failure treatment on this page NAMES its own subject, and no two name the same one — ["the desk's own state","the roster","the desk's activity","limit usage","the global limits","the desk's history","the desk's results by account"]
PASS [postgres] 1.373 · the desk activity table's headers are the control facts in order — the SUBJECT first and the money SECOND, headed exactly `Stake`, with the control column carrying no header word — ["Account","Opening","Stake","Closing","Left today","When (EAT)","Outcome","Round","Game",""]
PASS [postgres] 1.373 · 266 · the desk history table carries NO money column at all — whose, when, what, the change and who did it, and a door where an amount would have been — ["Account","When (EAT)","Event","Change","Who"]
PASS [postgres] 1.373 · the desk feed's money cell is the kit's own money shape — `tabular text-right` with `.amount` — and neither landing table takes a `min-w-*` on the table itself
PASS [postgres] 1.373 · decision 2 · the stake's TYPE is the Outcome cell's second line on both ledgers, in plain words under the one chip — not a column, and never a second chip — [["desk",1],["account",1]]
PASS [postgres] 1.373 · decision 2 · CONTROL · the type as a second chip, the type line dropped, and a Type column restored are each reported
PASS [postgres] 1.373 · decision 2 · the NOTE is a full-width line of its own under its row on both ledgers — only on a row that carries one, spanning every column, and in no column — [["desk","10"],["account","8"]]
PASS [postgres] 1.373 · decision 2 · CONTROL · a note line that is never drawn, one short of the row, and a note back in a column are each reported
PASS [postgres] 1.373 · decision 2 · the phone's stacked cell still carries the type and the note on both ledgers — below `sm` nothing moved
PASS [postgres] 1.373 · decision 2 · a row and its note line read as ONE record — the note line is hidden below `sm`, the row drops its divider, and each lights with the other in the kit's own hover colour — {"NOTED":["sm:!border-b-0","[&:has(+tr:last-child)]:!border-b-0","[&:has(+tr:hover)]:bg-[color-mix(in_oklab,var(--bg-overlay)_50%,transparent)]"],"NOTE":["hidden","sm:table-row","[tr:hover+&]:bg-[color-mix(in_oklab,var(--bg-overlay)_50%,transparent)]","[&>td]:
PASS [postgres] 1.373 · decision 2 · CONTROL · the note line shown on a phone, the divider kept between the two rows, and the hover split are each reported
PASS [postgres] 1.373 · decision 2 · every `colSpan` on BOTH ledgers — empty state, phone stack and note line — equals that ledger's own header count — [["desk",10,[10,10,10]],["account",8,[8,8,8]]]
PASS [postgres] 1.373 · decision 2 · CONTROL · a stale span on the desk-wide ledger is reported, which the account-page rule above could never see
PASS [postgres] 1.373 · decision 2 · both activity ledgers open with the kit class and ONE 8px gutter at every width — no `sm:` gutter survives in the section — [["desk","<table className=\"admin-tbl [&_td]:!px-1.5 [&_th]:!px-1.5 max-sm:!text-caption\""],["account","<table className=\"admin-tbl [&_td]:!px-1.5 [&_th]:!px-1.5 max-sm:!text-caption\""]]
PASS [postgres] 1.369 · the hour summary's bell lands on the HOUR IT IS ABOUT: the window the emitter writes, handed to the door's own resolver, comes back as exactly that window — same start, same end, to the minute — {"start":"2026-09-20T13:00:00.000Z","end":"2026-09-20T14:00:00.000Z"}
PASS [postgres] 1.369 · CONTROL · both forms the console CANNOT read are driven through the same resolver and both come back as a different window — the clock form and the full ISO instant alike — and the parser refuses each outright while accepting the one the emitter writes — {"isoSpanHours":24,"isoPreset":"custom"}

[postgres] §2f · the designate wizard (rulings 356, 359, 382, 383, 387)
PASS [postgres] 1.359 · the wizard's check card is a PAINTED view model from the gated reader — the handle, the funded state, the open-position count and every check as a finished sentence — {"handle":"Player #432_89","funded":{"word":"Funded","chip":"success","sentence":"There is money in this wallet, so a stake can be funded from it."},"open":"0"}
PASS [postgres] 1.359 · a viewer OUTSIDE the audience receives `null` and nothing else — no handle, no phone, no sentence and no id — "null"
PASS [postgres] 1.359 · the phone arrives RAW as a server-only field, so the platform's own `Sensitive` decides the mask — the reader never masks it and never names a read class — {"shape":"string"}
PASS [postgres] 1.359 · 459 · the card paints a funded STATE in both polarities and NO amount — not the balance, not a compacted form, not a TZS prefix anywhere — {"funded":"Funded","empty":"Not funded"}
PASS [postgres] 1.359 · 453 · every blocking and warning sentence the card paints is the CONSOLE's own, and not one of them carries a house-vocabulary word — {"blocking":[{"code":"STAFF_ACCOUNT","text":"This is a staff account. Only a player's own account can be used here.","href":null}],"reason":"1 check is stopping this account."}
PASS [postgres] 1.359 · CONTROL · the SERVICE's own rows for that same account DO carry one, which is why the override exists — ["This is a staff account (SUPPORT). Only a player account can provide liquidity."]
PASS [postgres] 1.359 · 453 · the console has a sentence of its own for EVERY code in the service's two unions, and not one of them names the feature — {"codes":32,"missing":[],"dirty":[]}
PASS [postgres] 1.359 · CONTROL · an invented code answers the neutral fallback, so the `missing` zero above is a measurement and not an empty scan — Something on the holder's own account is stopping this.
PASS [postgres] 1.356 · the wizard's check card performs EXACTLY ONE wallet read, and it is the one the eligibility check already takes — {"wallet":1,"user":3}
PASS [postgres] 1.356 · CONTROL · the same render fired `db.user` reads through the very object the wallet spy watches, so the ONE above is a measurement on the module under test — {"wallet":1,"user":3}
PASS [postgres] 1.359 · 355 · a `?u=` with no account behind it answers `accountMissing`, and the page has one honest thing to paint: the cause — {"missing":true,"blocking":[{"code":"ACCOUNT_MISSING","text":"No account with that ID.","href":null}]}
PASS [postgres] 1.359 · CONTROL · a REAL account answers the opposite on both flags, so the state above is a measurement and not a shape every card carries — {"missing":false}
PASS [postgres] 1.387 · the owner's search finds the account by its id and paints the handle alone — never a name, a phone or an email — {"rows":[{"userId":"usr_hb_9432_89","handle":"Player #432_89","href":"/admin/desk/new?u=usr_hb_9432_89","reason":null}],"note":null,"count":"1 account"}
PASS [postgres] 1.387 · for a caller OUTSIDE the audience a matching query, a non-matching query and an unknown id answer IDENTICALLY — and identically to the owner's own empty answer — {"refusedHit":{"rows":[],"note":"Nothing to show.","count":""},"miss":{"rows":[],"note":"Nothing to show.","count":""}}
PASS [postgres] 1.387 · CONTROL · the owner CAN tell those two apart, which is what makes the identity above a measurement — {"hit":"1 account","miss":""}
PASS [postgres] 1.387 · an option that cannot be chosen carries its reason, and the reason names no feature word — {"rows":[{"userId":"usr_hb_9432_90","handle":"Player #432_90","href":"/admin/desk/new?u=usr_hb_9432_90","reason":"A staff account"}],"note":null,"count":"1 account · 1 cannot be chosen"}
PASS [postgres] 1.387 · a query under the floor answers with no rows, no count and no sentence — and takes no read — {"short":{"rows":[],"note":null,"count":""},"belowFloor":{"users":0,"roster":0}}
PASS [postgres] 1.387 · CONTROL · a query AT the floor fires both of those reads through the very objects the spy watches, so the zeros above are a measurement and not an unreached patch — {"users":1,"roster":1}
PASS [postgres] 1.383 · a caller outside the audience receives ONE fixed refusal — no field, no href, no id, no count and no existence signal — and it is the same answer for a real account and an invented one — {"ok":false,"error":"You can't change this account."}
PASS [postgres] 1.383 · …and that path wrote NOTHING: the roster is unchanged on both sides of it — {"before":18,"after":18}
[audit] SECURITY house_bot.password_rejected usr_hb_officer User#usr_hb_9432_89
PASS [postgres] 1.383 · CONTROL · the OWNER's own refusal for the same input is a DIFFERENT answer, so the two above are a measurement and not an unreached door
PASS [postgres] 1.383 · a mistyped name is refused on its own field, in the console's own words, before a password attempt is spent — {"shortLabel":{"ok":false,"field":"label","error":"Give it a name of 2 to 32 characters."},"beforeAttempts":1,"afterAttempts":1}
PASS [postgres] 1.383 · CONTROL · the LATE path says something else entirely — a name the console's own check accepts and the roster refuses answers `labelTaken`, so the sentence above is the early check's and not a shape both paths share — {"early":"Give it a name of 2 to 32 characters.","late":"That name is already in use on the desk. Choose another."}
[audit] SECURITY house_bot.password_verified usr_hb_officer User#usr_hb_9432_89
[audit] COMPLIANCE house_bot.designated usr_hb_officer HouseBot#hb_3dde93a59a0603cf13f6eea6
PASS [postgres] 1.359 · the owner's own designation LANDS, with a neutral note and the new account's own page as its way on — {"ok":true,"href":"/admin/desk/hb_3dde93a59a0603cf13f6eea6?tab=rules","note":"It is on the desk, stopped, with no limits of its own set yet.","warn":false}
PASS [postgres] 1.359 · 453 · a second designation of the same account is refused in the CONSOLE's words, never the service's — {"ok":false,"error":"This account is already on the desk.","href":"/admin/desk/hb_3dde93a59a0603cf13f6eea6"}
PASS [postgres] 1.387 · an account already on the desk comes back as an option that cannot be chosen, decided on the ONE roster read — {"rows":[{"userId":"usr_hb_9432_89","handle":"Player #432_89","href":"/admin/desk/new?u=usr_hb_9432_89","reason":"Already on the desk"}],"note":null,"count":"1 account · 1 cannot be chosen"}
PASS [postgres] 1.359 · 259 · a viewer OUTSIDE the audience takes ZERO reads — no wallet, no roster row and no position count, not merely an empty answer — {"wallet":0,"positions":0,"roster":0}
PASS [postgres] 1.359 · CONTROL · the OWNER's own call fired every one of those three through the very objects the spy watches, so the zeros above are a measurement and not an unreached patch — {"wallet":1,"positions":1,"roster":1}
PASS [postgres] 1.387 · the picker's refusal is BYTE-IDENTICAL for all eight non-owner roles × three query shapes — a matching query, a non-matching one and an unknown id — {"roles":["COMPLIANCE","MODERATOR","FINANCE","GROWTH","AUDITOR","SUPPORT","PLAYER","AGENT"],"shapes":["{\"rows\":[],\"note\":\"Nothing to show.\",\"count\":\"\"}"]}
PASS [postgres] 1.387 · CONTROL · the OWNER's own answer for the first of those queries is a DIFFERENT shape, so the identity above is a measurement over a population that really ran — {"owner":"1 account · 1 cannot be chosen"}
PASS [postgres] 1.387(e) · the picker's rate rule EXISTS, is keyed on the CALLER, and is no looser than the burst and rate it was written with — {"capacity":30,"refillPerMin":15}
PASS [postgres] 1.387(e) · CONTROL · an unknown key is ALLOWED by the same checker, which is exactly why the rule's existence has to be asserted rather than assumed
PASS [postgres] 1.387(e) · CONTROL · the bucket really is keyed on the CALLER — one owner exhausted it and another owner's very next lookup still answers
PASS [postgres] 1.387(e) · a rate-limited lookup answers its OWN sentence — never the refusal's, which would tell an owner inside the audience that accounts which exist do not — {"rows":[],"note":"Too many searches at once. Wait a moment and try again.","count":""}
PASS [postgres] 1.387 · 412 · the answer is capped at ten options and the count says so — the number MATCHED, not the number shown, and what to do about it — {"rows":10,"count":"10 of 12 accounts · narrow the search · 10 cannot be chosen"}
PASS [postgres] 1.387 · …and the ten that survive the slice are the same ten a second run returns, in one total order, on either store — ["usr_c7s6bulk9432_00","usr_c7s6bulk9432_01","usr_c7s6bulk9432_02","usr_c7s6bulk9432_03","usr_c7s6bulk9432_04","usr_c7s6bulk9432_05","usr_c7s6bulk9432_06","usr_c7s6bulk9432_07","usr_c7s6bulk9432_08","usr_c7s6bulk9432_09"]
PASS [postgres] 1.387 · CONTROL · a query that matches ONE says the plain count with no truncation clause, so the sentence above is chosen by the measurement and not always printed — {"rows":[{"userId":"usr_c7s6bulk9432_11","handle":"Player #432_11","href":"/admin/desk/new?u=usr_c7s6bulk9432_11","reason":"No password set"}],"note":null,"count":"1 account · 1 cannot be chosen"}
[audit] ADMIN market.created usr_hb_officer Market#mkt_efaece6aad07cc7d4528
PASS [postgres] 1.344 · the check card's open-position figure comes from a COUNTING reader — three open, and a page of three over the same account answers zero because its newest three are settled — {"counted":3,"pagedThree":0,"painted":"3"}
PASS [postgres] 1.344 · …and the count is the holder's OWN book in BOTH twins — the memory filter and the SQL predicate each exclude a marked position
PASS [postgres] 1.356 · the wizard's check card takes the position COUNT exactly once — {"count":1}
PASS [postgres] 1.359 · 355 · a failed eligibility read is a BLOCKING ROW, not an eligible account — and it paints no funded state and no fabricated check — {"blocking":[{"code":"UNREADABLE","text":"This account could not be checked. Refresh to try again.","href":null}],"funded":null}
PASS [postgres] 1.359 · 355 · a failed position count renders an EM DASH, never a fabricated zero — and the rest of the card survives it — {"open":"—"}
PASS [postgres] 1.359 · CONTROL · the same account with both reads working answers a NUMBER and a funded state, so the two degraded shapes above are measurements and not what every card looks like
PASS [postgres] 1.359 · 456 · the way to the holder's own money screen and the bonus fact survive EVERY failed read — they are facts, not reads — {"href":"/admin/transactions?q=usr_hb_9432_102"}
[audit] SECURITY house_bot.password_rejected usr_hb_officer User#usr_hb_9432_103
[audit] SECURITY house_bot.password_verified usr_hb_officer User#usr_hb_9432_103
[audit] COMPLIANCE house_bot.designated usr_hb_officer HouseBot#hb_07b78aa334ef2dfa0b28a1cd
PASS [postgres] 1.412 · a `submitId` is spent ONCE — the right password behind a reused claim is refused, and the same right password behind a fresh claim LANDS — {"wrong":"That password is not right. 2 attempts left before the last two are held for the holder.","retrySame":"That was already sent — wait for its answer.","retryFresh":true}
PASS [postgres] 1.412 · …so the wizard mints a NEW nonce for every armed attempt and spends it on refusal — it never derives one from the account and the typed name

[postgres] §2f2 · the account list on the find step (RESUME-HERE §0c decision 4)
PASS [postgres] 1.387L · audience · all eight non-owner roles, a signed-out caller and an unknown account get `null` and nothing else — and the reader took ZERO reads for any of them — {"answers":[["COMPLIANCE",null],["MODERATOR",null],["FINANCE",null],["GROWTH",null],["AUDITOR",null],["SUPPORT",null],["PLAYER",null],["AGENT",null],["signed out",null],["no such account",null]],"refusedReads":{"users":0,"roster":0}}
PASS [postgres] 1.387L · audience · the route belt · the OWNER asking about a route OUTSIDE the desk's own section gets `null` with zero reads — the audience answers such a route by its own domain, and a row's reason says who is on the desk — {"beltAnswers":[null,null,null],"beltReads":{"users":0,"roster":0}}
PASS [postgres] 1.387L · audience · CONTROL · the owner on a route INSIDE the section gets a view, and it fired both reads through the very objects the spies watch — so every zero above is a measurement and not an unreached patch — {"spy":{"users":2,"roster":2},"owner":true,"inSection":true}
PASS [postgres] 1.387L · no name, phone or email · a holder with all three set is on the list as its HANDLE alone, and not one page of the whole list carries any of the three — {"rows":1,"handle":"Player #_PROBE","pages":5}
PASS [postgres] 1.387L · no name, phone or email · CONTROL · the holder's own record really carries all three, and the same scan fires on a list row planted with the email appended — {"name":true,"email":true,"phone":13}
PASS [postgres] 1.387L · no money · the list reads NO wallet at all — every wallet member of the store spied, across every page — and no page carries a currency figure or even the unit — {"members":["findByUserId","listAll","create","update","adjust"],"listReads":0,"pages":5}
PASS [postgres] 1.387L · no money · CONTROL · the check card's reader DOES read the wallet through the same spies, and the unit scan fires on a planted figure — {"checkReads":1}
PASS [postgres] 1.387L · paging · twenty to a page, the total is the WHOLE population and never a page's length, every page holds exactly what the arithmetic says, and walking every page visits every account exactly once — {"perPage":20,"total":98,"users":98,"pages":5,"visited":98}
PASS [postgres] 1.387L · paging · a page past the end is served as the LAST page, with its rows — never an empty page under a pager that says there are more — {"page":5,"rows":18,"lastPage":5}
PASS [postgres] 1.387L · paging · a page that is not a whole number from 1 — zero, a word, a fraction, a negative, an exponent, a repeat — is refused BY NAME and page 1 is served — [["zero",1,"One part of this address was not understood and was ignored: page. The rest of the filter is in force."],["a word",1,"One part of this address was not understood and was ignored: page. The rest of the filter is in force."],["a fraction",1,"One part
PASS [postgres] 1.387L · paging · CONTROL · the population really spans more than one page, page 1 and page 2 hold different accounts, and a clean page number is honoured, not refused — so the refusals above are the parse and not a door that serves page 1 to everything — {"total":98,"pages":5,"asked2":2}
PASS [postgres] 1.387L · sorting · Joined · every page, concatenated, is in joining order BOTH ways with the id breaking every tie — and three accounts opened in the same millisecond come back in id order though the store holds them the other way round — {"asc":[],"desc":[],"ties":[[8,9,10],[87,88,89]]}
PASS [postgres] 1.387L · sorting · Signed in · …ordered by the last sign-in both ways, ties broken by the id — and an account that never signed in sorts LAST in BOTH directions — {"asc":[],"desc":[],"nullsLast":[true,true]}
PASS [postgres] 1.387L · sorting · Account · …ordered by the HANDLE both ways — never a name, a phone or an email — and two accounts that share a handle are told apart by the id — {"asc":[],"desc":[],"handle":"Player #SAMEHD"}
PASS [postgres] 1.387L · sorting · an address with no sort is Joined, newest first — the header the page marks in force, in the direction the kit's arrow draws — and the three headers are the three columns, in order — {"sort":"joined","dir":"desc","columns":[{"field":"account","label":"Account"},{"field":"joined","label":"Joined"},{"field":"signed-in","label":"Signed in"}]}
PASS [postgres] 1.387L · sorting · CONTROL · the two directions really differ over every key, and the pair checker reports two adjacent rows put the wrong way round — [["joined","usr_finder9432_s20d","usr_hb_9432_111"],["signed-in","usr_finder9432_s20d","usr_finder9432_sfut"],["account","usr_finder9432_s20d","usr_finder9432_tie_c"]]
PASS [postgres] 1.387L · filtering · Show · "Can be chosen" holds only rows with no reason, each one a way in; "Cannot be chosen" only rows with one, none a way in; and the two totals add up to the whole list — {"can":15,"cannot":83,"all":98}
PASS [postgres] 1.387L · filtering · Show · CONTROL · the cannot side really holds every blocked kind — the officer's own account, a staff account, a closed account and an account already on the desk — each with its own reason, and none of them on the can side — {"officer":"Your own account","staff":"A staff account","closed":"The account is closed","onDesk":["Already on the desk","Already on the desk","Already on the desk"]}
PASS [postgres] 1.387L · filtering · Signed in · the window is bounded at BOTH ends — two days ago is in both windows, twenty days ago only in the thirty-day one, a stamp three hours in the FUTURE in neither, and an account that never signed in only under Never — {"s2d":[true,true],"s20d":[false,true],"future":[false,false,true],"never":true}
PASS [postgres] 1.387L · filtering · Signed in · every account a window serves really falls inside it, every account under Never has no sign-in at all, the seven-day window sits inside the thirty-day one, and Never holds EVERY such account — {"d7":4,"d30":5,"never":92,"any":98}
PASS [postgres] 1.387L · filtering · Signed in · CONTROL · the window checker reports an account planted into a window it does not belong to — twenty days ago under seven days, a future stamp under thirty, a sign-in under Never
PASS [postgres] 1.387L · validation · every parameter the list takes is checked against its closed list or its shape, and a value that is not on it is refused BY ITS SCREEN WORD — show, signed in, sort, sort direction, page — under the console's one refusal heading — [["show","One part of this address was not understood and was ignored: show. The rest of the filter is in force."],["signed","One part of this address was not understood and was ignored: signed in. The rest of the filter is in force."],["sort","One part of thi
PASS [postgres] 1.387L · validation · a refused part falls back to its default while every VALID part beside it stays in force — and one sentence names all three that were dropped — {"refusal":"Parts of this address were not understood and were ignored: sort, sort direction and page. The rest of the filter is in force.","params":{"show":"can-be-chosen","signed":"past-30-days"}}
PASS [postgres] 1.387L · validation · a refused value travels NOWHERE — not into the live parameters, not into the sort in force, not into a rail link — and a key the list does not own is dropped, never carried — {"params":{},"hrefs":["/admin/desk/new","/admin/desk/new?show=can-be-chosen"]}
PASS [postgres] 1.387L · validation · 420 · the list CANNOT be sorted by a person's name, phone or email — each is refused as a sort and the list keeps its own order — [["name","joined"],["phone","joined"],["email","joined"],["displayname","joined"]]
PASS [postgres] 1.387L · validation · CONTROL · a clean address is refused nothing and every part of it IS carried, the travel scan fires on a planted value, and the same parse DOES name a repeated parameter — {"clean":{"show":"cannot-be-chosen","signed":"never","sort":"account","dir":"asc"},"repeated":"One part of this address was not understood and was ignored: show. The rest of the filter is in force."}
PASS [postgres] 1.387L · links · a row that can be chosen opens the wizard's check step for exactly that account, and a row that cannot opens nothing — {"rows":98,"choosable":15}
PASS [postgres] 1.387L · links · every rail link stays on the wizard's own route, DROPS the page and KEEPS the sort and the other axis — and exactly one option per axis is marked in force — ["/admin/desk/new?signed=never&sort=account&dir=asc","/admin/desk/new?show=can-be-chosen&signed=never&sort=account&dir=asc","/admin/desk/new?show=cannot-be-chosen&signed=never&sort=account&dir=asc"]
PASS [postgres] 1.387L · links · 453 · every rail token is its option's own painted word, slugged — never a code — and every one round-trips through the door with nothing refused — [["show","can-be-chosen","Can be chosen"],["show","cannot-be-chosen","Cannot be chosen"],["signed","past-7-days","Past 7 days"],["signed","past-30-days","Past 30 days"],["signed","never","Never"]]
PASS [postgres] 1.387L · links · CONTROL · the rail check reports a planted link that keeps the page, and one that loses the sort
PASS [postgres] 1.387L · failed reads · 355 · a failed account read is a failed LIST — no rows, no total, no count and no empty state — while the rail, the sort and the refusal still paint — {"rows":null,"total":null,"refusal":"One part of this address was not understood and was ignored: page. The rest of the filter is in force."}
PASS [postgres] 1.387L · failed reads · 355 · a failed ROSTER read is a failed list too — never an empty desk that would offer an account already on it as choosable — {"rows":null,"total":null}
PASS [postgres] 1.387L · failed reads · 421 · a database with no house tables is a desk nobody is on — every row still paints, and no account reads as already on the desk — {"rows":98}
PASS [postgres] 1.387L · failed reads · CONTROL · the same address with both reads working paints the same accounts, and DOES mark the ones already on the desk — so each degraded shape above is a measurement — {"rows":98}
PASS [postgres] 1.387L · empty · a filter that matches nothing is the kit's EMPTY state naming its own cause — no rows, a total of zero, the filtered sentence and a count that says so — never a failure and never a blank table — {"rows":[],"empty":{"title":"Nothing matches this filter","body":"No account matches what the rail above is set to. Clear a chip to see more."},"count":"0 of 1 account"}
PASS [postgres] 1.387L · empty · CONTROL · the same one-account platform UNFILTERED is not empty — the officer's own account is on it and cannot be chosen — so the empty state above was earned by the filter — {"rows":1,"count":"1 account · 1 cannot be chosen"}

[postgres] §2g · the scope pickers, the roster's operative scope and the why-panel (2026-09-22)
[audit] ADMIN source.added system TrustedSource#src_c4f0587bb8a98042
[audit] ADMIN updown.asset.created usr_hb_officer UpDownAsset#uda_c57e1213ecb6b4c3
[audit] ADMIN updown.asset.enabled usr_hb_officer UpDownAsset#uda_c57e1213ecb6b4c3
[audit] ADMIN updown.chain.created usr_hb_officer UpDownChain#udc_16f7e1c6edfde9a1
PASS [postgres] 2g.fixture · one enabled asset with one running 5-minute chain exists on this store, so a chain can be chosen and reached — asset ok · chain ok
[audit] ADMIN updown.chain.started usr_hb_officer UpDownChain#udc_16f7e1c6edfde9a1
PASS [postgres] 2g.picker · the form model carries TWO pickers in page order — Up & Down chains, then poll categories — each keyed by a neutral key, tied to its product switch and posting as the save's own list — [{"key":"updown-chains","field":"chains","product":"product-updown","entries":1},{"key":"poll-categories","field":"categories","product":"product-polls","entries":7}]
PASS [postgres] 2g.picker · the category entries are the platform's OWN list in its own order, each labelled through the platform's label helper and carrying the category id as its value — [["sports","Sports"],["macro","Macro"],["weather","Weather"],["crypto","Crypto"],["culture","Culture"],["tech","Tech"],["other","Other"]]
PASS [postgres] 2g.picker · the chain entries are the LIVE enabled-assets × chains list — the fixture's one chain, valued by its durable `<assetId>:<minutes>` key and labelled `SYMBOL N-min` — [{"key":"updown-chains.uda_c57e1213ecb6b4c3:5","value":"uda_c57e1213ecb6b4c3:5","label":"BTC/USD 5-min","on":false}]
PASS [postgres] 2g.picker · on the production shape every entry is OFF and both product switches read ON — the state the finding was measured in — [true,true]
PASS [postgres] 2g.picker · 453 · not one word of either picker — key, label, help, both state sentences, every entry — carries a house-vocabulary word
PASS [postgres] 2g.words-home · the ten switches are labelled from `ENTRY_MODE_WORDS` and `PRODUCT_WORDS`, the one home the inert sentences read too — so a switch and the sentence that names it cannot spell one mode two ways — ["Up & Down","Polls","React to a player's stake","Fill a thin side","Open a quiet market","React to a player's stake","Fill a thin side","Open a quiet market","Enter now","Targeted stakes"]
PASS [postgres] 2g.inert · ⛔ THE FINDING · an ACTIVE account whose rules reach nothing carries its refusal on the roster — the first reason's own sentence, a count of the rest, and the Rules tab as the way out — on the same row as a status chip that still says Active — {"status":"Active","inert":{"text":"Can't bet — Up & Down is on but no chain is chosen. (1 more)","href":"/admin/desk/hb_9432_113?tab=rules"}}
PASS [postgres] 2g.words · ⛔ THE FINDING · the roster's scope line names what each ticked product can REACH — one line per product, each saying it reaches none, in the record rows' own spelling — never the summary words the switches spell — ["Up & Down · None chosen","Polls · None chosen"]
PASS [postgres] 2g.words · CONTROL · with one chain and one category chosen the same row names them as LABELS — `BTC/USD 5-min` and `Macro`, never the asset id or the category key — and carries no refusal — {"products":["Up & Down · BTC/⁠USD 5-⁠min","Polls · Macro"],"inert":null}
PASS [postgres] 2g.inert · a ticked product that reaches nothing is refused even while the other product is live — the row names the Polls remedy and the Up & Down line names its chain — {"products":["Up & Down · BTC/⁠USD 5-⁠min","Polls · None chosen"],"inert":{"text":"Can't bet — Polls is on but no poll category is chosen.","href":"/admin/desk/hb_9432_113?tab=rules"}}
PASS [postgres] 2g.why · ⛔ the why-panel lists every reason the engine's predicate raises, on the control that fixes it — here the poll-category list, with the Rules tab as its way out — {"title":"Why this account is not betting","items":[{"key":"poll-categories","label":"Poll categories","message":"Polls is on but no poll category is chosen."}],"empty":"Nothing in the rules or limits stops this account from betting.","href":"/admin/desk/hb_94
PASS [postgres] 2g.why · the readiness badge counts the SAME reasons — one blocker, named by the same label — so the rail, the panel above it and the why-panel cannot disagree; and on this ACTIVE account the Callout's headline says the account is not betting, never that it cannot start — {"blockers":1,"title":"1 thing stops this account from betting","items":[{"label":"Poll categories","unset":false}],"href":"/admin/desk/hb_9432_113?tab=rules"}
PASS [postgres] 2g.why · CONTROL · with both lists reaching a member the panel's list is EMPTY and it says so in the one sentence — about the rules AND the limits — under a topic heading that claims nothing, the badge reads zero, and the roster's two lines name two categories and the chain — {"why":{"title":"Rules and limits","items":[],"empty":"Nothing in the rules or limits stops this account from betting.","href":"/admin/desk/hb_9432_113?tab=rules","hrefLabel":"Open Rules"},"readiness":{"blockers":0,"title":"0 things stop this account from bett
PASS [postgres] 2g.why · an unset required cap joins the panel after the scope reasons, labelled from the one label home and carrying 364's consequence — and the badge counts it too — {"title":"Why this account is not betting","items":[{"key":"daily-loss","label":"Daily loss cap","message":"Not set — this account cannot place a bet."}],"empty":"Nothing in the rules or limits stops this account from betting.","href":"/admin/desk/hb_9432_113?
PASS [postgres] 2g.why · M7 · the callout above the rail and the why-panel below it are ONE list in two skins — the same labels in the same ORDER, and `blockers` is that list's length — over every state this block built, at least one of them non-empty — [{"callout":[],"panel":[],"blockers":0},{"callout":["Poll categories"],"panel":["Poll categories"],"blockers":1},{"callout":[],"panel":[],"blockers":0},{"callout":["Daily loss cap"],"panel":["Daily loss cap"],"blockers":1}]
PASS [postgres] 2g.why · M7 · a retired chain reaches the CALLOUT and the badge too, not the panel alone — the divergence that let an archived chain stop an account while the tab it is fixed on showed no count — {"callout":[{"label":"Up & Down chains","unset":false}],"panel":[{"key":"updown-chains","label":"Up & Down chains","message":"Rules mention kp_no_such_chain_m7, which no longer exists — review and save."}]}
PASS [postgres] 2g.save · Polls ticked with no category is REFUSED, the poll-category GROUP is the field the refusal marks, and the sentence names the remedy — {"ok":false,"error":"Choose at least one poll category, or turn Polls off.","field":"poll-categories","fields":{"poll-categories":"Choose at least one poll category, or turn Polls off."}}
PASS [postgres] 2g.save · a mode on for a product that is OFF is refused on that switch's own key — the box the officer has to untick is the box that is marked — {"ok":false,"error":"Fill a thin side is on for polls, but Polls is off. Turn Polls on, or turn this off.","field":"polls-fill","fields":{"polls-fill":"Fill a thin side is on for polls, but Polls is off. Turn Polls on, or turn this off."}}
[audit] COMPLIANCE house_bot.rules_saved usr_hb_officer HouseBot#hb_9432_115
PASS [postgres] 2g.save · ⛔ the two lists round-trip: what the picker posted is what the row stores (deduplicated) and what the form reads back as ticked, and the roster names it — {"landed":{"ok":true,"rulesVersion":3,"changed":1,"rulesChanged":true,"recorded":true,"warnings":[]},"stored":{"chains":[],"products":{"polls":true,"updown":false},"categories":["sports","macro"],"poolTotalMaxTzs":null,"poolTotalMinTzs":0,"skipPollsClosingWith
PASS [postgres] 2g.save · a category the platform does not have, a chain key it does not offer, a missing group, a group that is not a list and no lists at all are each the stale-form sentence — never a silent drop and never a field sentence about a box that looks right — ["This form is out of date. Reload the page and make the change again — nothing was saved.","This form is out of date. Reload the page and make the change again — nothing was saved.","This form is out of date. Reload the page and make the change again — nothin
PASS [postgres] 2g.save · …and the refused saves wrote nothing: read before anything else lands, the stored list is still the one the last landed save chose — {"scope":{"chains":[],"products":{"polls":true,"updown":false},"categories":["sports","macro"],"poolTotalMaxTzs":null,"poolTotalMinTzs":0,"skipPollsClosingWithinMin":60},"version":[3,3]}
[audit] COMPLIANCE house_bot.rules_saved usr_hb_officer HouseBot#hb_9432_115
PASS [postgres] 2g.save · CONTROL · the same save with the SAME switches and a real category lands, so the five refusals above are about the lists and not about the switches
PASS [postgres] 2h.model · one row per NUMERIC RULE LEAF of the document, in the validator's own order, each with a neutral key, a label, a one-sentence explanation and the section it belongs to — the population is `RULE_NUMBER_FIELDS`, never a list typed anywhere — {"rows":29,"leaves":29}
PASS [postgres] 2h.model · the section headings are the console's own words — the three entry sections read `ENTRY_MODE_WORDS`, so a heading and the switch above it cannot be two spellings of one control — ["React to a player's stake","Fill a thin side","Open a quiet market","Up & Down","Amounts","Safety margins","By hand"]
PASS [postgres] 2h.model · every row carries the LIVE bounds and a range sentence built from them — `fieldBounds`, not `FIELD_META`'s raw table, so a box never looks more permissive than the seam — [["Skip polls closing within","1","43200","Between 1 minute and 43,200 minutes."],["Pool total minimum","0","100000000","Between TZS 0 and TZS 100,000,000."]]
PASS [postgres] 2h.usedBy · the caption naming the switch a number belongs to is DERIVED by asking `leafUsedBy` with one switch on at a time — a leaf every state reads carries none, and a leaf no live switch reads is marked idle — {"fill":"Used only while Up & Down entry · Fill a thin side is on.","fixed":""}
[audit] COMPLIANCE house_bot.rules_saved usr_hb_officer HouseBot#hb_9432_117
PASS [postgres] 2h.save · ⛔ THE NUMBERS ROUND-TRIP: four leaves from four different sections are typed, stored on the row and read back by the form — the whole of register A1 — {"landed":true,"stored":{"min":25,"max":55,"zone":40,"jitter":7},"back":{"min":"25","zone":"40"}}
PASS [postgres] 2h.save · ⛔ REGISTER A4 · every numeric leaf is present in the STORED document after one save — the minimal patch that promised absent leaves would follow the default is gone, and the promise it could not keep with it — {"missing":[]}
PASS [postgres] 2h.bound · a number outside its live bound and a number that is not whole are each REFUSED on that box's own key — the control the officer has to change is the control that is marked — {"overMax":{"answer-delay-min":"Between 5 and 600 seconds."},"notWhole":{"quiet-zone-updown":"Whole shillings only — no decimals."}}
PASS [postgres] 2h.bound · …and neither refusal wrote: the row still holds the values the landed save stored
[audit] COMPLIANCE house_bot.rules_saved usr_hb_officer HouseBot#hb_9432_117
PASS [postgres] 2h.schedule · ⛔ THE DAYS AND THE HOURS ROUND-TRIP IN EAT: two days and one 09:00→17:00 window are typed, stored as minutes of the day, painted back into the boxes and described in words — {"stored":{"days":["MON","WED"],"allDay":false,"windows":[{"endMin":1020,"startMin":540}]},"saved":["Mon 09:00 → 17:00","Wed 09:00 → 17:00"]}
PASS [postgres] 2h.schedule · the stored minutes are EAT minutes-of-the-day, not UTC — 09:00 is 540 and never 360 — [{"endMin":1020,"startMin":540}]
PASS [postgres] 2h.schedule · a half-typed row is refused on THAT ROW's own box, no day at all is refused on the day group, and no window with All day off is refused on the window group — each marked where the officer has to act — {"half":{"schedule-windows.0.end":"Enter a time as HH:MM."},"noDay":{"schedule-days":"Pick at least one day."},"noWindow":{"schedule-windows":"Add a window or choose All day."}}
[audit] COMPLIANCE house_bot.rules_saved usr_hb_officer HouseBot#hb_9432_117
PASS [postgres] 2h.schedule · an end BEFORE its start is an overnight window — stored as typed and described as running into the next day, never silently swapped — ["Sat 22:00 → Sun 02:00 (overnight)"]
[audit] COMPLIANCE house_bot.rules_saved usr_hb_officer HouseBot#hb_9432_117
PASS [postgres] 2h.schedule · All day with no window at all is accepted, stores the seven days and says so in words — the state a fresh account is SHOWN, and now the state it can actually save
[audit] COMPLIANCE house_bot.rules_saved usr_hb_officer HouseBot#hb_9432_117
PASS [postgres] 2h.enterNow · ⛔ REGISTER A2 · the switch is no longer dead: with its two stakes empty the save is refused ON THOSE BOXES, and with them filled it LANDS — until today neither box existed, so every save with this switch ticked was refused on a control the form did not draw — {"refused":{"enter-now-thin-stake":"Set Enter now thin stake to use Enter now."},"refusedError":"Set Enter now thin stake to use Enter now.","landed":true,"keys":["enter-now-thin-stake","enter-now-first-stake"]}
[audit] COMPLIANCE house_bot.rules_saved usr_hb_officer HouseBot#hb_9432_117
PASS [postgres] 2h.amount · the amount's kind is posted with the form and switches which box the validator reads — FIXED stores `fixedTzs` and drops `pct`, and a kind the form cannot produce is the stale-form sentence — {"amount":{"kind":"FIXED","fixedTzs":3000},"badKind":"This form is out of date. Reload the page and make the change again — nothing was saved."}
PASS [postgres] 2h.whole · a post missing a numeric box, a post with no schedule at all and a post carrying a key the form never drew are each the stale-form sentence — a control that is not there is a refusal, never a value — ["This form is out of date. Reload the page and make the change again — nothing was saved.","This form is out of date. Reload the page and make the change again — nothing was saved.","This form is out of date. Reload the page and make the change again — nothin
PASS [postgres] 2g.start · ⛔ Start on the production-shaped account is refused with the sentence that names the CHAIN remedy — its first refusal, in page order — and the Rules href, labelled for the dialog to draw — {"ok":false,"error":"This account can't start yet. Up & Down is on but no chain is chosen. Open Rules, change that, save, then start.","href":"/admin/desk/hb_9432_119?tab=rules","hrefLabel":"Open Rules"}
PASS [postgres] 2g.start · 453 · the refusal carries no house-vocabulary word — the passed-through sentence is `INERT_COPY`'s, held neutral by the rules suite's own scan — "This account can't start yet. Up & Down is on but no chain is chosen. Open Rules, change that, save, then start."
PASS [postgres] 2g.title · on a PAUSED account with reasons the why-panel is headed `Why this account can't start` and the Callout reads `2 things to fix before this account can start` — never `is not betting`, which the pause already explains — {"why":"Why this account can't start","callout":"2 things to fix before this account can start"}
PASS [postgres] 2g.start · a polls-only account with no category is refused with the category sentence and the same href — {"ok":false,"error":"This account can't start yet. Polls is on but no poll category is chosen. Open Rules, change that, save, then start.","href":"/admin/desk/hb_9432_119?tab=rules","hrefLabel":"Open Rules"}
PASS [postgres] 2g.start · CONTROL · an unset cap is still the console's generic RULES sentence with the same href — the pass-through is for the scope sentences only — {"ok":false,"error":"The saved rules do not allow a start yet. Open Rules, review them, save, then start.","href":"/admin/desk/hb_9432_119?tab=rules","hrefLabel":"Open Rules"}
[audit] COMPLIANCE house_bot.started usr_hb_officer HouseBot#hb_9432_119
PASS [postgres] 2g.start · CONTROL · with one category chosen the same account STARTS — so the refusal above was the list and nothing else — {"ok":true,"changed":true,"note":"It is started, but the desk's master switch is off, so nothing will be staked until the desk is switched on.","warn":true}
[audit] COMPLIANCE house_bot.started usr_hb_officer HouseBot#hb_9432_119
PASS [postgres] 2g.start · ⛔ REGISTER A3 · an account whose only enabled mode can NEVER enter is STARTED and told so — the warning Start already knew and used to throw away is painted, in the warning tone, with the account still running — {"ok":true,"changed":true,"note":"It is started, but the desk's master switch is off, so nothing will be staked until the desk is switched on. Every enabled mode is currently impossible.","warn":true}
PASS [postgres] 2g.byhand · ⛔ the roster hands the predicate THIS build's screens: an ACTIVE polls account with a category and Enter now as its only entry carries `Can't bet — Enter now is the only entry mode on for polls, and no screen on this build can press it.` — one reason, no count — while its scope line names Sports — {"status":"Active","inert":{"text":"Can't bet — Enter now is the only entry mode on for polls, and no screen on this build can press it.","href":"/admin/desk/hb_9432_121?tab=rules"},"products":["Polls · Sports"]}
PASS [postgres] 2g.byhand · ⛔ the why-panel hands the predicate the same screens: ONE item, on the Enter now switch's own key, labelled `Enter now`, carrying the by-hand sentence — and the badge counts it — {"why":{"title":"Why this account is not betting","items":[{"key":"enter-now","label":"Enter now","message":"Enter now is the only entry mode on for polls, and no screen on this build can press it."}],"empty":"Nothing in the rules or limits stops this account 
PASS [postgres] 2g.byhand · ⛔ Start hands the predicate the same screens — its default — and refuses the account with the by-hand sentence passed through, the Rules href and the label, leaving it PAUSED — {"ok":false,"error":"This account can't start yet. Enter now is the only entry mode on for polls, and no screen on this build can press it. Open Rules, change that, save, then start.","href":"/admin/desk/hb_9432_121?tab=rules","hrefLabel":"Open Rules"}
[audit] COMPLIANCE house_bot.started usr_hb_officer HouseBot#hb_9432_121
PASS [postgres] 2g.byhand · CONTROL · with an automatic polls mode on beside Enter now the row carries no line, the panel is empty and Start lands — so the three refusals above were the by-hand switch and nothing else — {"inert":null,"why":[],"started":{"ok":true,"changed":true,"note":"It is started, but the desk's master switch is off, so nothing will be staked until the desk is switched on.","warn":true}}
PASS [postgres] 2g.live · ⛔ a saved limit a live bound now breaks is ON the panel — Stake min under the platform minimum, on the cap's own key, labelled from the one label home, in the console's own sentence with both figures — and the badge counts it, headed `Why this account can't start` on this paused account — {"why":{"title":"Why this account can't start","items":[{"key":"stake-min","label":"Stake min","message":"Saved as TZS 500; the platform minimum is now TZS 1,000."}],"empty":"Nothing in the rules or limits stops this account from betting.","href":"/admin/desk/
PASS [postgres] 2g.live · ⛔ …and Start refuses the same account on the same page — the panel and the dialog can no longer disagree — with the Rules href and the account still PAUSED — {"ok":false,"error":"The saved rules do not allow a start yet. Open Rules, review them, save, then start.","href":"/admin/desk/hb_9432_123?tab=rules","hrefLabel":"Open Rules"}
PASS [postgres] 2g.live · 453 · the composed sentence carries no house-vocabulary word (Start's own names the field in the engine's vocabulary, which is why the console composes its own) — "Saved as TZS 500; the platform minimum is now TZS 1,000."
[audit] COMPLIANCE house_bot.started usr_hb_officer HouseBot#hb_9432_123
PASS [postgres] 2g.live · CONTROL · with Stake min at the platform minimum the panel is empty under its topic heading, the badge reads zero and Start lands — so the refusal above was the live bound and nothing else — {"why":{"title":"Rules and limits","items":[],"empty":"Nothing in the rules or limits stops this account from betting.","href":"/admin/desk/hb_9432_123?tab=rules","hrefLabel":"Open Rules"},"started":{"ok":true,"changed":true,"note":"It is started, but the desk
PASS [postgres] 2g.label · a ticked product with a chain but none of its own modes on is labelled `Up & Down entry` — the section any of the three switches sits in — over its sentence, on the first switch's key, in the panel and in the Callout alike; never one switch's name over a sentence that says no mode at all is on — {"why":{"title":"Why this account is not betting","items":[{"key":"updown-react","label":"Up & Down entry","message":"Up & Down is on but no entry mode is on for Up & Down."}],"empty":"Nothing in the rules or limits stops this account from betting.","href":"/a
PASS [postgres] 2g.page · the roster paints the refusal off `r.inert` as a LINK to its href, at the tap floor, in the warning tone, INSIDE THE ACCOUNT CELL under the handle — and one line per product off `r.products` in the Products cell, with no link there — {"inertRefs":3}
PASS [postgres] 2g.page · the Callout's headline is the server's — the page binds `view.startReadiness` once and paints that binding's own title, typing no lifecycle sentence of its own
PASS [postgres] 2g.page · M7 · the blockers are named once per screen: the callout is guarded by the binding, the overview's panel is guarded by that SAME binding being null, and the rules tab's panel is guarded by neither because the callout never draws there
PASS [postgres] 2g.page · the account page draws the why-panel through ONE component, linked on the overview and unlinked above the rules form, and paints the empty sentence on its own branch
PASS [postgres] 2g.form · the form reads each list off the form's own controls through the group's hidden MARKER, treats a missing marker as a refusal, marks a refused group and a refused switch, and follows the live product switch for the once-on sentence
PASS [postgres] 2g.act · the action dialog paints the refusal's href as a link labelled by the SERVER, and closes itself on the way through

[postgres] §2h · the desk's Results tab — what its finished stakes came to (C7 437)
PASS [postgres] 1.437e · `priorEatDays` walks back across a month end, a year end and leap day — 2026-03-01, 2027-01-01 and 2028-03-01 — gives nothing for zero, six for six, and THROWS on a malformed key or a count that is not a whole number — [["2026-03-01",["2026-02-28","2026-02-27"]],["2027-01-01",["2026-12-31","2026-12-30"]],["2028-03-01",["2028-02-29","2028-02-28"]]]
PASS [postgres] 1.437e · CONTROL · a key cut from `toISOString().slice(0, 10)` is a DIFFERENT day at 21:30Z, and a walk-back built that way is a day off at all three boundaries — so the walks above can tell the two apart — [["2026-03-01",["2026-02-27","2026-02-26"]],["2027-01-01",["2026-12-30","2026-12-29"]],["2028-03-01",["2028-02-28","2028-02-27"]]]
PASS [postgres] 1.437e · the platform's `?range=today` starts where the desk's day starts — at 20:59:59.999Z, 21:00:00.000Z and 00:00Z alike — and the day turns between the first two instants, not between the last two — [["2026-09-24T21:00:00.000Z","2026-09-24T21:00:00.000Z"],["2026-09-25T21:00:00.000Z","2026-09-25T21:00:00.000Z"],["2026-09-25T21:00:00.000Z","2026-09-25T21:00:00.000Z"]]
PASS [postgres] 1.437e · SOURCE · the results reader walks back with `priorEatDays(dayKey, RESULT_DAYS - 1)` EXACTLY ONCE, from the core's own key, over a window of 7 — and the gate module still derives a day key in exactly TWO places, neither of them in this reader — {"block":4524,"walks":1,"eatDayKey":2}
PASS [postgres] 1.437e · CONTROL · a reader that takes its own clock, a second walk-back, a third `eatDayKey(` and an eight-day window are each reported — in copies of the module, each plant seen to land — [[true,false],[true,false],[true,false],[true,false]]
PASS [postgres] 1.437l · NO CHANNEL · no alert copy, notification source or report in the catalogue links to the Results tab — neither a `?tab=results` nor a `consoleTabHref` of `results` — so the desk's result is reached only by opening the tab — [["alert-copy.ts",28798,false],["notification-service.ts",97180,false],["comms-registry.ts",19562,false],["alerts.ts",549,false],["emitters.ts",12916,false],["catalogue.ts",50858,false]]
PASS [postgres] 1.437l · the desk's landing page is the reader's ONLY caller under `src/` — no report, export, route handler, action or second page reads the desk's results — {"files":1423,"callers":["src/app/admin/desk/page.tsx"]}
PASS [postgres] 1.437l · the owner's book stays the owner's — no file under `src/app/admin/house/**`, `house-ledger.ts` or `house-book.ts` names the desk's results reader, and the reader's module names none of them — {"files":7,"namesReader":[],"gate":[]}
PASS [postgres] 1.437l · CONTROL · each is planted in memory and reported — a `?tab=results` in the alert copy, a `consoleTabHref` of `results` in the catalogue, a second call of the reader in the catalogue, the reader's name in the owner's book page, and `house-ledger` in the reader's module
PASS [postgres] 1.437n · LAYOUT · in both results tables the first money cell is the SECOND column and every row lines up with its headers; no table and no money column carries a width floor (the one `min-w` is the Account column's 1.373 floor); the By-account empty state spans every header; and each below-`sm` fold paints the same view-model field as the wide cell it replaces — [[4,4,1,true],[3,3,1,true]]
PASS [postgres] 1.437n · CONTROL · the money moved to the THIRD column, a floor on a table, an empty state one column short and a fold that paints a different field are each reported — in copies of the panel, each plant seen to land — [[true,false],[true,false],[true,false],[true,false]]
[audit] ADMIN market.created usr_hb_officer Market#mkt_14cf2e1410a65ec2469a
[audit] BET market.position.opened usr_hb_9432_134 Position#pos_364d177e7a3b7fe07060
[audit] BET market.position.opened usr_hb_9432_126 Position#pos_6f4c012451a292f69003
[audit] ADMIN market.created usr_hb_officer Market#mkt_db7f17e955a0c249fcfd
[audit] BET market.position.opened usr_hb_9432_136 Position#pos_426b058768c9fd14636c
[audit] BET market.position.opened usr_hb_9432_128 Position#pos_1ba02c27922283fbc89d
[audit] ADMIN market.created usr_hb_officer Market#mkt_666571b0c4525b5e834b
[audit] BET market.position.opened usr_hb_9432_138 Position#pos_0c775db39a82d58cc7be
[audit] BET market.position.opened usr_hb_9432_130 Position#pos_66f643149219eb1bc879
[audit] ADMIN market.created usr_hb_officer Market#mkt_e5dcc7976c69e07b1813
[audit] BET market.position.opened usr_hb_9432_140 Position#pos_67a3da83ae65f352a9f7
[audit] BET market.position.opened usr_hb_9432_132 Position#pos_bedb4fc0204def79e86f
[audit] ADMIN market.created usr_hb_officer Market#mkt_203a0325c4bb01b87fb1
[audit] BET market.position.opened usr_hb_9432_142 Position#pos_8d25f8c398a2bc946141
[audit] BET market.position.opened usr_hb_9432_128 Position#pos_82f0883a6668298e2565
[audit] ADMIN market.created usr_hb_officer Market#mkt_c6e0165323ef055dcc5b
[audit] BET market.position.opened usr_hb_9432_144 Position#pos_7c03026ff4f8932ded4b
[audit] BET market.position.opened usr_hb_9432_126 Position#pos_b60abc3d5fa27a75bc5b
[audit] ADMIN market.created usr_hb_officer Market#mkt_6f610992b6f4dec9b41b
[audit] BET market.position.opened usr_hb_9432_146 Position#pos_352bbbd5340d5f0ff52b
[audit] BET market.position.opened usr_hb_9432_132 Position#pos_d8ac4a604209f1d42a85
[audit] ADMIN market.created usr_hb_officer Market#mkt_eec58931feb5351d620d
[audit] BET market.position.opened usr_hb_9432_148 Position#pos_086e4755ef61373232c2
[audit] BET market.position.opened usr_hb_9432_132 Position#pos_ad4b3764334d54302e37
[audit] ADMIN market.created usr_hb_officer Market#mkt_427b3236e03809e4bdaa
[audit] BET market.position.opened usr_hb_9432_150 Position#pos_1473a2a9b71091af6e15
[audit] BET market.position.opened usr_hb_9432_126 Position#pos_01211f2c0e98d4c7646f
[audit] ADMIN market.adjudicated usr_hb_officer Market#mkt_14cf2e1410a65ec2469a
[audit] WALLET bet.payout usr_hb_9432_126 Position#pos_6f4c012451a292f69003
[audit] ADMIN market.resolved system Market#mkt_14cf2e1410a65ec2469a
[audit] WALLET market.settled system Market#mkt_14cf2e1410a65ec2469a
[audit] SYSTEM affiliate.settlement_accruals system Market#mkt_14cf2e1410a65ec2469a
[audit] ADMIN market.adjudicated usr_hb_officer Market#mkt_db7f17e955a0c249fcfd
[audit] WALLET bet.payout usr_hb_9432_136 Position#pos_426b058768c9fd14636c
[audit] ADMIN market.resolved system Market#mkt_db7f17e955a0c249fcfd
[audit] WALLET market.settled system Market#mkt_db7f17e955a0c249fcfd
[audit] SYSTEM affiliate.settlement_accruals system Market#mkt_db7f17e955a0c249fcfd
[audit] ADMIN market.adjudicated usr_hb_officer Market#mkt_666571b0c4525b5e834b
[audit] WALLET bet.payout usr_hb_9432_138 Position#pos_0c775db39a82d58cc7be
[audit] ADMIN market.resolved system Market#mkt_666571b0c4525b5e834b
[audit] WALLET market.settled system Market#mkt_666571b0c4525b5e834b
[audit] SYSTEM affiliate.settlement_accruals system Market#mkt_666571b0c4525b5e834b
[audit] ADMIN market.adjudicated usr_hb_officer Market#mkt_e5dcc7976c69e07b1813
[audit] ADMIN market.resolved system Market#mkt_e5dcc7976c69e07b1813
[audit] WALLET market.settled system Market#mkt_e5dcc7976c69e07b1813
[audit] ADMIN market.adjudicated usr_hb_officer Market#mkt_c6e0165323ef055dcc5b
[audit] WALLET bet.payout usr_hb_9432_144 Position#pos_7c03026ff4f8932ded4b
[audit] ADMIN market.resolved system Market#mkt_c6e0165323ef055dcc5b
[audit] WALLET market.settled system Market#mkt_c6e0165323ef055dcc5b
[audit] SYSTEM affiliate.settlement_accruals system Market#mkt_c6e0165323ef055dcc5b
[audit] ADMIN market.adjudicated usr_hb_officer Market#mkt_6f610992b6f4dec9b41b
[audit] ADMIN market.resolved system Market#mkt_6f610992b6f4dec9b41b
[audit] WALLET market.settled system Market#mkt_6f610992b6f4dec9b41b
[audit] ADMIN market.adjudicated usr_hb_officer Market#mkt_427b3236e03809e4bdaa
[audit] WALLET bet.payout usr_hb_9432_126 Position#pos_01211f2c0e98d4c7646f
[audit] ADMIN market.resolved system Market#mkt_427b3236e03809e4bdaa
[audit] WALLET market.settled system Market#mkt_427b3236e03809e4bdaa
[audit] SYSTEM affiliate.settlement_accruals system Market#mkt_427b3236e03809e4bdaa
PASS [postgres] 1.437 · fixture · nine real house stakes against nine real players: seven resolved and settled for real (a WIN, two LOSSES, a VOID, yesterday's loss, day −2's VOID, day −5's WIN), two left OPEN, and C removed after staking — {"settledOk":[true,true,true,true,true,true,true],"statusOf":{"aWin":"WIN","bLoss":"LOSS","cLoss":"LOSS","dVoid":"VOID","bOpen":"OPEN","aYday":"LOSS","dDay2":"VOID","dDay3":"OPEN","aDay5":"WIN"},"returned":[27400,0,0,5000,0,0,1000,0,2740]}
PASS [postgres] 1.437b · ONE ARITHMETIC on the WHOLE desk — today's desk result equals minus the day book's realised loss, the sum of every account line's Today (the removed-accounts line included), and minus the Limits tab's settled row — {"desk":-26600,"book":26600,"rows":-26600,"settled":26600}
PASS [postgres] 1.437b · CONTROL · the same four-way check reports a desk cell that says anything else, over the same book and the same Limits row — {"nudged":999999,"desk":-26600}
PASS [postgres] 1.437a · AUDIENCE · a player, the holder, a trigger player, a FINANCE officer and a signed-out viewer each get `null`, and so does the ADMIN on `/admin/house` (the route belt) — with ZERO control-row, day-book and roster reads between them — {"answered":[],"refusedCalls":{"ctl":0,"day":0,"list":0}}
PASS [postgres] 1.437a · CONTROL · the same ADMIN on `/admin/desk` gets seven day rows through the very spies that counted zero — and the audience question ALONE admits that ADMIN on `/admin/house`, so the null there is the belt's — {"rows":7,"controlCalls":{"ctl":1,"day":7,"list":1},"adminOnHouse":true}
PASS [postgres] 1.437b · ONE ARITHMETIC — today's desk result equals minus the day book's realised loss, the sum of the account lines' Today, minus the Limits tab's settled row, and an independent walk of the ledger over the fixture's own stakes — {"desk":-16600,"book":16600,"rows":-16600,"settled":16600,"walk":-16600}
PASS [postgres] 1.437b · …and each account's Today is minus its OWN account page's settled loss row and the walk of its own stakes — A a profit, B a loss, D even — and the removed-accounts line is the walk of C's stake — {"perAccount":[{"name":"A","today":17400,"settled":-17400,"walked":17400},{"name":"B","today":-30000,"settled":30000,"walked":-30000},{"name":"D","today":0,"settled":0,"walked":0}],"gone":"Loss TZS 4,000","cSettled":null}
PASS [postgres] 1.437b · CONTROL · the figure is non-zero with MIXED signs across accounts, the fee is real (A's payout is less than the whole pool of 30,000), and a WIN written as a STATUS with no money moves the desk away from the ledger walk by exactly that stake — and back once it is undone — {"desk":-16600,"payout":27400,"flipped":-19600,"restored":-16600,"walk":-16600}
[audit] COMPLIANCE house_bot.loss_stop system_house_bot HouseBotControl#global
PASS [postgres] 1.437b · …and the STOP acts on the same figure: `lossStops` with the global daily loss limit AT today's desk loss switches the test world's desk off, as GLOBAL_LOSS_STOP, with one switched-off alert and no security alert — {"deskLoss":16600,"at":{"bots":0,"global":true},"offCause":"GLOBAL_LOSS_STOP","seen":{"switchedOff":1,"security":0}}
PASS [postgres] 1.437b · CONTROL · at today's desk loss PLUS ONE the same stop does not fire and the desk stays on — tried first, while the desk was on — {"deskLoss":16600,"above":{"bots":0,"global":false},"onAfterAbove":true}
PASS [postgres] 1.437c · OUTCOMES · a VOID is 0 (D's only stake today was voided and reads Even), a LOSS is minus its stake (B lost 30,000; the removed account lost 4,000), and an OPEN stake is excluded (B's open 3,000 is in no figure) while its day reads Still running — {"d":{"text":"Even","word":"Even","figure":null,"unreadable":false,"muted":false},"b":"Loss TZS 30,000","gone":"Loss TZS 4,000","day0":["Still running","5"]}
PASS [postgres] 1.437c · WORDS · a day whose only stake was really voided reads Even and Final; a day whose only stake is still open reads Nothing settled and Still running; a day with a win reads Profit; the two empty days read — with the state No stakes and a count of 0 — [["Loss TZS 16,600","Still running","5"],["Loss TZS 2,000","Final","1"],["Even","Final","1"],["Nothing settled","Still running","1"],["—","No stakes","0"],["Profit TZS 1,740","Final","1"],["—","No stakes","0"]]
PASS [postgres] 1.437c · CONTROL · a genuinely level SETTLED day is not Nothing settled, a profit day is not Even, and a day with nothing finished is not Even — each word is its own branch — {"level":"Even","open":"Nothing settled","profit":"Profit TZS 1,740"}
PASS [postgres] 1.437d · COHORT · a stake placed at 23:59:30 EAT yesterday and settled today as a real loss is on YESTERDAY's row — Loss TZS 2,000, one stake, Final — and in the account's Last 7 days — {"placedAt":"2026-10-09T20:59:30.000Z","day1":"Loss TZS 2,000","week":"Profit TZS 17,140"}
PASS [postgres] 1.437d · CONTROL · …and TODAY's row does not carry it: today is the walk of today's stakes alone and A's Today is its win alone — a fold by the day a stake SETTLED would have put the 2,000 on today — {"desk":-16600,"walkToday":-16600,"bySettlement":-18600}
PASS [postgres] 1.437e · WINDOW · exactly SEVEN day rows, newest first — Today, Yesterday, then a weekday and date — and row 0 is the shell's own day key, each row's full date that key walked back one EAT day at a time — {"dayKey":"2026-10-10","titles":["Sat 10 Oct 2026 (EAT)","Fri 9 Oct 2026 (EAT)","Thu 8 Oct 2026 (EAT)","Wed 7 Oct 2026 (EAT)","Tue 6 Oct 2026 (EAT)","Mon 5 Oct 2026 (EAT)","Sun 4 Oct 2026 (EAT)"]}
PASS [postgres] 1.437e · CONTROL · an eighth row, a window shifted by one day and rows painted from another day's key are each reported
PASS [postgres] 1.437f · ONE READ PER DAY — seven day-book reads for seven rows, seven distinct days, today's read exactly once (the core's own), every one over the whole desk — ["2026-10-09T21:00:00.000Z","2026-10-08T21:00:00.000Z","2026-10-07T21:00:00.000Z","2026-10-06T21:00:00.000Z","2026-10-05T21:00:00.000Z","2026-10-04T21:00:00.000Z","2026-10-03T21:00:00.000Z"]
PASS [postgres] 1.437f · CONTROL · a planted second read of today is reported, and the spy was the handle the reader actually called — {"reads":7,"today":"2026-10-09T21:00:00.000Z"}
PASS [postgres] 1.437g · ONE FAILED DAY · only day −2's read rejects: that row says `couldn't read — this is not zero` (its count and state are dashes), and every account's Last 7 days says the same — {"failedCalls":1,"row":{"dayText":"Thu 8 Oct","dayTitle":"Thu 8 Oct 2026 (EAT)","result":{"text":"couldn't read — this is not zero","word":"couldn't read — this is not zero","figure":null,"unreadable":true,"muted":true},"stakesText":"—","stateText":"—"},"weeks
PASS [postgres] 1.437g · …and everything else is REAL: the six other days and every account's Today are exactly what they are with no failure — {"lines":[31,31]}
PASS [postgres] 1.437g · CONTROL · the failed row is not blank, not Even, not No stakes and not — (each would read as a zero), and the same row without the failure is the real Even — {"failed":"couldn't read — this is not zero","real":"Even"}
PASS [postgres] 1.437h · REMOVED · C, removed after staking, is still in today's desk result, in ONE removed-accounts line that reads `An account no longer on the desk` — no link, no handle — carrying C's loss — {"gone":{"accountName":"An account no longer on the desk","accountIsOperatorText":false,"accountHandle":null,"accountHref":null,"today":{"text":"Loss TZS 4,000","word":"Loss","figure":"TZS 4,000","unreadable":false,"muted":false},"week":{"text":"Loss TZS 4,000
PASS [postgres] 1.437h · the account lines' Last 7 days add up to the day rows — every account on the roster plus the removed-accounts line, and nothing else — {"weeks":-16860,"days":-16860}
PASS [postgres] 1.437h · CONTROL · a fold over the ROSTER only would differ from the day rows — by exactly the removed account's 4,000 — {"rosterOnly":-12860,"days":-16860}
PASS [postgres] 1.437h · with a SECOND removed account in the window the line reads `Accounts no longer on the desk` — still ONE line, carrying both accounts' money, with every total unchanged — {"gone":{"accountName":"Accounts no longer on the desk","accountIsOperatorText":false,"accountHandle":null,"accountHref":null,"today":{"text":"Loss TZS 4,000","word":"Loss","figure":"TZS 4,000","unreadable":false,"muted":false},"week":{"text":"Loss TZS 4,000",
PASS [postgres] 1.437h · CONTROL · the singular and the plural are different words, and the line was the SINGULAR before the second removal — ["An account no longer on the desk","Accounts no longer on the desk"]
PASS [postgres] 1.437i · GRAMMAR · every result cell of every state reads Profit or Loss beside an UNSIGNED `TZS` figure, or Even, Nothing settled, No stakes, — or the failed-read sentence — and its text is exactly its word and its figure — {"cells":412,"off":[]}
PASS [postgres] 1.437i · CONTROL · `+TZS 1,000`, `−TZS 1,000`, `TZS 0`, `Net TZS 5` and `Profit TZS −1,000` are each refused by the same pattern, and so is a cell whose figure carries a sign
PASS [postgres] 1.437j · CONTAINMENT · the roster, activity, limits, history and account views on the same fixture carry no `Profit TZS` / `Loss TZS` phrase — and the results view does — {"carriers":[],"sizes":[["roster",29525],["activity",18273],["limits",8170],["history",7808],["account",41724]]}
PASS [postgres] 1.437j · CONTROL · `Profit TZS 1` planted in one activity row is reported — {"rows":20}
PASS [postgres] 1.437k · LEXICON · nothing the Results tab paints, in any of its states, names the feature — every day, every cell, every account line, the note and the shell's own strings — {"hits":[],"sizes":[214,211,209]}
PASS [postgres] 1.437k · CONTROL · `Bot results` planted in the note, and as one day's name, is reported each time
PASS [postgres] 1.437 · teardown · every account the block designated is off the roster again (the 20 slots are shared), the day-book store is the real one, and the master switch is where the block found it — {"designated":4,"onBefore":2,"onAfter":0,"enabled":[false,false],"offCause":["MANUAL","MANUAL"]}

[postgres] §2i · ruling 543 — an audit that cannot be signed never reports a landed write as failed
PASS [postgres] 2.543.0 · fixture · the audit chain this child has written so far verifies BEFORE this block touches it — so a break found below was made here — {"valid":true}
PASS [postgres] 2.543.1 · ⭐ an append that cannot be SIGNED — production, no chain secret — RESOLVES, never rejects, and names its shortfall: recorded false, UNSIGNED, and a ticketed id this very call was issued — {"rejected":null,"recorded":false,"unrecorded":"UNSIGNED","id":"aud_bmv1qctu6c440c4_000000125","tickets":[124,125]}
PASS [postgres] 2.543.1b · …and the same answer when the chain secret EQUALS the session secret — the other half of the refusal, which a secret that is merely present does not pass — {"rejected":null,"recorded":false,"unrecorded":"UNSIGNED"}
PASS [postgres] 2.543.2 · nothing of it was written ANYWHERE: the audit store has no entry for its id, on Postgres the table has no row, and its hash is a word rather than a hash — {"inStore":false,"tableRows":0,"entryHash":"UNSIGNED","prevHash":"UNSIGNED"}
PASS [postgres] 2.543.2c · CONTROL · the fault was LIVE for those calls: under the same env the chain's own verifier THROWS the refusal — so the resolve above is the fix, not an env change that never took — AUDIT_CHAIN_SECRET must be set in production and distinct from SESSION_SECRET
[audit] SYSTEM probe.543.signed system 
PASS [postgres] 2.543.3 · CONTROL · with the secret back the SAME append is recorded — so the flag is a measurement, not a constant — its entry is in the store, and the chain still verifies, so no unsigned entry ever joined it — {"rejected":null,"recorded":true,"inStore":true,"tableRows":1,"chain":{"valid":true}}
PASS [postgres] 2.543.10 · switching the desk ON while its compliance record cannot be signed: the desk IS on, the answer is a success, and it is a WARNING that the record could not be written — with no audit id on the event — {"threw":null,"result":{"ok":true,"on":true,"changed":true,"note":"The desk is on. ⚠️ Its compliance record could not be written — tell whoever keeps the records.","warn":true},"enabled":true,"auditId":null}
[audit] COMPLIANCE house_bot.switch_on usr_hb_officer HouseBotControl#global
[audit] SYSTEM notification.deduped system Notification#ntf_91d913138f995ede05e1
PASS [postgres] 2.543.10c · CONTROL · the same switch-on with the secret in place carries no note and no warning, and its event carries an audit id the audit store holds — {"result":{"ok":true,"on":true,"changed":true,"note":null,"warn":false},"auditId":"aud_bmv1qctu6c440c4_000000129"}
[audit] SYSTEM notification.deduped system Notification#ntf_d6b3768eff64fdcdab9f
[audit] SYSTEM notification.deduped system Notification#ntf_110869439d4798e43afb
[audit] SYSTEM notification.deduped system Notification#ntf_f2009b56617caa7f2156
PASS [postgres] 2.543.4a · ⭐ the kill switch while its compliance record cannot be signed: the desk IS off, the stop is reported as landed, the alert still goes out, the event carries no audit id — and the service says the record did not land — {"threw":null,"result":{"ok":true,"changed":true,"drain":"drained","cancelled":0,"message":"House bots are off. No bot will place a bet.","recorded":false},"enabled":false,"alerts":1,"auditId":null}
PASS [postgres] 2.543.4b · …and the CONSOLE says both, as a warning: the desk is off and its compliance record could not be written — never "Nothing changed" — the event carries no audit id, and the officer's bell still rang — {"threw":null,"result":{"ok":true,"on":false,"changed":true,"note":"The desk is off. ⚠️ Its compliance record could not be written — tell whoever keeps the records.","warn":true},"enabled":false,"auditId":null,"rang":true}
[audit] COMPLIANCE house_bot.switch_off system_house_bot HouseBotControl#global
[audit] SYSTEM notification.deduped system Notification#ntf_40b64f827e1845be0439
PASS [postgres] 2.543.4c · CONTROL · the same stop with the secret in place carries no record sentence and no warning, and stamps its event with an id the audit store holds — so the two above are the missing record's doing — {"result":{"ok":true,"on":false,"changed":true,"note":null,"warn":false},"auditId":"aud_bmv1qctu6c440c4_000000136"}
[audit] SYSTEM notification.deduped system Notification#ntf_1e5117b89311c0647028
[audit] SYSTEM notification.deduped system Notification#ntf_69959506f3cc11146bbd
[audit] SYSTEM notification.deduped system Notification#ntf_8113d3d8a2534d764b35
PASS [postgres] 2.543.5 · ⭐ Start while its compliance record cannot be signed: the account IS running, the answer is a success, and it is a WARNING carrying the record sentence — never "That could not be written. Nothing changed" — {"threw":null,"result":{"ok":true,"changed":true,"note":"It is done. ⚠️ Its compliance record could not be written — tell whoever keeps the records. It is started, but the desk's master switch is off, so nothing will be staked until the desk is switched on.","
[audit] COMPLIANCE house_bot.started usr_hb_officer HouseBot#hb_9432_157
PASS [postgres] 2.543.5c · CONTROL · the same Start with the secret in place says nothing about a record — so the sentence above is the missing record's, and not something Start always says — {"ok":true,"changed":true,"note":"It is started, but the desk's master switch is off, so nothing will be staked until the desk is switched on.","warn":true}
PASS [postgres] 2.543.6 · ⭐ a designation while its compliance record cannot be signed: the account IS on the desk, the answer is a success, and it is a WARNING carrying the record sentence — never "That could not be written. Nothing changed", which sent the officer to spend another of the holder's attempts — {"threw":null,"result":{"ok":true,"href":"/admin/desk/hb_6971571e1debff95a319474c?tab=rules","note":"It is done. ⚠️ Its compliance record could not be written — tell whoever keeps the records. It is on the desk, stopped, with no limits of its own set yet.","wa
[audit] SECURITY house_bot.password_verified usr_hb_officer User#usr_hb_9432_159
[audit] COMPLIANCE house_bot.designated usr_hb_officer HouseBot#hb_acc494e4dc16bc7c3d414f20
PASS [postgres] 2.543.6c · CONTROL · the same designation with the secret in place is a plain success — no warning and no record sentence — and the capacity read really was put back — {"threw":null,"result":{"ok":true,"href":"/admin/desk/hb_acc494e4dc16bc7c3d414f20?tab=rules","note":"It is on the desk, stopped, with no limits of its own set yet.","warn":false}}
PASS [postgres] 2.543.7 · a rules save while its compliance record cannot be signed still LANDS — the new value is on the row — and says the record did not: recorded false, never "Nothing was saved" — {"threw":null,"result":{"ok":true,"rulesVersion":3,"changed":1,"rulesChanged":true,"recorded":false,"warnings":[]},"stored":26}
[audit] COMPLIANCE house_bot.rules_saved usr_hb_officer HouseBot#hb_9432_161
PASS [postgres] 2.543.7c · CONTROL · the same save with the secret in place reports its record written — so the flag above is a measurement and not a constant — {"ok":true,"rulesVersion":4,"changed":0,"rulesChanged":true,"recorded":true,"warnings":[]}
PASS [postgres] 2.543.9 · Pause and Remove while their compliance records cannot be signed: each account MOVED, each answer is a success carrying the record sentence as a WARNING, and neither event is stamped with the id of a row that does not exist — {"pause":{"ok":true,"changed":true,"note":"It is done. ⚠️ Its compliance record could not be written — tell whoever keeps the records.","warn":true},"remove":{"ok":true,"changed":true,"note":"It is done. ⚠️ Its compliance record could not be written — tell who
[audit] ADMIN house_bot.paused usr_hb_officer HouseBot#hb_9432_167
PASS [postgres] 2.543.9c · CONTROL · the same Pause with the secret in place is no warning, and its event carries an audit id the audit store holds — {"result":{"ok":true,"changed":true,"note":null,"warn":false},"auditId":"aud_bmv1qctu6c440c4_000000151"}
[audit] ADMIN market.created usr_hb_officer Market#mkt_fed2b744a1f53c9f366c
PASS [postgres] 2.543.11 · the staff cancel while its decision record cannot be signed: the stake IS stopped, the answer is a success whose warning says the record is not written yet, and neither the press nor its event holds the id of a row that does not exist — so the lease repair still writes it — {"threw":null,"result":{"ok":true,"changed":true,"note":"The stake was stopped, but the decision record has not been written yet. It will be.","warn":true},"pressAuditId":"no press","eventAuditId":"no event"}
[audit] COMPLIANCE house_bot.staff_intent_cancelled usr_hb_officer HouseBot#hb_9432_169
PASS [postgres] 2.543.11c · CONTROL · the same cancel with the secret in place is no warning, and its press is audited with an id the audit store holds — {"result":{"ok":true,"changed":true,"note":null,"warn":false},"pressAuditId":"aud_bmv1qctu6c440c4_000000154"}
PASS [postgres] 2.543.t · teardown · every account this block created is off the roster again (the 20 slots are shared), and the master switch is where the block found it — {"created":9,"stillLive":0,"enabled":[false,false],"offCause":["MANUAL","MANUAL"]}

[postgres] §2j · FS-09 — every roster act that lands tells every admin, once, and nobody else
[audit] SECURITY house_bot.password_rejected usr_hb_9432_172 User#usr_hb_9432_174
PASS [postgres] 2.fs09.1c · CONTROL · a designation REFUSED on a wrong password tells nobody — no DESIGNATED row in either admin's inbox, and nothing for the holder — {"result":{"ok":false,"field":"password","error":"That password is not right. 2 attempts left before the last two are held for the holder."},"fan":{"officer":[],"actor":0,"holder":0,"bystander":0,"body":null}}
[audit] SECURITY house_bot.password_verified usr_hb_9432_172 User#usr_hb_9432_175
[audit] COMPLIANCE house_bot.designated usr_hb_9432_172 HouseBot#hb_4667f86a25da8d5de6fa2bbe
PASS [postgres] 2.fs09.1 · DESIGNATED · adding an account tells EVERY admin once — the other admin and the actor each get ONE row linking to the account's DESIGNATED event, naming the officer in all three languages — and the holder and a bystander get nothing (D19c) — {"result":{"ok":true,"href":"/admin/desk/hb_4667f86a25da8d5de6fa2bbe?tab=rules","note":"It is on the desk, stopped, with no limits of its own set yet.","warn":false},"fan":{"officer":[["House bot \"Alert check designate\" · DESIGNATED · 04:43:26","/admin/desk/
PASS [postgres] 2.fs09.3c · CONTROL · a Start the rules REFUSE tells nobody — the account stays paused and no STARTED row appears anywhere — {"result":{"ok":false,"error":"The saved rules do not allow a start yet. Open Rules, review them, save, then start.","href":"/admin/desk/hb_4667f86a25da8d5de6fa2bbe?tab=rules","hrefLabel":"Open Rules"},"fan":{"officer":[],"actor":0,"holder":0,"bystander":0,"bo
[audit] SECURITY house_bot.password_rejected usr_hb_9432_172 HouseBot#hb_4667f86a25da8d5de6fa2bbe
PASS [postgres] 2.fs09.2c · CONTROL · a re-verify REFUSED on a wrong password tells nobody — {"result":{"ok":false,"error":"That password is not right. 2 attempts left before the last two are held for the holder.","field":"password"},"fan":{"officer":[],"actor":0,"holder":0,"bystander":0,"body":null}}
[audit] SECURITY house_bot.password_verified usr_hb_9432_172 HouseBot#hb_4667f86a25da8d5de6fa2bbe
PASS [postgres] 2.fs09.2 · VERIFIED · confirming the holder's permission tells EVERY admin once, linking to the VERIFIED event and naming the officer — the holder is told nothing — {"result":{"ok":true,"changed":true,"note":"The holder's permission is confirmed again. Start the account when you are ready.","warn":false},"fan":{"officer":[["House bot \"Alert check designate\" · VERIFIED · 04:43:26","/admin/desk/hb_4667f86a25da8d5de6fa2bbe
[audit] COMPLIANCE house_bot.started usr_hb_9432_172 HouseBot#hb_9432_177
PASS [postgres] 2.fs09.3 · STARTED · a Start that lands tells EVERY admin once, linking to the STARTED event and naming the officer — the holder is told nothing — {"result":{"ok":true,"changed":true,"note":"It is started, but the desk's master switch is off, so nothing will be staked until the desk is switched on.","warn":true},"fan":{"officer":[["House bot \"Bot 177\" · STARTED · 04:43:26","/admin/desk/hb_9432_177?tab=
PASS [postgres] 2.fs09.3n · CONTROL · pressing Start on an account that is ALREADY running changes nothing and tells nobody — {"result":{"ok":true,"changed":false,"note":"This account was already running. Nothing changed.","warn":false},"fan":{"officer":[],"actor":0,"holder":0,"bystander":0,"body":null}}
[audit] COMPLIANCE house_bot.rules_saved usr_hb_9432_172 HouseBot#hb_9432_179
PASS [postgres] 2.fs09.4 · RULES_SAVED · a rules save that moves several fields tells EVERY admin once, linking to its RULES_SAVED event, with EVERY moved field's before → after in the one sentence — the cap as money, the delay with its unit symbol and its section — {"result":{"ok":true,"rulesVersion":3,"changed":1,"rulesChanged":true,"recorded":true,"warnings":[]},"fan":{"officer":[["House bot \"Bot 179\" · RULES_SAVED · 04:43:27","/admin/desk/hb_9432_179?tab=history&event=hbe_90637be993ed73e9f5d77b49"]],"actor":1,"holde
[audit] COMPLIANCE house_bot.rules_saved usr_hb_9432_172 HouseBot#hb_9432_179
PASS [postgres] 2.fs09.4b · RULES_SAVED · a save that moves ONE field says exactly that field, from and to, in the copy's own three slots — and nothing it did not move — {"result":{"ok":true,"rulesVersion":4,"changed":0,"rulesChanged":true,"recorded":true,"warnings":[]},"fan":{"officer":[["House bot \"Bot 179\" · RULES_SAVED · 04:43:27","/admin/desk/hb_9432_179?tab=history&event=hbe_2a63ffa9504c0698155cb9ff"]],"actor":1,"holde
[audit] COMPLIANCE house_bot.rules_saved usr_hb_9432_172 HouseBot#hb_9432_179
PASS [postgres] 2.fs09.4n · CONTROL · a rules save that moves NOTHING still lands (the version advances) and tells nobody — an alert saying the rules changed would be false — {"result":{"ok":true,"rulesVersion":5,"changed":0,"rulesChanged":true,"recorded":true,"warnings":[]},"fan":{"officer":[],"actor":0,"holder":0,"bystander":0,"body":null}}
PASS [postgres] 2.fs09.4c · CONTROL · a rules save REFUSED as stale tells nobody, and the stored delay is untouched — {"result":{"ok":false,"error":"Someone else changed this account while this page was open. Nothing was saved — reload the page and make the change again."},"fan":{"officer":[],"actor":0,"holder":0,"bystander":0,"body":null}}
[audit] COMPLIANCE house_bot.limits_saved usr_hb_9432_172 HouseBotControl#global
PASS [postgres] 2.fs09.5 · LIMITS_SAVED · the desk's limits save writes its OWN history row — no account, no holder, the officer as actor — which the save had never written — {"result":{"ok":true,"limitsVersion":51,"changed":1,"recorded":true,"warnings":[]},"event":{"houseBotId":null,"userId":null,"actorId":"usr_hb_9432_172"}}
PASS [postgres] 2.fs09.5b · LIMITS_SAVED · and it tells EVERY admin once, as the DESK's change: no account in the title, the link on the desk's own history at that row, the one moved limit from and to — {"fan":{"officer":[["House bots · LIMITS_SAVED · 04:43:27","/admin/desk?tab=history&event=hbe_323d6638d73702a9143f219f"]],"actor":1,"holder":0,"bystander":0,"body":"The global limits changed — Bell alerts per hour: 20 → 21 by Officer Fs09. Recorded in the hous
[audit] COMPLIANCE house_bot.limits_saved usr_hb_9432_172 HouseBotControl#global
PASS [postgres] 2.fs09.5n · CONTROL · a limits save that moves NOTHING still lands (the version advances) and tells nobody — {"result":{"ok":true,"limitsVersion":52,"changed":0,"recorded":true,"warnings":[]},"fan":{"officer":[],"actor":0,"holder":0,"bystander":0,"body":null}}
PASS [postgres] 2.fs09.5c · CONTROL · a limits save REFUSED as stale tells nobody, and the limit is untouched — {"result":{"ok":false,"error":"Someone else changed these limits while this page was open. Nothing was saved — reload the page and make the change again."},"fan":{"officer":[],"actor":0,"holder":0,"bystander":0,"body":null}}
[audit] COMPLIANCE house_bot.limits_saved usr_hb_9432_172 HouseBotControl#global
PASS [postgres] 2.fs09.5r · putting the limit back is a save like any other — one row per admin, from and to reversed — and the desk is where this block found it — {"result":{"ok":true,"limitsVersion":53,"changed":1,"recorded":true,"warnings":[]},"fan":{"officer":[["House bots · LIMITS_SAVED · 04:43:27","/admin/desk?tab=history&event=hbe_28a4a470f51b2f2a144b7cb0"]],"actor":1,"holder":0,"bystander":0,"body":"The global li
PASS [postgres] 2.fs09.5z · the net · whatever stopped the lines above, the shared bell limit is back where this block found it before any later block reads the desk — {"found":20,"now":20,"stoppedBy":null}
[audit] ADMIN house_bot.paused usr_hb_9432_172 HouseBot#hb_9432_181
PASS [postgres] 2.fs09.6 · PAUSED · a Pause by hand tells EVERY admin once, linking to the PAUSED event and naming the officer, and points at the reason its event keeps — {"result":{"ok":true,"changed":true,"note":null,"warn":false},"fan":{"officer":[["House bot \"Bot 181\" · PAUSED · 04:43:27","/admin/desk/hb_9432_181?tab=history&event=hbe_7d04120ef7059dbdb1157fb0"]],"actor":1,"holder":0,"bystander":0,"body":"The bot was pause
PASS [postgres] 2.fs09.6n · CONTROL · pausing an account that is not running changes nothing and tells nobody — {"result":{"ok":true,"changed":false,"note":"This account was not running. Nothing changed.","warn":false},"fan":{"officer":[],"actor":0,"holder":0,"bystander":0,"body":null}}
PASS [postgres] 2.fs09.7c · CONTROL · a Remove REFUSED on the wrong typed word tells nobody, and the account is still on the desk — {"result":{"ok":false,"error":"Type REMOVE exactly, in capitals, to confirm.","field":"typed"},"fan":{"officer":[],"actor":0,"holder":0,"bystander":0,"body":null}}
[audit] COMPLIANCE house_bot.removed usr_hb_9432_172 HouseBot#hb_9432_183
PASS [postgres] 2.fs09.7 · REMOVED · a Remove tells EVERY admin once, linking to the REMOVED event and naming the officer — {"result":{"ok":true,"changed":true,"note":null,"warn":false},"fan":{"officer":[["House bot \"Bot 183\" · REMOVED · 04:43:27","/admin/desk/hb_9432_183?tab=history&event=hbe_1c13d07c9715361a040a1afc"]],"actor":1,"holder":0,"bystander":0,"body":"The bot was remo
PASS [postgres] 2.fs09.t · teardown · every account this block created is off the roster again (the 20 slots are shared) — {"created":5,"stillLive":0}

[postgres] §2k · step 9 — every desk table sorts, and none can grow past a page
[audit] ADMIN market.created usr_hb_officer Market#mkt_01d8b222a1c890e09fd8
[audit] BET market.position.opened usr_hb_9432_184 Position#pos_6db11edf1c33b10a2eb1
[audit] ADMIN market.created usr_hb_officer Market#mkt_92ea67580381955d22e1
[audit] BET market.position.opened usr_hb_9432_184 Position#pos_19d02f2832647497af23
[audit] ADMIN market.created usr_hb_officer Market#mkt_c2463a4b726500ea8860
[audit] BET market.position.opened usr_hb_9432_184 Position#pos_cd99e49094b8eb6c57bd
[audit] ADMIN market.created usr_hb_officer Market#mkt_1b5cf932226c7759466e
[audit] BET market.position.opened usr_hb_9432_184 Position#pos_61ae8f2ad354b1c682af
PASS [postgres] 1.s9 · ledger · Stake · every page, concatenated, is in stake order BOTH ways with the panel's own order (newest first, the id last) breaking every tie — computed here from each stake's stored facts, and equal on this store — {"asc":["hbi_s99432_r15","hbi_s99432_r12","hbi_s99432_r10","hbi_s99432_r06"],"want":["hbi_s99432_r15","hbi_s99432_r12","hbi_s99432_r10","hbi_s99432_r06"]}
PASS [postgres] 1.s9 · ledger · When · oldest first is the EXACT reverse of the panel's own order, and newest first IS it — {"asc":["hbi_s99432_t1","hbi_s99432_t2","hbi_x_9432_186"]}
PASS [postgres] 1.s9 · ledger · Outcome · the chip in lifecycle order — queued, in flight, placed, won, lost, void, then the ways a stake ends unplaced — ranked by the POSITION's result where there is one, both ways — {"asc":["PENDING","PENDING","PENDING","PENDING","PENDING","CLAIMED","PLACED","WIN"]}
PASS [postgres] 1.s9 · ledger · Outcome · CONTROL · the painted chips really run in that order down the pages, the four ways a placed stake ended are all on the table, and a planted swap is reported — ["Queued","Queued","Queued","Queued","Queued","In flight","Placed","Won","Lost","Void"]
PASS [postgres] 1.s9 · ledger · ties · two stakes of one amount at ONE instant, stored against id order, come back in the id order the default tail names — in BOTH directions of the Stake sort, so the order is total — {"asc":[13,14],"desc":[10,11]}
PASS [postgres] 1.s9 · ledger · a bare address is EXACTLY today's order — the panel's own newest-first, on every page — and it marks When in force, newest first — {"current":"when-eat","note":"Newest first."}
PASS [postgres] 1.s9 · ledger · CONTROL · the orders really differ from one another and from the bare address, and the population spans two pages — so the equalities above are measurements — {"pages":2}
PASS [postgres] 1.s9 · ledger · every row's Opening, Closing, Left today, stake, time and chip are IDENTICAL under every sort and on whichever page it lands — []
PASS [postgres] 1.s9 · ledger · CONTROL · the fixture really paints running figures for that to be a measurement, and the comparison fires on a row whose closing is planted — {"withMoney":24}
PASS [postgres] 1.s9 · anchored · a bell's row followed onto a SORTED address lands on the page the row holds IN THAT ORDER, flagged, with the sort kept in force — {"page":2,"rankSorted":24,"anchored":["hbi_s99432_anchor"]}
PASS [postgres] 1.s9 · anchored · CONTROL · the same bell with NO sort lands on the panel's own page for it (the unchanged counting rank), and the two pages really differ — {"bare":1,"sorted":2,"rankBare":1,"rankSorted":24}
PASS [postgres] 1.s9 · anchored · the store's own rank is the row's place in the order it pages by, on this store — and a row outside the population has none — {"rankStore":24,"rankSorted":24,"rankNone":null}
PASS [postgres] 1.s9 · notes · the order note says the order IN FORCE — a sorted ledger never says "Newest first." — ["Largest stake first, then newest first.","Oldest first.","By outcome, queued first, then newest first."]
PASS [postgres] 1.s9 · links · the sort rides every rail link and the pager's base, a filter rides the headers' parameters, and no link keeps the page — {"href":"/admin/desk/hb_9432_185?tab=activity&sort=stake&dir=asc","params":{"tab":"activity","kind":"filling","sort":"stake","dir":"asc"},"sort":{"columns":{"when":{"field":"when-eat","label":"When (EAT)"},"stake":{"field":"stake","label":"Stake"},"outcome":{"
PASS [postgres] 1.s9 · links · CONTROL · the rail check reports a link that loses the sort and one that keeps the page
PASS [postgres] 1.s9 · validation · a sort word that is no column of THIS table — a person's field, the desk's Account column on the account page, a repeat — is refused as "sort", a direction that is not one as "sort direction", and the ledger keeps its own order — {"sort":"One part of this address was not understood and was ignored: sort. The rest of the filter is in force.","notHere":"One part of this address was not understood and was ignored: sort. The rest of the filter is in force."}
PASS [postgres] 1.s9 · validation · a DIRECTION with no column to reverse — the Targets grid is in its own order — is refused as "sort direction" and nothing is in force — {"refusal":"One part of this address was not understood and was ignored: sort direction. The rest of the filter is in force.","params":{"tab":"targets"}}
PASS [postgres] 1.s9 · validation · refused sort words travel NOWHERE — not into any panel's parameters, not into a header's parts, not into a rail link — and ONE sentence names both kinds once — {"refusal":"Parts of this address were not understood and were ignored: sort and sort direction. The rest of the filter is in force."}
PASS [postgres] 1.s9 · validation · CONTROL · a clean address is refused nothing and EVERY part of it is carried, and the travel scan fires on a planted value — {"feed":{"tab":"activity","sort":"outcome","dir":"asc"},"history":{"tab":"history","hdir":"asc"},"targets":{"tab":"targets","tsort":"poll","tdir":"asc"}}
[audit] ADMIN market.created usr_hb_officer Market#mkt_2ba27c7ae7b9333196ed
[audit] BET market.position.opened usr_hb_9432_193 Position#pos_156e1b8968f606505ed6
[audit] ADMIN market.created usr_hb_officer Market#mkt_6a522d30388b44a5df52
[audit] BET market.position.opened usr_hb_9432_193 Position#pos_8c8a6ec6fb3191696774
[audit] ADMIN market.created usr_hb_officer Market#mkt_6b2d060a52f7a0026331
[audit] BET market.position.opened usr_hb_9432_195 Position#pos_99eb9f34212b93deae77
PASS [postgres] 1.s9 · roster · every one of its six sortable columns orders every page both ways by the figure its CELL paints — the label A to Z ignoring case, the two used amounts, the lifecycle, today's count, the last bet — with designation and then the id breaking every tie — []
PASS [postgres] 1.s9 · roster · missing · an account whose limit is not set paints no figure and sorts LAST in BOTH directions, and accounts that never bet have no last bet and sort last both ways too — {"lossAsc":"hb_9432_200","d":"hb_9432_200"}
PASS [postgres] 1.s9 · roster · ties · two accounts designated in the SAME millisecond, stored against id order, tie on today's count and come back in id order in BOTH directions — {"asc":[0,1],"desc":[6,7]}
PASS [postgres] 1.s9 · roster · Account · CONTROL · case-folding is really exercised — "B-…" sorts between "a-…" and "c-…" though code-unit order would put it first — and the pair checker reports the ascending walk read as descending — ["a-s99432","B-s99432","c-s99432","d-s99432","tie a s99432"]
PASS [postgres] 1.s9 · roster · a bare address is EXACTLY today's order — designation, oldest first, as the roster read returns it — with NO header in force, and every account appears exactly once — {"current":""}
PASS [postgres] 1.s9 · roster pager · twenty to a page over the WHOLE roster's count — never the page's length — the pages together are the roster exactly once, and a page past the end is the last page with its rows — {"total":34,"roster":34,"past":2}
PASS [postgres] 1.s9 · roster pager · CONTROL · a page that is not a whole number is refused BY NAME and page 1 is served — "One part of this address was not understood and was ignored: page. The rest of the filter is in force."
PASS [postgres] 1.s9 · roster · validation · a sort word that is no roster column is refused as "sort", a direction with no column as "sort direction", and the roster keeps its own order; a clean pair is honoured and carried — {"sort":"One part of this address was not understood and was ignored: sort. The rest of the filter is in force.","dirOnly":"One part of this address was not understood and was ignored: sort direction. The rest of the filter is in force.","clean":{"rsort":"stat
PASS [postgres] 1.s9 · desk ledger · Account · every page, concatenated, is in the ROSTER's label order both ways — A to Z ignoring case, then designation — each account's stakes newest first, and every stake of an account no longer on the desk LAST in BOTH directions — {"asc":[],"desc":[]}
PASS [postgres] 1.s9 · desk ledger · Account · CONTROL · the walk covers the whole desk (the bare address's every row), holds several named accounts, and the pair checker reports the ascending walk read as descending — {"rows":98,"bare":98}
PASS [postgres] 1.s9 · desk ledger · Stake · the painted stake runs in order down every page both ways, equal stakes newest first — {"first":"TZS 30,000","last":"TZS 1,000"}
PASS [postgres] 1.s9 · desk ledger · Outcome · the painted chip runs in lifecycle order down every page, cancelled first when descending — {"first":"Cancelled"}
PASS [postgres] 1.s9 · anchored · on the DESK-WIDE ledger under the Account order — the one order that waits for the roster — the bell lands on the page its row holds in that order, flagged — {"deskRank":53,"page":3}
PASS [postgres] 1.s9 · desk ledger · links · the desk's own header parts are its four columns, and the Account sort rides the rail and the pager's base with the filter — {"params":{"tab":"activity","outcome":"queued","sort":"account"},"note":"By account, Z to A, then newest first. Accounts no longer on the desk come last."}
PASS [postgres] 1.s9 · desk history · Account · every page in the roster's label order both ways, each account's changes newest first, and the desk's OWN changes and every account no longer on the desk LAST in both directions — {"rows":138,"note":"By account, Z to A, then newest first. The desk's own changes, and accounts no longer on the desk, come last."}
PASS [postgres] 1.s9 · desk history · When · oldest first is the EXACT reverse of the bare address, and the bare address marks When in force with "Newest first." — {"rows":138}
PASS [postgres] 1.s9 · desk history · CONTROL · the history spans pages, and the reverse check reports a sequence that is not reversed — {"pages":7}
PASS [postgres] 1.s9 · anchored · a bell's change followed onto the SORTED desk history lands on the page it holds in that order, flagged — and that page is past the first — {"histRank":75,"page":4}
PASS [postgres] 1.s9 · account history · oldest first is the exact reverse of its own order, and the desk's Account column is refused here — this table has one sortable column — {"rows":3,"refusal":"One part of this address was not understood and was ignored: sort. The rest of the filter is in force."}
PASS [postgres] 1.s9 · targets · Poll · every page in title order both ways — A to Z ignoring case, then code point — with the grid's own order (newest first, the id last) breaking every tie, equal to this block's own computation on this store — {"asc":["Apple","apple","banana","Banana split"],"want":["Apple","apple","banana","Banana split"]}
PASS [postgres] 1.s9 · targets · Status and Last change · the lifecycle Active → Ended → Removed and the instant the grid paints, both ways, each tie in the grid's own order — {"status":["hbt_s99432_22","hbt_s99432_21","hbt_s99432_19"],"lastChange":["hbt_s99432_20","hbt_s99432_14","hbt_s99432_09"]}
PASS [postgres] 1.s9 · targets · a bare address is EXACTLY today's order, newest target first, with NO header in force — the grid's own order is a column nobody sees — {"current":""}
PASS [postgres] 1.s9 · targets · CONTROL · the grid spans two pages, the orders differ from each other and from the bare address, and case-folding is really exercised ("Apple" and "apple" differ only in case)
PASS [postgres] 1.s9 · targets · the grid's parameters carry its sort and its tab — the pager's base — never the page, and page 2 continues the same order — {"tab":"targets","tsort":"poll","tdir":"asc"}
PASS [postgres] 1.s9 · targets · DAL · a stored title that is not a string sorts LAST in both directions, on this store — {"oddAsc":["a","b","n"],"oddDesc":["b","a","n"]}
PASS [postgres] 1.s9 · DAL · a keyset cursor is a position in the DEFAULT order, so a sorted page refuses one on this store — and the default order still takes it — house-bot-dal: a keyset cursor is a position in the default order and cannot page a sorted list
PASS [postgres] 1.s9 · results · a bare address is EXACTLY today's two tables — the same as the reader asked with no address at all — the day in force on By day and nothing in force on By account — {"day":"day-eat","acct":""}
PASS [postgres] 1.s9 · results · By day oldest first is the EXACT reverse of its own order — and window words on the same address move NOTHING: still the same seven days — {"days":["Sun 4 Oct","Mon 5 Oct","Tue 6 Oct","Wed 7 Oct","Thu 8 Oct","Yesterday","Today"]}
PASS [postgres] 1.s9 · results · By day's Result, Stakes placed and State order the seven days both ways by what each cell paints — a day with no result LAST both ways — each tie in the table's own order — []
PASS [postgres] 1.s9 · results · By account orders by the account's label, today's result and the week's both ways — and the line folding every account no longer on the desk has no label and sorts LAST in both directions — {"acctBad":[]}
PASS [postgres] 1.s9 · results · the two tables sort INDEPENDENTLY on one address — each keeps the other's order in its parameters, the tab rides both, and each header row marks its own column — {"tab":"results","daysort":"stakes-placed","daydir":"asc","acctsort":"today"}
PASS [postgres] 1.s9 · results · validation · a sort word that is no column of either table is refused as "sort", both tables keep their own order, and nothing refused rides into the parameters — {"refusal":"One part of this address was not understood and was ignored: sort. The rest of the filter is in force."}
PASS [postgres] 1.s9 · teardown · every account this block designated is off the roster again (the slots are shared) and the master switch is where the block found it — {"designated":10,"left":0}

[postgres] §3 · nothing the desk renders names the feature, in ANY state
PASS [postgres] 3.453 · not one painted string of ANY state carries a house-vocabulary word, or the words bot, house, liquidity or counter-stake — {"states":66,"scanned":15452,"hits":[]}
PASS [postgres] 3.453 · …and the scan really did include the OFF sentence, an unset-limit delta, the roster-full sentence, an `unavailable` value and an empty state — {"states":["fresh","strip-on-with-unset","strip-long-reason","limits-unset","limits-panel","limits-unset-required","limits-unset-one","limits-at-over","roster-at-over","limits-unreadable","limits-day-failed","limits-schema","default","roster-failed","money-fai
PASS [postgres] 3.453 · C7 437 · …and the scan really did include the Results tab's own words — a profit, a loss, Even, Nothing settled, No stakes, the failed read, both states and both removed-accounts lines — {"states":[["results-rows",278],["results-day-failed",275],["results-removed-many",273]]}
PASS [postgres] 3.453 · decision 4 · …and the scan really did include the find step's account list — its heading, both chip rows, its failed and its filtered-empty states, the Never word, an EAT hover title and a rail link — {"states":[["wizard-list-failed",68],["wizard-list-empty",71],["wizard-list",166],["wizard-list-refused",167],["wizard-list-filtered",172],["wizard-list-copy",39]]}
PASS [postgres] 3.453 · CONTROL · the top-level sweep reaches every string key of the shell, `rosterFullPlain`, the two hrefs and the day key included — the four a typed list had left out — {"sweptKeys":["stateSentence","limitsHref","limitsFirstUnsetHref","rosterFullReason","rosterFullPlain","designateHref","dayKey"],"copied":472}
PASS [postgres] 3.453 · 474 · CONTROL · an operator's typed reason carrying a house word does NOT fire the lexicon — and the same words in the console's OWN copy DO — {"exempted":[],"copy":["bots on for the weekend"]}
PASS [postgres] 3.453 · 474 · CONTROL · a row's operator-chosen `label` is outside the scan, while the same words in the row's own STATUS word are inside it
PASS [postgres] 3.453 · 474 · CONTROL · the account page's TOP-LEVEL `label` is exempt by NAME, while the same words one key away are not — ["label","switchedReason","marketTitle"]
PASS [postgres] 3.453.c1 · CONTROL · the same test fires on each of the shared vocabulary's own samples and on the words 453 adds, and does NOT fire on an innocent word that merely contains one — []
PASS [postgres] 1.318pg · every declared `console-pg` mutation names an assertion THIS run actually printed — an `expect` that matches no label can only ever report WRONG-ASSERTION — {"declared":3,"otherSuites":["console-mem:359-missing-card","console-mem:359-missing-flag","console-mem:359-phone-term","console-mem:359-gate-late","console-mem:459-balance","console-mem:453-elig-passthrough","console-mem:453-elig-gap","console-mem:356-wizard-
PASS [postgres] 1.318pg · CONTROL · the roll-call reads this run's own labels and this suite's own source, so a drifted `expect` IS reported and an invented one is never found — {"labels":803,"mine":3,"firstFound":true,"sentinelRefused":true}

@@SUMMARY {"pass":803,"fail":1}

FAILURES — house-bot-console [postgres]: 803 passed, 1 failed
[audit] NOT RECORDED — AUDIT_CHAIN_SECRET must be set in production and distinct from SESSION_SECRET · house_bot.limits_saved · aud_bmv1qctu6c440c4_000000014
[house-bot] the limits_saved compliance row could not be written (the limits DID change): UNSIGNED
[email] sendEmailToUser skipped — no email for user usr_hb_9432_13… (user.email=null, phone=+25578…)
[email] sendEmailToUser skipped — no email for user usr_hb_9432_13… (user.email=null, phone=+25571…)
[email] sendEmailToUser skipped — no email for user usr_hb_9432_13… (user.email=null, phone=+25579…)
[email] sendEmailToUser skipped — no email for user usr_hb_9432_14… (user.email=null, phone=+25571…)
[email] sendEmailToUser skipped — no email for user usr_hb_9432_14… (user.email=null, phone=+25578…)
[email] sendEmailToUser skipped — no email for user usr_hb_9432_14… (user.email=null, phone=+25570…)
[email] sendEmailToUser skipped — no email for user usr_hb_9432_14… (user.email=null, phone=+25576…)
[email] sendEmailToUser skipped — no email for user usr_hb_9432_14… (user.email=null, phone=+25575…)
[email] sendEmailToUser skipped — no email for user usr_hb_9432_15… (user.email=null, phone=+25577…)
[email] sendEmailToUser skipped — no email for user usr_hb_9432_13… (user.email=null, phone=+25578…)
[email] sendEmailToUser skipped — no email for user usr_hb_9432_13… (user.email=null, phone=+25571…)
[email] sendEmailToUser skipped — no email for user usr_hb_9432_13… (user.email=null, phone=+25579…)
[email] sendEmailToUser skipped — no email for user usr_hb_9432_14… (user.email=null, phone=+25570…)
[email] sendEmailToUser skipped — no email for user usr_hb_9432_15… (user.email=null, phone=+25577…)
[audit] NOT RECORDED — AUDIT_CHAIN_SECRET must be set in production and distinct from SESSION_SECRET · probe.543.absent · aud_bmv1qctu6c440c4_000000125
[audit] NOT RECORDED — AUDIT_CHAIN_SECRET must be set in production and distinct from SESSION_SECRET · probe.543.same · aud_bmv1qctu6c440c4_000000126
[audit] NOT RECORDED — AUDIT_CHAIN_SECRET must be set in production and distinct from SESSION_SECRET · house_bot.switch_on · aud_bmv1qctu6c440c4_000000128
[house-bot] the switch_on compliance row could not be written (the desk IS on): UNSIGNED
[audit] NOT RECORDED — AUDIT_CHAIN_SECRET must be set in production and distinct from SESSION_SECRET · house_bot.switch_off · aud_bmv1qctu6c440c4_000000134
[audit] NOT RECORDED — AUDIT_CHAIN_SECRET must be set in production and distinct from SESSION_SECRET · house_bot.switch_off · aud_bmv1qctu6c440c4_000000135
[audit] NOT RECORDED — AUDIT_CHAIN_SECRET must be set in production and distinct from SESSION_SECRET · house_bot.started · aud_bmv1qctu6c440c4_000000141
[audit] NOT RECORDED — AUDIT_CHAIN_SECRET must be set in production and distinct from SESSION_SECRET · house_bot.password_verified · aud_bmv1qctu6c440c4_000000143
[audit] NOT RECORDED — AUDIT_CHAIN_SECRET must be set in production and distinct from SESSION_SECRET · house_bot.designated · aud_bmv1qctu6c440c4_000000144
[audit] NOT RECORDED — AUDIT_CHAIN_SECRET must be set in production and distinct from SESSION_SECRET · house_bot.rules_saved · aud_bmv1qctu6c440c4_000000147
[house-bot] the rules_saved compliance row could not be written (the rules DID change): UNSIGNED
[audit] NOT RECORDED — AUDIT_CHAIN_SECRET must be set in production and distinct from SESSION_SECRET · house_bot.paused · aud_bmv1qctu6c440c4_000000149
[house-bot] the house_bot.paused compliance row could not be written (the account DID move): UNSIGNED
[audit] NOT RECORDED — AUDIT_CHAIN_SECRET must be set in production and distinct from SESSION_SECRET · house_bot.removed · aud_bmv1qctu6c440c4_000000150
[house-bot] the house_bot.removed compliance row could not be written (the account DID move): UNSIGNED
[audit] NOT RECORDED — AUDIT_CHAIN_SECRET must be set in production and distinct from SESSION_SECRET · house_bot.staff_intent_cancelled · aud_bmv1qctu6c440c4_000000153
FAIL 0.pg · the Postgres run exits 0 with assertions and no failure — exit 1 · 803 passed (at least 804) · 1 failed

FAILURES — test:house-bot-console: 1 passed, 2 failed
   swept 1 lingering postgres process(es).

Scratch cluster stopped. Command exited 1.
